student_id,resident_id,email,student_name,college,department,grade,gender,admission_type,gpa_current,gpa_prev_semester,gpa_drop_amount,earned_credits,attendance_rate,failed_course_count,lms_access_days_monthly,extracurricular_hours,extracurricular_program_count,competency_gap_score,counseling_session_count,is_risk_student
2022110001,031108-4210268,std_2022110001@dongguk.edu,학생_1,경영대학,회계학과,4,F,논술위주,2.87,2.97,0.1,18,90.3,0,20,25.2,4,44.6,,0
2021110002,021127-3970910,std_2021110002@dongguk.edu,학생_2,공과대학,기계로봇에너지공학과,4,M,교과위주(학교장추천),4.36,3.83,-0.53,18,94.3,0,14,25.2,4,24.8,2.0,0
2021110003,020928-4339629,std_2021110003@dongguk.edu,학생_3,바이오시스템대학,바이오환경과학과,4,F,수능위주(정시),3.22,3.22,-0.0,18,89.8,0,19,27.9,4,17.3,1.0,0
2023110004,040226-3302283,std_2023110004@dongguk.edu,학생_4,사범대학,국어교육과,3,M,교과위주(학교장추천),2.3,3.89,1.0,15,73.4,1,2,0.0,0,74.3,1.0,1
2023110005,040915-4476896,std_2023110005@dongguk.edu,학생_5,공과대학,컴퓨터인공지능전공,3,F,교과위주(학교장추천),1.62,2.62,1.0,9,65.6,3,7,7.9,1,67.5,0.0,1
2023110006,040201-3451279,std_2023110006@dongguk.edu,학생_6,문과대학,영어영문학전공,3,M,교과위주(학교장추천),3.26,3.69,0.43,15,85.8,1,24,28.7,4,37.4,1.0,0
2023110007,040915-4318126,std_2023110007@dongguk.edu,학생_7,공과대학,기계로봇에너지공학과,3,F,학생부종합(DoDream),2.8,3.25,0.45,18,96.3,0,23,46.9,7,46.2,1.0,0
2024110008,050921-3626981,std_2024110008@dongguk.edu,학생_8,문과대학,철학과,2,M,교과위주(학교장추천),3.86,3.8,-0.05,15,92.7,1,16,32.5,5,16.9,,0
2022110009,030307-4551269,std_2022110009@dongguk.edu,학생_9,문과대학,국어국문학과,4,F,수능위주(정시),2.98,2.94,-0.04,18,95.6,0,16,38.0,5,29.8,0.0,0
2024110010,051117-3325281,std_2024110010@dongguk.edu,학생_10,문과대학,영어영문학전공,2,M,논술위주,2.52,2.46,-0.06,15,93.9,1,15,31.7,5,18.5,2.0,0
2022110011,030624-4468452,std_2022110011@dongguk.edu,학생_11,경영대학,회계학과,4,F,수능위주(정시),3.02,2.78,-0.25,18,91.7,0,26,32.7,5,30.1,3.0,0
2021110012,020901-3577095,std_2021110012@dongguk.edu,학생_12,문과대학,영어영문학전공,4,M,교과위주(학교장추천),1.21,2.94,1.72,9,64.9,3,8,0.3,0,67.7,1.0,1
2024110013,051205-4217796,std_2024110013@dongguk.edu,학생_13,바이오시스템대학,식품생명공학과,2,F,학생부종합(DoDream),4.31,4.05,-0.27,15,92.9,1,24,30.5,4,41.0,3.0,0
2021110014,020325-3867836,std_2021110014@dongguk.edu,학생_14,공과대학,정보통신공학과,4,M,수능위주(정시),2.2,1.7,-0.33,18,93.9,0,23,33.6,5,34.2,1.0,0
2022110015,030606-4234508,std_2022110015@dongguk.edu,학생_15,문과대학,철학과,4,F,논술위주,2.2,1.87,-0.21,18,97.4,0,21,51.8,7,29.7,3.0,0
2022110016,031214-3398356,std_2022110016@dongguk.edu,학생_16,바이오시스템대학,바이오환경과학과,4,M,학생부종합(DoDream),3.5,3.29,-0.21,18,87.9,0,16,18.9,3,37.1,3.0,0
2021110017,020215-4373237,std_2021110017@dongguk.edu,학생_17,문과대학,사학과,4,F,논술위주,3.34,3.04,-0.3,18,95.7,0,17,17.3,2,13.1,3.0,0
2024110018,051007-3320984,std_2024110018@dongguk.edu,학생_18,경영대학,경영학과,2,M,교과위주(학교장추천),4.1,3.81,-0.29,18,88.0,0,18,24.8,4,53.1,1.0,0
2024110019,050120-4170313,std_2024110019@dongguk.edu,학생_19,바이오시스템대학,생명과학과,2,F,논술위주,2.55,2.28,-0.27,18,96.2,0,14,24.5,3,23.5,2.0,0
2021110020,020228-3970045,std_2021110020@dongguk.edu,학생_20,공과대학,기계로봇에너지공학과,4,M,논술위주,3.46,3.91,0.45,18,91.3,0,19,32.3,5,26.8,0.0,0
2022110021,030705-4737717,std_2022110021@dongguk.edu,학생_21,경영대학,경영정보학과,4,F,교과위주(학교장추천),1.72,2.86,1.14,15,73.8,1,5,2.2,0,58.4,0.0,1
2022110022,031022-3460260,std_2022110022@dongguk.edu,학생_22,바이오시스템대학,식품생명공학과,4,M,수능위주(정시),3.17,3.76,0.59,18,90.1,0,21,22.0,3,30.6,2.0,0
2024110023,051218-4636226,std_2024110023@dongguk.edu,학생_23,경영대학,경영학과,2,F,학생부종합(DoDream),3.49,3.56,0.07,18,91.5,0,23,19.4,3,23.8,0.0,0
2024110024,050804-3160692,std_2024110024@dongguk.edu,학생_24,사범대학,국어교육과,2,M,학생부종합(DoDream),3.02,3.17,0.15,18,86.8,0,15,29.5,4,28.0,0.0,0
2023110025,040725-4954882,std_2023110025@dongguk.edu,학생_25,공과대학,컴퓨터인공지능전공,3,F,학생부종합(DoDream),3.92,3.86,-0.06,18,97.4,0,21,22.7,3,31.0,0.0,0
2021110026,021225-3766490,std_2021110026@dongguk.edu,학생_26,공과대학,컴퓨터인공지능전공,4,M,논술위주,3.37,3.43,0.06,15,100.0,1,21,32.9,5,35.0,1.0,0
2021110027,020810-4818216,std_2021110027@dongguk.edu,학생_27,바이오시스템대학,생명과학과,4,F,수능위주(정시),3.86,3.68,-0.18,18,93.1,0,11,39.7,6,27.0,1.0,0
2023110028,040809-3405062,std_2023110028@dongguk.edu,학생_28,경영대학,경영학과,3,M,교과위주(학교장추천),3.08,3.18,0.1,15,92.6,1,21,26.2,4,30.1,,0
2023110029,040425-4738353,std_2023110029@dongguk.edu,학생_29,공과대학,컴퓨터인공지능전공,3,F,수능위주(정시),3.09,3.06,-0.04,18,91.6,0,16,19.1,3,17.9,3.0,0
2021110030,020904-3644447,std_2021110030@dongguk.edu,학생_30,문과대학,사학과,4,M,학생부종합(DoDream),4.27,3.87,-0.4,18,91.4,0,18,22.8,3,36.5,0.0,0
2023110031,040818-4418714,std_2023110031@dongguk.edu,학생_31,공과대학,전자전기공학부,3,F,교과위주(학교장추천),3.62,3.7,0.07,18,89.6,0,19,36.4,5,14.1,,0
2024110032,050105-3984574,std_2024110032@dongguk.edu,학생_32,경영대학,경영정보학과,2,M,학생부종합(DoDream),3.07,3.22,0.15,18,88.6,0,17,15.5,2,20.6,0.0,0
2023110033,040228-4605950,std_2023110033@dongguk.edu,학생_33,공과대학,정보통신공학과,3,F,수능위주(정시),3.96,4.0,0.04,18,98.6,0,19,33.7,5,36.5,2.0,0
2024110034,051202-3106949,std_2024110034@dongguk.edu,학생_34,경영대학,회계학과,2,M,수능위주(정시),3.68,3.71,0.03,15,85.9,1,27,26.2,4,11.2,0.0,0
2021110035,020817-4842729,std_2021110035@dongguk.edu,학생_35,바이오시스템대학,바이오환경과학과,4,F,수능위주(정시),3.13,2.68,-0.45,18,97.7,0,28,13.0,2,46.1,3.0,0
2022110036,030303-3526650,std_2022110036@dongguk.edu,학생_36,경영대학,회계학과,4,M,학생부종합(DoDream),2.89,2.69,-0.2,18,88.3,0,19,43.6,6,30.4,,0
2024110037,050922-4883415,std_2024110037@dongguk.edu,학생_37,바이오시스템대학,식품생명공학과,2,F,교과위주(학교장추천),3.28,3.1,-0.18,18,96.3,0,18,5.0,1,14.8,0.0,0
2021110038,021124-3358930,std_2021110038@dongguk.edu,학생_38,경영대학,경영정보학과,4,M,논술위주,2.3,4.3,1.25,12,81.0,2,3,1.3,0,62.8,,1
2022110039,031012-4366776,std_2022110039@dongguk.edu,학생_39,바이오시스템대학,바이오환경과학과,4,F,교과위주(학교장추천),3.77,3.44,-0.33,18,100.0,0,22,38.8,6,49.9,0.0,0
2022110040,031002-3699991,std_2022110040@dongguk.edu,학생_40,문과대학,영어영문학전공,4,M,학생부종합(DoDream),2.44,2.64,0.2,18,94.6,0,19,28.5,4,38.2,2.0,0
2023110041,040313-4984011,std_2023110041@dongguk.edu,학생_41,공과대학,정보통신공학과,3,F,수능위주(정시),3.14,3.3,0.16,18,100.0,0,21,24.1,3,21.2,0.0,0
2023110042,040106-3866641,std_2023110042@dongguk.edu,학생_42,문과대학,국어국문학과,3,M,논술위주,2.2,2.55,0.6,18,91.6,0,17,39.1,6,24.9,3.0,0
2023110043,040811-4535048,std_2023110043@dongguk.edu,학생_43,바이오시스템대학,생명과학과,3,F,논술위주,2.76,2.66,-0.11,18,85.2,0,21,36.0,5,25.9,1.0,0
2024110044,050601-3318134,std_2024110044@dongguk.edu,학생_44,문과대학,국어국문학과,2,M,학생부종합(DoDream),2.84,2.27,-0.57,18,99.7,0,23,34.9,5,47.1,0.0,0
2022110045,030105-4132154,std_2022110045@dongguk.edu,학생_45,경영대학,회계학과,4,F,교과위주(학교장추천),3.39,3.49,0.1,18,98.2,0,17,36.9,5,25.6,2.0,0
2023110046,040227-3247550,std_2023110046@dongguk.edu,학생_46,경영대학,회계학과,3,M,논술위주,4.16,3.86,-0.29,18,91.3,0,23,9.0,1,27.3,2.0,0
2024110047,050416-4605155,std_2024110047@dongguk.edu,학생_47,바이오시스템대학,바이오환경과학과,2,F,교과위주(학교장추천),3.05,3.22,0.17,18,91.5,0,18,19.3,3,39.5,2.0,0
2023110048,040515-3418408,std_2023110048@dongguk.edu,학생_48,경영대학,회계학과,3,M,교과위주(학교장추천),2.3,3.7,1.21,6,59.6,4,1,2.7,0,66.0,1.0,1
2022110049,030720-4906388,std_2022110049@dongguk.edu,학생_49,사범대학,수학교육과,4,F,학생부종합(DoDream),2.3,4.3,1.46,15,69.8,1,2,4.0,1,66.9,0.0,1
2022110050,030327-3551282,std_2022110050@dongguk.edu,학생_50,공과대학,정보통신공학과,4,M,학생부종합(DoDream),3.19,2.78,-0.41,18,96.8,0,28,43.5,6,24.4,3.0,0
2022110051,030707-4410914,std_2022110051@dongguk.edu,학생_51,문과대학,영어영문학전공,4,F,논술위주,1.0,1.7,0.96,9,85.0,3,5,4.1,1,56.5,0.0,1
2023110052,040915-3562052,std_2023110052@dongguk.edu,학생_52,공과대학,컴퓨터인공지능전공,3,M,교과위주(학교장추천),2.82,2.77,-0.06,18,96.8,0,21,40.5,6,19.9,2.0,0
2022110053,030207-4890857,std_2022110053@dongguk.edu,학생_53,공과대학,전자전기공학부,4,F,학생부종합(DoDream),2.85,2.72,-0.13,18,98.2,0,25,6.5,1,37.6,1.0,0
2022110054,030512-3220674,std_2022110054@dongguk.edu,학생_54,사범대학,국어교육과,4,M,교과위주(학교장추천),2.7,2.69,-0.01,18,92.5,0,19,45.6,7,36.7,1.0,0
2023110055,040426-4338009,std_2023110055@dongguk.edu,학생_55,사범대학,국어교육과,3,F,논술위주,3.79,3.78,-0.0,18,99.4,0,19,5.0,1,24.4,2.0,0
2024110056,050627-3104263,std_2024110056@dongguk.edu,학생_56,공과대학,컴퓨터인공지능전공,2,M,학생부종합(DoDream),3.96,3.91,-0.05,18,99.6,0,18,27.7,4,28.8,0.0,0
2023110057,041021-4808362,std_2023110057@dongguk.edu,학생_57,공과대학,기계로봇에너지공학과,3,F,교과위주(학교장추천),2.4,2.92,0.52,15,92.8,1,16,31.0,4,24.2,0.0,0
2022110058,030926-3599137,std_2022110058@dongguk.edu,학생_58,공과대학,컴퓨터인공지능전공,4,M,교과위주(학교장추천),2.81,3.25,0.44,18,87.8,0,18,30.3,4,39.7,1.0,0
2021110059,020512-4345690,std_2021110059@dongguk.edu,학생_59,사범대학,수학교육과,4,F,학생부종합(DoDream),3.02,3.29,0.27,18,94.5,0,22,34.8,5,38.3,0.0,0
2023110060,041126-3452744,std_2023110060@dongguk.edu,학생_60,사범대학,교육학과,3,M,교과위주(학교장추천),3.46,3.52,0.05,18,97.3,0,20,13.2,2,40.5,1.0,0
2023110061,040220-4387654,std_2023110061@dongguk.edu,학생_61,문과대학,사학과,3,F,수능위주(정시),4.35,4.13,-0.21,15,100.0,1,9,37.0,5,44.4,3.0,0
2024110062,050913-3782705,std_2024110062@dongguk.edu,학생_62,문과대학,국어국문학과,2,M,수능위주(정시),2.2,2.2,0.25,15,92.2,1,15,23.8,3,24.4,3.0,0
2024110063,051025-4911006,std_2024110063@dongguk.edu,학생_63,문과대학,국어국문학과,2,F,학생부종합(DoDream),3.19,2.93,-0.25,18,89.8,0,19,26.3,4,45.5,1.0,0
2024110064,050511-3853019,std_2024110064@dongguk.edu,학생_64,문과대학,철학과,2,M,논술위주,2.52,2.69,0.17,18,98.7,0,26,17.6,3,24.7,0.0,0
2024110065,050806-4698069,std_2024110065@dongguk.edu,학생_65,사범대학,수학교육과,2,F,학생부종합(DoDream),2.99,2.78,-0.21,18,95.9,0,17,17.0,2,53.6,1.0,0
2023110066,040803-3143642,std_2023110066@dongguk.edu,학생_66,공과대학,컴퓨터인공지능전공,3,M,논술위주,3.51,3.78,0.27,18,93.3,0,16,32.8,5,20.5,1.0,0
2024110067,051205-4186988,std_2024110067@dongguk.edu,학생_67,바이오시스템대학,바이오환경과학과,2,F,교과위주(학교장추천),3.52,3.66,0.14,18,100.0,0,20,41.3,6,26.2,3.0,0
2023110068,041113-3984056,std_2023110068@dongguk.edu,학생_68,사범대학,교육학과,3,M,논술위주,3.22,3.34,0.12,18,93.3,0,20,17.1,2,34.9,1.0,0
2024110069,051207-4175713,std_2024110069@dongguk.edu,학생_69,공과대학,정보통신공학과,2,F,논술위주,3.07,3.23,0.16,18,100.0,0,21,20.0,3,35.4,3.0,0
2022110070,030522-3827955,std_2022110070@dongguk.edu,학생_70,경영대학,회계학과,4,M,교과위주(학교장추천),2.06,3.44,1.38,15,63.8,1,4,4.4,1,69.4,,1
2021110071,020615-4605934,std_2021110071@dongguk.edu,학생_71,바이오시스템대학,식품생명공학과,4,F,수능위주(정시),1.42,3.07,1.65,12,71.6,2,4,6.6,1,70.6,,1
2021110072,020317-3537629,std_2021110072@dongguk.edu,학생_72,공과대학,기계로봇에너지공학과,4,M,학생부종합(DoDream),3.31,3.47,0.16,15,87.9,1,17,33.0,5,27.9,0.0,0
2022110073,030125-4444855,std_2022110073@dongguk.edu,학생_73,문과대학,사학과,4,F,교과위주(학교장추천),3.36,3.45,0.09,18,95.8,0,21,30.1,4,20.6,,0
2024110074,050320-3746701,std_2024110074@dongguk.edu,학생_74,문과대학,영어영문학전공,2,M,수능위주(정시),3.31,3.69,0.38,18,88.1,0,21,10.7,2,41.5,3.0,0
2022110075,030108-4878513,std_2022110075@dongguk.edu,학생_75,경영대학,회계학과,4,F,수능위주(정시),3.89,3.96,0.06,18,95.9,0,18,24.5,3,15.3,3.0,0
2021110076,021201-3673441,std_2021110076@dongguk.edu,학생_76,문과대학,국어국문학과,4,M,학생부종합(DoDream),3.15,2.88,-0.28,18,96.5,0,16,25.0,4,27.3,0.0,0
2023110077,040609-4860581,std_2023110077@dongguk.edu,학생_77,경영대학,경영정보학과,3,F,교과위주(학교장추천),3.04,3.35,0.32,18,96.2,0,28,21.9,3,51.6,2.0,0
2023110078,040928-3719369,std_2023110078@dongguk.edu,학생_78,문과대학,영어영문학전공,3,M,수능위주(정시),3.86,4.13,0.27,18,87.8,0,24,29.7,4,33.8,3.0,0
2023110079,040206-4991793,std_2023110079@dongguk.edu,학생_79,경영대학,경영학과,3,F,교과위주(학교장추천),2.3,3.57,1.2,15,68.7,1,1,3.0,0,69.2,1.0,1
2023110080,040405-3912395,std_2023110080@dongguk.edu,학생_80,바이오시스템대학,생명과학과,3,M,학생부종합(DoDream),2.3,4.3,1.2,9,84.1,3,10,1.3,0,48.6,1.0,1
2023110081,040103-4620985,std_2023110081@dongguk.edu,학생_81,경영대학,회계학과,3,F,논술위주,2.97,2.8,-0.18,18,93.4,0,19,15.5,2,45.4,2.0,0
2022110082,031125-3847512,std_2022110082@dongguk.edu,학생_82,문과대학,사학과,4,M,학생부종합(DoDream),4.13,4.11,-0.02,18,88.4,0,17,22.5,3,40.0,0.0,0
2022110083,030901-4869299,std_2022110083@dongguk.edu,학생_83,경영대학,경영학과,4,F,학생부종합(DoDream),1.42,2.96,1.54,9,69.4,3,12,5.1,1,80.6,1.0,1
2023110084,040418-3618477,std_2023110084@dongguk.edu,학생_84,공과대학,전자전기공학부,3,M,학생부종합(DoDream),2.91,2.93,0.02,18,86.0,0,20,28.5,4,28.7,1.0,0
2022110085,030620-4139062,std_2022110085@dongguk.edu,학생_85,공과대학,컴퓨터인공지능전공,4,F,교과위주(학교장추천),3.39,3.56,0.16,18,91.5,0,27,29.5,4,20.8,1.0,0
2022110086,030218-3836400,std_2022110086@dongguk.edu,학생_86,바이오시스템대학,식품생명공학과,4,M,교과위주(학교장추천),3.01,3.05,0.05,15,97.0,1,22,33.9,5,11.5,3.0,0
2021110087,020901-4828744,std_2021110087@dongguk.edu,학생_87,사범대학,수학교육과,4,F,학생부종합(DoDream),2.17,3.62,1.45,9,67.9,3,5,6.3,1,74.5,1.0,1
2023110088,040921-3628014,std_2023110088@dongguk.edu,학생_88,경영대학,회계학과,3,M,논술위주,2.33,2.6,0.27,18,98.3,0,28,24.4,3,27.7,1.0,0
2023110089,040903-4646900,std_2023110089@dongguk.edu,학생_89,바이오시스템대학,생명과학과,3,F,수능위주(정시),2.2,2.42,0.26,18,85.3,0,20,42.2,6,27.3,0.0,0
2024110090,050904-3239978,std_2024110090@dongguk.edu,학생_90,문과대학,철학과,2,M,학생부종합(DoDream),3.58,3.55,-0.02,18,95.8,0,28,24.6,4,37.7,1.0,0
2023110091,040202-4800336,std_2023110091@dongguk.edu,학생_91,사범대학,국어교육과,3,F,학생부종합(DoDream),2.82,2.68,-0.14,18,96.1,0,17,29.3,4,28.6,,0
2024110092,051224-3666956,std_2024110092@dongguk.edu,학생_92,경영대학,경영정보학과,2,M,학생부종합(DoDream),3.74,3.84,0.1,18,91.2,0,17,35.5,5,27.0,3.0,0
2023110093,041105-4351459,std_2023110093@dongguk.edu,학생_93,공과대학,전자전기공학부,3,F,교과위주(학교장추천),2.3,3.94,1.42,15,85.0,1,2,5.9,1,70.0,,1
2021110094,020515-3192578,std_2021110094@dongguk.edu,학생_94,경영대학,경영정보학과,4,M,수능위주(정시),2.3,3.3,0.94,12,77.3,2,1,0.0,0,41.3,0.0,1
2024110095,051214-4554162,std_2024110095@dongguk.edu,학생_95,경영대학,회계학과,2,F,수능위주(정시),3.05,3.33,0.28,18,100.0,0,14,11.8,2,19.8,3.0,0
2024110096,051121-3749991,std_2024110096@dongguk.edu,학생_96,바이오시스템대학,생명과학과,2,M,논술위주,3.75,3.84,0.09,18,96.8,0,27,16.9,2,29.4,3.0,0
2024110097,050923-4886639,std_2024110097@dongguk.edu,학생_97,문과대학,영어영문학전공,2,F,학생부종합(DoDream),1.0,1.93,1.77,12,66.0,2,8,3.3,0,60.2,1.0,1
2021110098,021206-3634003,std_2021110098@dongguk.edu,학생_98,경영대학,회계학과,4,M,교과위주(학교장추천),2.95,2.49,-0.46,18,96.0,0,28,12.7,2,38.4,1.0,0
2023110099,040410-4857771,std_2023110099@dongguk.edu,학생_99,사범대학,국어교육과,3,F,수능위주(정시),2.84,3.13,0.29,18,95.1,0,21,18.9,3,27.6,1.0,0
2022110100,030318-3303981,std_2022110100@dongguk.edu,학생_100,사범대학,국어교육과,4,M,학생부종합(DoDream),3.62,3.36,-0.26,15,95.2,1,17,33.3,5,22.0,3.0,0
2021110101,020413-4582315,std_2021110101@dongguk.edu,학생_101,사범대학,수학교육과,4,F,논술위주,1.36,2.8,1.44,15,74.3,1,10,7.7,1,62.4,,1
2024110102,050815-3256104,std_2024110102@dongguk.edu,학생_102,문과대학,국어국문학과,2,M,논술위주,3.93,3.79,-0.14,18,100.0,0,25,16.7,2,23.0,3.0,0
2023110103,040718-4508638,std_2023110103@dongguk.edu,학생_103,바이오시스템대학,식품생명공학과,3,F,수능위주(정시),3.16,2.83,-0.33,18,93.7,0,19,13.5,2,33.9,3.0,0
2023110104,040113-3778100,std_2023110104@dongguk.edu,학생_104,바이오시스템대학,바이오환경과학과,3,M,학생부종합(DoDream),3.97,3.86,-0.11,18,94.0,0,28,20.1,3,35.5,2.0,0
2022110105,030406-4356553,std_2022110105@dongguk.edu,학생_105,바이오시스템대학,바이오환경과학과,4,F,학생부종합(DoDream),3.38,3.55,0.17,18,92.0,0,19,33.2,5,44.1,3.0,0
2022110106,030128-3873974,std_2022110106@dongguk.edu,학생_106,문과대학,사학과,4,M,학생부종합(DoDream),3.39,3.82,0.43,18,92.5,0,20,16.0,2,43.0,2.0,0
2024110107,050307-4749714,std_2024110107@dongguk.edu,학생_107,공과대학,전자전기공학부,2,F,수능위주(정시),2.95,3.2,0.25,18,91.0,0,14,19.0,3,32.8,0.0,0
2024110108,050718-3933289,std_2024110108@dongguk.edu,학생_108,바이오시스템대학,식품생명공학과,2,M,교과위주(학교장추천),2.98,2.73,-0.25,18,100.0,0,21,15.7,2,32.0,1.0,0
2023110109,040918-4979381,std_2023110109@dongguk.edu,학생_109,공과대학,기계로봇에너지공학과,3,F,학생부종합(DoDream),1.79,3.59,1.79,9,62.3,3,9,4.9,1,45.1,1.0,1
2023110110,040814-3941965,std_2023110110@dongguk.edu,학생_110,바이오시스템대학,식품생명공학과,3,M,교과위주(학교장추천),3.27,3.37,0.1,18,91.4,0,20,9.1,1,34.9,0.0,0
2023110111,040322-4446130,std_2023110111@dongguk.edu,학생_111,공과대학,정보통신공학과,3,F,논술위주,3.71,3.76,0.05,18,94.8,0,15,29.4,4,33.4,2.0,0
2023110112,041002-3865418,std_2023110112@dongguk.edu,학생_112,공과대학,컴퓨터인공지능전공,3,M,교과위주(학교장추천),3.48,3.65,0.17,18,85.1,0,20,26.4,4,38.3,3.0,0
2021110113,020706-4898519,std_2021110113@dongguk.edu,학생_113,문과대학,영어영문학전공,4,F,교과위주(학교장추천),4.22,3.91,-0.31,18,92.2,0,18,19.8,3,18.2,2.0,0
2023110114,040324-3673156,std_2023110114@dongguk.edu,학생_114,경영대학,경영정보학과,3,M,교과위주(학교장추천),4.4,4.3,-0.16,18,97.3,0,16,24.0,3,28.3,1.0,0
2022110115,030419-4157775,std_2022110115@dongguk.edu,학생_115,문과대학,영어영문학전공,4,F,논술위주,2.6,2.8,0.2,18,97.1,0,23,28.6,4,19.2,2.0,0
2021110116,020615-3970477,std_2021110116@dongguk.edu,학생_116,경영대학,경영정보학과,4,M,학생부종합(DoDream),3.21,3.39,0.18,18,100.0,0,21,26.0,4,25.9,3.0,0
2022110117,030121-4869097,std_2022110117@dongguk.edu,학생_117,사범대학,국어교육과,4,F,수능위주(정시),3.6,3.51,-0.09,18,100.0,0,18,27.5,4,19.0,2.0,0
2024110118,050904-3574013,std_2024110118@dongguk.edu,학생_118,공과대학,정보통신공학과,2,M,수능위주(정시),3.77,3.5,-0.27,18,86.3,0,17,19.2,3,40.5,1.0,0
2023110119,040706-4852254,std_2023110119@dongguk.edu,학생_119,공과대학,기계로봇에너지공학과,3,F,교과위주(학교장추천),3.97,4.0,0.03,18,98.6,0,18,23.0,3,53.6,0.0,0
2023110120,041005-3721527,std_2023110120@dongguk.edu,학생_120,공과대학,전자전기공학부,3,M,학생부종합(DoDream),1.74,3.22,1.48,15,75.0,1,6,7.0,1,37.6,0.0,1
2023110121,040614-4309093,std_2023110121@dongguk.edu,학생_121,바이오시스템대학,생명과학과,3,F,학생부종합(DoDream),2.82,3.23,0.41,18,93.0,0,18,26.2,4,30.7,0.0,0
2022110122,030721-3768179,std_2022110122@dongguk.edu,학생_122,문과대학,철학과,4,M,수능위주(정시),3.47,3.26,-0.21,18,100.0,0,21,15.1,2,31.1,3.0,0
2023110123,040403-4121253,std_2023110123@dongguk.edu,학생_123,문과대학,사학과,3,F,학생부종합(DoDream),2.88,2.75,-0.13,18,92.0,0,25,16.9,2,20.6,2.0,0
2024110124,050818-3500187,std_2024110124@dongguk.edu,학생_124,경영대학,회계학과,2,M,논술위주,2.2,2.32,0.32,18,94.1,0,14,23.1,3,26.8,3.0,0
2022110125,030406-4892338,std_2022110125@dongguk.edu,학생_125,바이오시스템대학,식품생명공학과,4,F,수능위주(정시),2.57,2.66,0.1,18,90.9,0,17,11.4,2,34.8,3.0,0
2022110126,031102-3545358,std_2022110126@dongguk.edu,학생_126,경영대학,경영학과,4,M,학생부종합(DoDream),3.37,3.23,-0.14,18,87.5,0,20,26.4,4,25.4,1.0,0
2022110127,030226-4133866,std_2022110127@dongguk.edu,학생_127,경영대학,회계학과,4,F,학생부종합(DoDream),3.62,3.39,-0.23,18,95.3,0,24,12.8,2,26.0,2.0,0
2021110128,020304-3854105,std_2021110128@dongguk.edu,학생_128,문과대학,영어영문학전공,4,M,논술위주,4.0,3.67,-0.33,18,95.4,0,21,11.9,2,38.3,2.0,0
2021110129,021127-4576513,std_2021110129@dongguk.edu,학생_129,문과대학,영어영문학전공,4,F,수능위주(정시),3.62,3.49,-0.13,18,93.6,0,19,28.2,4,25.6,1.0,0
2023110130,041220-3569164,std_2023110130@dongguk.edu,학생_130,사범대학,교육학과,3,M,학생부종합(DoDream),3.88,3.75,-0.13,18,95.5,0,27,5.1,1,27.0,2.0,0
2022110131,030904-4263834,std_2022110131@dongguk.edu,학생_131,사범대학,국어교육과,4,F,학생부종합(DoDream),2.21,2.35,0.14,18,100.0,0,17,7.1,1,38.5,0.0,0
2021110132,020405-3536162,std_2021110132@dongguk.edu,학생_132,문과대학,국어국문학과,4,M,학생부종합(DoDream),2.75,2.76,0.01,18,89.5,0,19,20.5,3,26.4,1.0,0
2023110133,040304-4773590,std_2023110133@dongguk.edu,학생_133,문과대학,철학과,3,F,교과위주(학교장추천),2.56,2.59,0.03,18,96.2,0,28,25.1,4,28.9,3.0,0
2023110134,041108-3474226,std_2023110134@dongguk.edu,학생_134,공과대학,컴퓨터인공지능전공,3,M,학생부종합(DoDream),3.58,3.06,-0.52,18,88.0,0,23,22.0,3,30.1,,0
2022110135,031120-4596507,std_2022110135@dongguk.edu,학생_135,공과대학,전자전기공학부,4,F,학생부종합(DoDream),2.56,2.41,-0.15,18,97.4,0,24,24.9,4,25.6,1.0,0
2024110136,050108-3947467,std_2024110136@dongguk.edu,학생_136,경영대학,경영학과,2,M,학생부종합(DoDream),3.69,3.4,-0.29,18,96.8,0,21,32.1,5,35.4,,0
2024110137,050202-4138211,std_2024110137@dongguk.edu,학생_137,문과대학,사학과,2,F,교과위주(학교장추천),2.73,2.69,-0.03,18,94.3,0,22,22.3,3,42.3,2.0,0
2023110138,040219-3963349,std_2023110138@dongguk.edu,학생_138,공과대학,전자전기공학부,3,M,교과위주(학교장추천),4.14,3.87,-0.27,15,99.1,1,20,29.6,4,39.2,2.0,0
2023110139,041005-4961396,std_2023110139@dongguk.edu,학생_139,바이오시스템대학,식품생명공학과,3,F,논술위주,2.3,3.84,1.19,15,69.6,1,9,7.4,1,66.6,1.0,1
2024110140,050303-3703291,std_2024110140@dongguk.edu,학생_140,경영대학,경영학과,2,M,논술위주,3.41,3.09,-0.32,18,94.2,0,19,28.3,4,10.0,,0
2022110141,031111-4883152,std_2022110141@dongguk.edu,학생_141,공과대학,기계로봇에너지공학과,4,F,학생부종합(DoDream),3.58,3.61,0.03,18,90.2,0,20,24.3,3,34.2,1.0,0
2021110142,020611-3303199,std_2021110142@dongguk.edu,학생_142,문과대학,사학과,4,M,수능위주(정시),2.68,2.69,0.01,18,93.8,0,18,5.0,1,31.3,0.0,0
2022110143,030417-4159500,std_2022110143@dongguk.edu,학생_143,사범대학,국어교육과,4,F,교과위주(학교장추천),3.09,3.19,0.1,18,91.9,0,17,34.6,5,25.3,1.0,0
2021110144,021221-3567243,std_2021110144@dongguk.edu,학생_144,바이오시스템대학,식품생명공학과,4,M,학생부종합(DoDream),2.76,2.71,-0.05,18,100.0,0,24,43.6,6,17.7,3.0,0
2024110145,050504-4978453,std_2024110145@dongguk.edu,학생_145,공과대학,기계로봇에너지공학과,2,F,논술위주,3.38,3.5,0.12,18,92.6,0,21,30.2,4,26.3,0.0,0
2024110146,051016-3815371,std_2024110146@dongguk.edu,학생_146,문과대학,철학과,2,M,수능위주(정시),2.41,2.57,0.16,18,91.1,0,11,55.4,8,40.6,1.0,0
2023110147,040407-4808770,std_2023110147@dongguk.edu,학생_147,공과대학,컴퓨터인공지능전공,3,F,교과위주(학교장추천),2.99,3.27,0.28,18,93.5,0,24,30.6,4,31.9,,0
2023110148,040611-3742613,std_2023110148@dongguk.edu,학생_148,문과대학,철학과,3,M,수능위주(정시),3.79,3.84,0.05,18,100.0,0,24,9.6,1,31.8,2.0,0
2021110149,020902-4154189,std_2021110149@dongguk.edu,학생_149,공과대학,기계로봇에너지공학과,4,F,수능위주(정시),3.5,3.69,0.2,18,91.1,0,21,22.6,3,13.8,1.0,0
2023110150,041202-3885858,std_2023110150@dongguk.edu,학생_150,바이오시스템대학,생명과학과,3,M,교과위주(학교장추천),3.96,3.58,-0.39,18,93.5,0,20,26.8,4,43.6,0.0,0
2023110151,041010-4713859,std_2023110151@dongguk.edu,학생_151,경영대학,회계학과,3,F,수능위주(정시),2.29,2.23,-0.05,18,96.1,0,13,26.3,4,34.3,2.0,0
2022110152,030224-3800769,std_2022110152@dongguk.edu,학생_152,경영대학,경영학과,4,M,교과위주(학교장추천),2.55,2.72,0.18,18,97.7,0,20,33.0,5,10.0,3.0,0
2022110153,031125-4643296,std_2022110153@dongguk.edu,학생_153,공과대학,컴퓨터인공지능전공,4,F,논술위주,2.76,3.03,0.26,18,93.6,0,22,25.8,4,34.6,2.0,0
2023110154,040128-3716410,std_2023110154@dongguk.edu,학생_154,바이오시스템대학,식품생명공학과,3,M,수능위주(정시),3.02,2.87,-0.14,18,90.7,0,21,25.6,4,28.1,0.0,0
2021110155,020522-4154575,std_2021110155@dongguk.edu,학생_155,문과대학,철학과,4,F,학생부종합(DoDream),2.2,2.13,-0.02,18,92.9,0,21,40.2,6,23.8,1.0,0
2023110156,040822-3806528,std_2023110156@dongguk.edu,학생_156,바이오시스템대학,식품생명공학과,3,M,학생부종합(DoDream),2.97,3.06,0.09,15,91.7,1,20,20.6,3,54.7,,0
2021110157,020917-4890645,std_2021110157@dongguk.edu,학생_157,바이오시스템대학,바이오환경과학과,4,F,교과위주(학교장추천),2.92,2.76,-0.16,18,94.7,0,20,15.4,2,42.0,3.0,0
2021110158,021125-3616835,std_2021110158@dongguk.edu,학생_158,공과대학,정보통신공학과,4,M,수능위주(정시),3.49,3.38,-0.11,18,92.7,0,16,25.4,4,14.8,2.0,0
2021110159,020525-4927424,std_2021110159@dongguk.edu,학생_159,경영대학,경영정보학과,4,F,교과위주(학교장추천),2.23,2.71,0.48,18,96.4,0,27,29.2,4,49.4,2.0,0
2024110160,050813-3340853,std_2024110160@dongguk.edu,학생_160,공과대학,기계로봇에너지공학과,2,M,논술위주,3.56,3.39,-0.18,18,93.8,0,20,24.3,3,31.9,2.0,0
2024110161,051222-4968584,std_2024110161@dongguk.edu,학생_161,공과대학,정보통신공학과,2,F,교과위주(학교장추천),2.51,2.57,0.06,15,89.5,1,16,33.0,5,30.6,2.0,0
2022110162,030115-3123091,std_2022110162@dongguk.edu,학생_162,공과대학,정보통신공학과,4,M,교과위주(학교장추천),2.75,2.86,0.11,18,94.8,0,13,16.8,2,23.0,1.0,0
2021110163,020622-4581725,std_2021110163@dongguk.edu,학생_163,문과대학,영어영문학전공,4,F,수능위주(정시),3.73,3.71,-0.02,18,88.3,0,18,28.5,4,33.7,1.0,0
2021110164,020403-3912283,std_2021110164@dongguk.edu,학생_164,사범대학,교육학과,4,M,수능위주(정시),2.67,2.47,-0.21,18,99.3,0,22,22.8,3,29.1,1.0,0
2023110165,040111-4514758,std_2023110165@dongguk.edu,학생_165,바이오시스템대학,생명과학과,3,F,수능위주(정시),3.2,3.46,0.26,18,91.8,0,25,19.1,3,34.7,3.0,0
2021110166,020527-3602648,std_2021110166@dongguk.edu,학생_166,문과대학,철학과,4,M,학생부종합(DoDream),2.76,3.32,0.56,18,92.8,0,13,19.8,3,42.4,0.0,0
2022110167,031026-4212492,std_2022110167@dongguk.edu,학생_167,사범대학,교육학과,4,F,수능위주(정시),2.2,2.34,0.16,18,89.7,0,22,28.9,4,47.0,3.0,0
2024110168,050313-3199003,std_2024110168@dongguk.edu,학생_168,문과대학,사학과,2,M,논술위주,3.62,3.26,-0.35,18,94.9,0,22,7.7,1,30.9,1.0,0
2024110169,050501-4453646,std_2024110169@dongguk.edu,학생_169,바이오시스템대학,식품생명공학과,2,F,학생부종합(DoDream),3.04,3.22,0.19,18,94.3,0,25,22.3,3,36.7,0.0,0
2021110170,020928-3311509,std_2021110170@dongguk.edu,학생_170,문과대학,국어국문학과,4,M,수능위주(정시),1.55,2.79,1.24,9,67.2,3,3,0.7,0,86.8,1.0,1
2022110171,030525-4649999,std_2022110171@dongguk.edu,학생_171,바이오시스템대학,생명과학과,4,F,학생부종합(DoDream),3.18,3.54,0.36,18,87.1,0,20,15.9,2,21.7,0.0,0
2022110172,031022-3913560,std_2022110172@dongguk.edu,학생_172,문과대학,철학과,4,M,교과위주(학교장추천),3.19,3.28,0.08,18,96.9,0,23,23.5,3,34.5,2.0,0
2023110173,041106-4512672,std_2023110173@dongguk.edu,학생_173,공과대학,정보통신공학과,3,F,논술위주,2.3,3.18,0.85,12,69.1,2,4,6.2,1,78.7,1.0,1
2023110174,040326-3931246,std_2023110174@dongguk.edu,학생_174,문과대학,철학과,3,M,교과위주(학교장추천),2.79,3.06,0.27,18,95.5,0,20,53.2,8,33.1,0.0,0
2023110175,041116-4493605,std_2023110175@dongguk.edu,학생_175,공과대학,기계로봇에너지공학과,3,F,교과위주(학교장추천),4.28,4.21,-0.08,18,98.2,0,25,24.1,3,43.5,,0
2022110176,030703-3505105,std_2022110176@dongguk.edu,학생_176,바이오시스템대학,식품생명공학과,4,M,논술위주,3.36,3.11,-0.26,18,88.6,0,24,15.3,2,23.1,1.0,0
2021110177,020919-4317813,std_2021110177@dongguk.edu,학생_177,공과대학,정보통신공학과,4,F,수능위주(정시),3.27,3.23,-0.04,18,98.5,0,25,39.2,6,25.1,0.0,0
2022110178,031009-3719064,std_2022110178@dongguk.edu,학생_178,공과대학,정보통신공학과,4,M,학생부종합(DoDream),3.32,3.4,0.09,18,88.8,0,16,24.4,3,33.9,1.0,0
2022110179,031006-4235189,std_2022110179@dongguk.edu,학생_179,공과대학,전자전기공학부,4,F,논술위주,4.4,4.3,-0.18,18,90.5,0,19,37.7,5,39.6,2.0,0
2023110180,040116-3361445,std_2023110180@dongguk.edu,학생_180,공과대학,기계로봇에너지공학과,3,M,논술위주,3.82,3.76,-0.05,18,95.1,0,24,35.7,5,27.7,0.0,0
2023110181,040301-4206121,std_2023110181@dongguk.edu,학생_181,문과대학,국어국문학과,3,F,수능위주(정시),3.55,3.29,-0.25,18,90.5,0,19,22.7,3,38.3,0.0,0
2023110182,041126-3823858,std_2023110182@dongguk.edu,학생_182,경영대학,경영학과,3,M,논술위주,2.6,2.69,0.09,18,96.3,0,16,17.1,2,20.8,,0
2023110183,040326-4838464,std_2023110183@dongguk.edu,학생_183,경영대학,회계학과,3,F,수능위주(정시),2.77,2.88,0.12,18,88.4,0,20,32.7,5,38.9,2.0,0
2024110184,050109-3798876,std_2024110184@dongguk.edu,학생_184,경영대학,경영학과,2,M,논술위주,2.25,2.53,0.28,18,96.6,0,14,30.9,4,23.9,3.0,0
2021110185,021218-4255489,std_2021110185@dongguk.edu,학생_185,문과대학,철학과,4,F,논술위주,3.69,3.8,0.11,18,90.8,0,10,17.2,2,21.0,1.0,0
2023110186,040106-3393925,std_2023110186@dongguk.edu,학생_186,공과대학,컴퓨터인공지능전공,3,M,학생부종합(DoDream),3.48,3.82,0.34,18,93.0,0,19,31.8,5,13.8,1.0,0
2024110187,050913-4867286,std_2024110187@dongguk.edu,학생_187,공과대학,전자전기공학부,2,F,교과위주(학교장추천),3.18,3.49,0.31,18,90.4,0,16,19.3,3,40.3,0.0,0
2023110188,040112-3622710,std_2023110188@dongguk.edu,학생_188,문과대학,영어영문학전공,3,M,학생부종합(DoDream),2.2,1.83,-0.06,18,84.4,0,22,28.1,4,44.6,1.0,0
2021110189,020111-4403602,std_2021110189@dongguk.edu,학생_189,공과대학,정보통신공학과,4,F,논술위주,3.31,3.24,-0.08,18,88.3,0,22,10.2,1,24.4,3.0,0
2023110190,041109-3115534,std_2023110190@dongguk.edu,학생_190,바이오시스템대학,바이오환경과학과,3,M,논술위주,3.27,3.12,-0.15,18,89.8,0,18,24.6,4,31.3,0.0,0
2022110191,030826-4433840,std_2022110191@dongguk.edu,학생_191,공과대학,컴퓨터인공지능전공,4,F,수능위주(정시),3.28,3.32,0.04,18,92.8,0,19,23.5,3,22.4,0.0,0
2022110192,031028-3595413,std_2022110192@dongguk.edu,학생_192,경영대학,경영학과,4,M,학생부종합(DoDream),3.17,3.45,0.27,18,91.5,0,21,21.0,3,29.1,,0
2022110193,030818-4798802,std_2022110193@dongguk.edu,학생_193,공과대학,정보통신공학과,4,F,교과위주(학교장추천),3.85,3.71,-0.15,18,96.7,0,21,23.6,3,33.6,1.0,0
2023110194,041110-3603516,std_2023110194@dongguk.edu,학생_194,문과대학,사학과,3,M,수능위주(정시),4.21,3.85,-0.36,18,88.4,0,22,22.0,3,41.1,0.0,0
2021110195,021202-4548828,std_2021110195@dongguk.edu,학생_195,공과대학,기계로봇에너지공학과,4,F,학생부종합(DoDream),2.21,2.67,0.45,18,85.3,0,21,30.7,4,20.8,3.0,0
2022110196,031206-3208944,std_2022110196@dongguk.edu,학생_196,공과대학,전자전기공학부,4,M,논술위주,3.47,3.86,0.4,18,95.0,0,26,17.4,2,43.7,0.0,0
2022110197,031210-4735274,std_2022110197@dongguk.edu,학생_197,공과대학,컴퓨터인공지능전공,4,F,수능위주(정시),2.2,2.14,0.38,18,98.4,0,22,13.1,2,38.9,1.0,0
2022110198,031221-3361497,std_2022110198@dongguk.edu,학생_198,공과대학,전자전기공학부,4,M,교과위주(학교장추천),3.43,3.61,0.18,18,97.3,0,19,9.1,1,24.4,2.0,0
2023110199,040814-4526673,std_2023110199@dongguk.edu,학생_199,바이오시스템대학,바이오환경과학과,3,F,교과위주(학교장추천),2.79,2.43,-0.36,18,100.0,0,17,31.4,4,35.9,1.0,0
2021110200,020412-3688574,std_2021110200@dongguk.edu,학생_200,바이오시스템대학,바이오환경과학과,4,M,수능위주(정시),3.42,3.16,-0.27,15,89.4,1,19,23.6,3,27.6,,0
2021110201,020818-4545872,std_2021110201@dongguk.edu,학생_201,바이오시스템대학,식품생명공학과,4,F,논술위주,2.89,2.9,0.0,18,87.0,0,13,25.9,4,24.0,1.0,0
2023110202,041125-3596915,std_2023110202@dongguk.edu,학생_202,경영대학,경영정보학과,3,M,교과위주(학교장추천),2.3,2.18,-0.13,18,100.0,0,24,23.8,3,37.0,3.0,0
2023110203,040227-4277718,std_2023110203@dongguk.edu,학생_203,바이오시스템대학,식품생명공학과,3,F,논술위주,3.49,3.17,-0.32,18,98.0,0,25,28.0,4,19.8,2.0,0
2022110204,030622-3685457,std_2022110204@dongguk.edu,학생_204,경영대학,경영학과,4,M,수능위주(정시),3.62,3.73,0.1,15,95.9,1,16,54.6,8,19.0,1.0,0
2023110205,040626-4470250,std_2023110205@dongguk.edu,학생_205,경영대학,경영정보학과,3,F,수능위주(정시),2.92,2.97,0.04,18,94.8,0,22,32.3,5,46.4,2.0,0
2024110206,051121-3205686,std_2024110206@dongguk.edu,학생_206,공과대학,전자전기공학부,2,M,학생부종합(DoDream),3.19,3.49,0.3,18,93.5,0,17,22.0,3,27.9,,0
2022110207,030227-4585651,std_2022110207@dongguk.edu,학생_207,공과대학,기계로봇에너지공학과,4,F,수능위주(정시),3.0,2.8,-0.19,18,92.4,0,18,19.5,3,40.9,0.0,0
2021110208,020526-3897781,std_2021110208@dongguk.edu,학생_208,바이오시스템대학,생명과학과,4,M,교과위주(학교장추천),2.69,2.9,0.21,18,100.0,0,26,22.8,3,19.2,,0
2022110209,030717-4512736,std_2022110209@dongguk.edu,학생_209,문과대학,사학과,4,F,수능위주(정시),2.98,2.4,-0.58,18,100.0,0,23,19.9,3,38.1,2.0,0
2023110210,040908-3655667,std_2023110210@dongguk.edu,학생_210,공과대학,컴퓨터인공지능전공,3,M,수능위주(정시),3.9,4.17,0.27,18,99.2,0,18,26.4,4,22.9,3.0,0
2022110211,030117-4953220,std_2022110211@dongguk.edu,학생_211,문과대학,국어국문학과,4,F,학생부종합(DoDream),4.26,4.26,0.01,18,90.5,0,23,21.8,3,32.3,2.0,0
2022110212,030216-3370741,std_2022110212@dongguk.edu,학생_212,경영대학,회계학과,4,M,교과위주(학교장추천),2.44,2.36,-0.08,18,97.0,0,12,32.4,5,31.4,2.0,0
2022110213,031018-4304720,std_2022110213@dongguk.edu,학생_213,경영대학,경영학과,4,F,학생부종합(DoDream),2.63,2.34,-0.3,15,93.9,1,16,17.4,2,22.7,2.0,0
2021110214,021225-3511324,std_2021110214@dongguk.edu,학생_214,공과대학,정보통신공학과,4,M,수능위주(정시),4.02,3.89,-0.13,18,99.6,0,17,12.9,2,54.1,1.0,0
2024110215,050523-4536607,std_2024110215@dongguk.edu,학생_215,공과대학,컴퓨터인공지능전공,2,F,학생부종합(DoDream),3.61,3.55,-0.05,18,93.8,0,18,26.5,4,21.1,1.0,0
2023110216,041108-3676553,std_2023110216@dongguk.edu,학생_216,문과대학,사학과,3,M,논술위주,3.1,3.27,0.17,15,100.0,1,17,22.3,3,45.3,2.0,0
2022110217,030519-4420961,std_2022110217@dongguk.edu,학생_217,경영대학,경영정보학과,4,F,논술위주,3.77,3.41,-0.37,15,97.5,1,18,27.3,4,35.3,2.0,0
2022110218,030426-3326256,std_2022110218@dongguk.edu,학생_218,경영대학,경영정보학과,4,M,교과위주(학교장추천),3.06,2.85,-0.21,18,89.0,0,22,22.1,3,33.2,1.0,0
2023110219,040203-4428953,std_2023110219@dongguk.edu,학생_219,공과대학,정보통신공학과,3,F,수능위주(정시),2.5,2.68,0.18,18,91.8,0,16,35.1,5,28.9,2.0,0
2023110220,040220-3702251,std_2023110220@dongguk.edu,학생_220,사범대학,교육학과,3,M,교과위주(학교장추천),2.96,2.83,-0.13,18,89.8,0,20,41.1,6,29.4,3.0,0
2023110221,040921-4567927,std_2023110221@dongguk.edu,학생_221,공과대학,컴퓨터인공지능전공,3,F,수능위주(정시),2.2,2.22,0.18,18,96.2,0,20,43.1,6,38.1,1.0,0
2023110222,040417-3680086,std_2023110222@dongguk.edu,학생_222,공과대학,기계로봇에너지공학과,3,M,학생부종합(DoDream),2.7,2.78,0.08,18,93.1,0,23,39.1,6,26.4,0.0,0
2023110223,040628-4824857,std_2023110223@dongguk.edu,학생_223,바이오시스템대학,식품생명공학과,3,F,논술위주,2.3,3.3,0.92,15,78.1,1,1,4.4,1,65.4,,1
2023110224,041021-3367598,std_2023110224@dongguk.edu,학생_224,바이오시스템대학,생명과학과,3,M,논술위주,3.39,3.04,-0.35,18,89.7,0,17,8.8,1,10.0,1.0,0
2022110225,030815-4689621,std_2022110225@dongguk.edu,학생_225,바이오시스템대학,바이오환경과학과,4,F,학생부종합(DoDream),1.15,2.63,1.48,12,70.9,2,3,3.5,0,69.9,,1
2023110226,040218-3437283,std_2023110226@dongguk.edu,학생_226,경영대학,회계학과,3,M,수능위주(정시),1.58,2.99,1.41,15,73.4,1,7,6.1,1,40.4,1.0,1
2021110227,020817-4488422,std_2021110227@dongguk.edu,학생_227,공과대학,컴퓨터인공지능전공,4,F,논술위주,2.45,2.31,-0.14,18,94.8,0,18,20.5,3,18.0,2.0,0
2021110228,020824-3824750,std_2021110228@dongguk.edu,학생_228,경영대학,경영학과,4,M,논술위주,3.19,3.12,-0.06,18,94.9,0,22,38.6,6,24.4,0.0,0
2024110229,050728-4341249,std_2024110229@dongguk.edu,학생_229,바이오시스템대학,바이오환경과학과,2,F,논술위주,4.02,3.53,-0.49,15,89.5,1,22,19.3,3,53.5,3.0,0
2022110230,030827-3440414,std_2022110230@dongguk.edu,학생_230,공과대학,전자전기공학부,4,M,논술위주,2.34,2.17,-0.17,15,98.2,1,22,37.5,5,25.3,2.0,0
2024110231,050928-4452854,std_2024110231@dongguk.edu,학생_231,문과대학,영어영문학전공,2,F,학생부종합(DoDream),1.0,2.59,1.69,6,71.2,4,1,2.6,0,69.1,0.0,1
2024110232,051025-3261081,std_2024110232@dongguk.edu,학생_232,공과대학,전자전기공학부,2,M,학생부종합(DoDream),3.14,2.87,-0.27,18,90.4,0,19,23.7,3,34.3,0.0,0
2024110233,051012-4525659,std_2024110233@dongguk.edu,학생_233,문과대학,사학과,2,F,수능위주(정시),3.1,3.19,0.09,18,95.9,0,18,17.7,3,30.7,1.0,0
2022110234,030124-3576963,std_2022110234@dongguk.edu,학생_234,바이오시스템대학,바이오환경과학과,4,M,수능위주(정시),2.8,2.97,0.17,18,90.9,0,8,20.3,3,19.6,2.0,0
2022110235,030505-4749242,std_2022110235@dongguk.edu,학생_235,사범대학,수학교육과,4,F,교과위주(학교장추천),2.2,2.22,0.32,18,93.7,0,19,6.2,1,39.3,2.0,0
2023110236,040422-3756051,std_2023110236@dongguk.edu,학생_236,바이오시스템대학,바이오환경과학과,3,M,논술위주,3.3,3.19,-0.11,18,95.4,0,21,44.8,6,32.5,1.0,0
2024110237,050325-4110068,std_2024110237@dongguk.edu,학생_237,바이오시스템대학,식품생명공학과,2,F,논술위주,2.33,2.18,-0.15,18,86.7,0,16,20.3,3,34.4,2.0,0
2022110238,031123-3878580,std_2022110238@dongguk.edu,학생_238,바이오시스템대학,생명과학과,4,M,논술위주,2.44,2.59,0.15,18,92.4,0,23,28.5,4,41.8,1.0,0
2024110239,050228-4639317,std_2024110239@dongguk.edu,학생_239,문과대학,영어영문학전공,2,F,교과위주(학교장추천),2.28,2.46,0.18,18,96.5,0,14,26.8,4,20.1,2.0,0
2021110240,020226-3734456,std_2021110240@dongguk.edu,학생_240,사범대학,수학교육과,4,M,교과위주(학교장추천),3.19,3.18,-0.02,18,98.9,0,24,33.2,5,52.9,1.0,0
2021110241,021205-4656371,std_2021110241@dongguk.edu,학생_241,경영대학,경영학과,4,F,수능위주(정시),1.78,3.38,1.6,9,73.3,3,6,3.6,1,45.9,1.0,1
2024110242,050323-3682111,std_2024110242@dongguk.edu,학생_242,바이오시스템대학,식품생명공학과,2,M,학생부종합(DoDream),3.52,3.87,0.36,18,98.7,0,15,15.2,2,26.2,,0
2024110243,051202-4730532,std_2024110243@dongguk.edu,학생_243,공과대학,기계로봇에너지공학과,2,F,논술위주,2.3,3.78,0.8,15,64.7,1,10,4.1,1,61.4,0.0,1
2024110244,050509-3673212,std_2024110244@dongguk.edu,학생_244,공과대학,컴퓨터인공지능전공,2,M,논술위주,3.67,3.59,-0.08,18,93.2,0,19,26.7,4,40.7,1.0,0
2023110245,041021-4443150,std_2023110245@dongguk.edu,학생_245,공과대학,정보통신공학과,3,F,학생부종합(DoDream),3.04,3.3,0.26,18,99.4,0,16,25.9,4,20.1,2.0,0
2024110246,050619-3205573,std_2024110246@dongguk.edu,학생_246,공과대학,전자전기공학부,2,M,학생부종합(DoDream),3.55,3.91,0.36,18,93.8,0,21,9.0,1,11.9,0.0,0
2023110247,040424-4710514,std_2023110247@dongguk.edu,학생_247,바이오시스템대학,식품생명공학과,3,F,교과위주(학교장추천),2.05,3.15,1.1,6,71.6,4,1,4.5,1,83.9,1.0,1
2024110248,050808-3625754,std_2024110248@dongguk.edu,학생_248,공과대학,전자전기공학부,2,M,교과위주(학교장추천),2.2,2.26,0.29,15,100.0,1,20,30.3,4,31.9,1.0,0
2023110249,040609-4729974,std_2023110249@dongguk.edu,학생_249,바이오시스템대학,생명과학과,3,F,교과위주(학교장추천),2.68,2.48,-0.2,18,93.7,0,19,16.8,2,33.1,,0
2023110250,040522-3272275,std_2023110250@dongguk.edu,학생_250,문과대학,철학과,3,M,논술위주,2.3,3.5,1.0,15,67.3,1,6,0.0,0,54.9,1.0,1
2023110251,041122-4412579,std_2023110251@dongguk.edu,학생_251,경영대학,회계학과,3,F,수능위주(정시),2.73,2.99,0.26,18,94.7,0,25,32.6,5,31.4,3.0,0
2024110252,050315-3378266,std_2024110252@dongguk.edu,학생_252,문과대학,철학과,2,M,학생부종합(DoDream),3.76,3.75,-0.01,18,90.7,0,21,29.7,4,32.0,1.0,0
2024110253,051013-4499749,std_2024110253@dongguk.edu,학생_253,경영대학,회계학과,2,F,논술위주,3.54,3.68,0.13,18,93.1,0,28,18.1,3,38.4,2.0,0
2023110254,040721-3116555,std_2023110254@dongguk.edu,학생_254,공과대학,전자전기공학부,3,M,논술위주,3.4,3.24,-0.15,18,93.7,0,21,36.1,5,41.4,3.0,0
2024110255,051025-4417942,std_2024110255@dongguk.edu,학생_255,경영대학,경영정보학과,2,F,논술위주,2.79,2.93,0.14,18,96.3,0,14,38.0,5,35.5,1.0,0
2023110256,041015-3468582,std_2023110256@dongguk.edu,학생_256,문과대학,사학과,3,M,논술위주,2.86,2.83,-0.03,18,91.8,0,10,20.6,3,28.0,0.0,0
2021110257,020823-4897711,std_2021110257@dongguk.edu,학생_257,경영대학,경영학과,4,F,교과위주(학교장추천),3.27,3.19,-0.08,15,96.4,1,22,5.0,1,43.5,3.0,0
2024110258,050817-3267896,std_2024110258@dongguk.edu,학생_258,사범대학,수학교육과,2,M,학생부종합(DoDream),3.4,3.67,0.28,18,97.7,0,23,12.0,2,41.5,3.0,0
2021110259,020104-4444877,std_2021110259@dongguk.edu,학생_259,사범대학,교육학과,4,F,수능위주(정시),2.98,3.14,0.17,18,88.4,0,17,29.0,4,24.6,2.0,0
2021110260,021215-3270956,std_2021110260@dongguk.edu,학생_260,공과대학,컴퓨터인공지능전공,4,M,논술위주,3.51,3.38,-0.13,18,88.5,0,17,34.8,5,24.5,2.0,0
2023110261,040417-4811716,std_2023110261@dongguk.edu,학생_261,경영대학,회계학과,3,F,논술위주,4.4,4.26,-0.55,18,94.6,0,20,14.3,2,46.3,3.0,0
2023110262,040621-3355719,std_2023110262@dongguk.edu,학생_262,공과대학,컴퓨터인공지능전공,3,M,학생부종합(DoDream),2.2,2.32,0.18,15,100.0,1,15,16.7,2,18.9,3.0,0
2022110263,030315-4325959,std_2022110263@dongguk.edu,학생_263,공과대학,전자전기공학부,4,F,수능위주(정시),3.52,3.5,-0.03,18,91.8,0,26,13.0,2,30.4,3.0,0
2022110264,030528-3865328,std_2022110264@dongguk.edu,학생_264,경영대학,회계학과,4,M,학생부종합(DoDream),2.53,2.45,-0.08,18,93.2,0,17,25.1,4,21.1,0.0,0
2022110265,030128-4586525,std_2022110265@dongguk.edu,학생_265,경영대학,경영학과,4,F,교과위주(학교장추천),3.19,3.29,0.1,18,95.3,0,20,18.3,3,22.1,2.0,0
2022110266,030913-3533797,std_2022110266@dongguk.edu,학생_266,경영대학,회계학과,4,M,교과위주(학교장추천),2.9,3.09,0.19,18,97.8,0,13,38.8,6,25.9,0.0,0
2021110267,020325-4894419,std_2021110267@dongguk.edu,학생_267,경영대학,경영학과,4,F,교과위주(학교장추천),3.59,3.63,0.04,18,92.4,0,18,20.1,3,28.4,2.0,0
2022110268,031013-3350231,std_2022110268@dongguk.edu,학생_268,문과대학,국어국문학과,4,M,수능위주(정시),3.93,4.23,0.3,18,95.9,0,13,10.1,1,25.6,,0
2022110269,030913-4982297,std_2022110269@dongguk.edu,학생_269,경영대학,회계학과,4,F,논술위주,2.34,2.35,0.01,18,99.2,0,23,8.6,1,23.7,3.0,0
2024110270,050904-3684718,std_2024110270@dongguk.edu,학생_270,바이오시스템대학,식품생명공학과,2,M,논술위주,3.48,3.1,-0.38,18,89.4,0,16,23.6,3,21.9,1.0,0
2023110271,040727-4836777,std_2023110271@dongguk.edu,학생_271,바이오시스템대학,바이오환경과학과,3,F,수능위주(정시),2.67,2.71,0.04,18,94.0,0,11,13.5,2,30.3,2.0,0
2022110272,030326-3215375,std_2022110272@dongguk.edu,학생_272,공과대학,기계로봇에너지공학과,4,M,논술위주,3.48,3.68,0.2,18,92.3,0,24,32.7,5,18.6,1.0,0
2022110273,030727-4675194,std_2022110273@dongguk.edu,학생_273,공과대학,전자전기공학부,4,F,교과위주(학교장추천),3.83,3.71,-0.12,18,89.1,0,26,21.7,3,10.6,3.0,0
2024110274,050415-3859229,std_2024110274@dongguk.edu,학생_274,문과대학,영어영문학전공,2,M,논술위주,2.3,3.47,1.1,15,74.5,1,2,2.5,0,62.5,,1
2024110275,050708-4611566,std_2024110275@dongguk.edu,학생_275,공과대학,전자전기공학부,2,F,학생부종합(DoDream),3.45,3.55,0.11,18,94.2,0,14,11.5,2,10.0,2.0,0
2021110276,020906-3708269,std_2021110276@dongguk.edu,학생_276,사범대학,국어교육과,4,M,수능위주(정시),3.85,3.71,-0.14,18,87.4,0,12,29.1,4,25.2,0.0,0
2021110277,021023-4792353,std_2021110277@dongguk.edu,학생_277,사범대학,교육학과,4,F,수능위주(정시),2.72,3.0,0.28,18,86.2,0,22,52.8,8,38.3,2.0,0
2021110278,020207-3516704,std_2021110278@dongguk.edu,학생_278,공과대학,컴퓨터인공지능전공,4,M,교과위주(학교장추천),1.16,2.71,1.54,9,65.6,3,8,1.5,0,74.2,,1
2023110279,040818-4332117,std_2023110279@dongguk.edu,학생_279,공과대학,컴퓨터인공지능전공,3,F,논술위주,2.3,2.81,0.51,15,93.2,1,26,27.2,4,29.9,1.0,0
2024110280,050414-3980432,std_2024110280@dongguk.edu,학생_280,바이오시스템대학,식품생명공학과,2,M,학생부종합(DoDream),1.77,2.97,1.2,15,77.3,1,4,0.8,0,55.5,,1
2021110281,020322-4656862,std_2021110281@dongguk.edu,학생_281,공과대학,기계로봇에너지공학과,4,F,논술위주,2.2,2.35,0.15,18,97.2,0,18,33.7,5,41.3,3.0,0
2021110282,020823-3386610,std_2021110282@dongguk.edu,학생_282,공과대학,정보통신공학과,4,M,논술위주,2.9,2.58,-0.32,18,93.3,0,15,20.8,3,27.6,3.0,0
2024110283,050927-4133302,std_2024110283@dongguk.edu,학생_283,사범대학,수학교육과,2,F,논술위주,3.81,3.73,-0.08,18,100.0,0,16,30.1,4,42.5,0.0,0
2023110284,040615-3831636,std_2023110284@dongguk.edu,학생_284,문과대학,사학과,3,M,수능위주(정시),3.11,2.98,-0.14,15,91.3,1,16,33.0,5,40.6,2.0,0
2024110285,050223-4310809,std_2024110285@dongguk.edu,학생_285,공과대학,전자전기공학부,2,F,수능위주(정시),4.04,3.74,-0.29,18,96.0,0,21,32.6,5,17.5,2.0,0
2023110286,041002-3485693,std_2023110286@dongguk.edu,학생_286,바이오시스템대학,생명과학과,3,M,교과위주(학교장추천),2.67,2.59,-0.08,18,97.9,0,14,14.1,2,44.0,0.0,0
2022110287,031118-4543833,std_2022110287@dongguk.edu,학생_287,공과대학,기계로봇에너지공학과,4,F,수능위주(정시),3.29,3.2,-0.09,18,93.4,0,17,10.2,1,24.6,1.0,0
2022110288,031224-3365864,std_2022110288@dongguk.edu,학생_288,공과대학,컴퓨터인공지능전공,4,M,학생부종합(DoDream),3.04,3.44,0.4,18,92.7,0,13,14.7,2,40.7,0.0,0
2022110289,030104-4779249,std_2022110289@dongguk.edu,학생_289,문과대학,철학과,4,F,교과위주(학교장추천),3.29,2.91,-0.38,18,94.0,0,19,15.3,2,19.1,3.0,0
2023110290,040201-3635337,std_2023110290@dongguk.edu,학생_290,경영대학,경영학과,3,M,교과위주(학교장추천),3.26,3.53,0.27,18,92.4,0,24,25.6,4,35.7,3.0,0
2021110291,020601-4115896,std_2021110291@dongguk.edu,학생_291,문과대학,철학과,4,F,교과위주(학교장추천),4.23,3.94,-0.28,18,96.0,0,14,26.2,4,40.1,2.0,0
2021110292,020426-3544874,std_2021110292@dongguk.edu,학생_292,경영대학,회계학과,4,M,학생부종합(DoDream),2.55,2.79,0.24,18,92.6,0,13,31.5,5,18.1,3.0,0
2023110293,040427-4760354,std_2023110293@dongguk.edu,학생_293,문과대학,철학과,3,F,수능위주(정시),3.29,3.29,0.01,18,96.9,0,21,34.8,5,19.8,2.0,0
2022110294,031121-3253956,std_2022110294@dongguk.edu,학생_294,바이오시스템대학,식품생명공학과,4,M,학생부종합(DoDream),3.17,2.86,-0.32,18,95.3,0,27,18.2,3,23.9,,0
2022110295,031106-4206311,std_2022110295@dongguk.edu,학생_295,사범대학,수학교육과,4,F,논술위주,2.2,2.48,0.33,18,94.5,0,22,29.4,4,23.1,1.0,0
2022110296,030625-3496419,std_2022110296@dongguk.edu,학생_296,경영대학,경영정보학과,4,M,수능위주(정시),3.42,3.26,-0.16,18,93.4,0,11,18.6,3,15.2,3.0,0
2023110297,041021-4764687,std_2023110297@dongguk.edu,학생_297,공과대학,컴퓨터인공지능전공,3,F,수능위주(정시),3.9,4.01,0.11,18,87.2,0,11,24.3,3,10.0,1.0,0
2021110298,020318-3607173,std_2021110298@dongguk.edu,학생_298,문과대학,영어영문학전공,4,M,교과위주(학교장추천),2.93,3.04,0.12,18,93.6,0,13,19.1,3,36.3,1.0,0
2024110299,051010-4734649,std_2024110299@dongguk.edu,학생_299,문과대학,사학과,2,F,수능위주(정시),2.2,2.1,0.09,15,100.0,1,18,21.4,3,45.8,0.0,0
2023110300,040808-3865820,std_2023110300@dongguk.edu,학생_300,바이오시스템대학,바이오환경과학과,3,M,수능위주(정시),2.25,2.51,0.27,18,94.6,0,12,12.6,2,40.1,2.0,0
2022110301,030112-4448951,std_2022110301@dongguk.edu,학생_301,문과대학,국어국문학과,4,F,교과위주(학교장추천),3.08,3.04,-0.05,18,92.3,0,16,24.4,3,33.6,1.0,0
2022110302,030612-3637857,std_2022110302@dongguk.edu,학생_302,공과대학,전자전기공학부,4,M,수능위주(정시),1.68,3.23,1.55,9,79.6,3,6,0.3,0,72.4,,1
2022110303,031024-4680222,std_2022110303@dongguk.edu,학생_303,경영대학,경영정보학과,4,F,논술위주,2.47,2.56,0.09,15,96.7,1,16,23.9,3,31.3,0.0,0
2024110304,050813-3921882,std_2024110304@dongguk.edu,학생_304,공과대학,컴퓨터인공지능전공,2,M,논술위주,2.3,3.66,0.83,9,82.5,3,5,4.2,1,54.7,1.0,1
2023110305,040305-4782465,std_2023110305@dongguk.edu,학생_305,사범대학,수학교육과,3,F,논술위주,3.4,3.37,-0.03,18,94.9,0,24,31.7,5,36.5,,0
2022110306,030310-3302123,std_2022110306@dongguk.edu,학생_306,사범대학,교육학과,4,M,수능위주(정시),3.67,3.58,-0.09,18,96.6,0,14,28.6,4,36.6,0.0,0
2022110307,030914-4960931,std_2022110307@dongguk.edu,학생_307,문과대학,사학과,4,F,학생부종합(DoDream),2.79,2.6,-0.19,18,90.1,0,16,27.4,4,48.0,,0
2022110308,030722-3488227,std_2022110308@dongguk.edu,학생_308,경영대학,경영학과,4,M,교과위주(학교장추천),3.55,3.55,0.0,18,92.9,0,20,23.4,3,33.4,3.0,0
2023110309,041016-4196952,std_2023110309@dongguk.edu,학생_309,바이오시스템대학,식품생명공학과,3,F,논술위주,2.2,1.91,-0.19,18,93.9,0,23,21.8,3,35.3,2.0,0
2024110310,050521-3552558,std_2024110310@dongguk.edu,학생_310,문과대학,국어국문학과,2,M,학생부종합(DoDream),2.81,3.2,0.39,15,100.0,1,20,22.0,3,23.3,2.0,0
2024110311,051009-4996972,std_2024110311@dongguk.edu,학생_311,공과대학,정보통신공학과,2,F,수능위주(정시),2.83,2.56,-0.27,15,94.2,1,25,30.5,4,36.8,2.0,0
2024110312,050113-3835053,std_2024110312@dongguk.edu,학생_312,경영대학,회계학과,2,M,학생부종합(DoDream),3.56,3.15,-0.42,15,93.7,1,25,24.7,4,23.7,0.0,0
2021110313,020215-4441701,std_2021110313@dongguk.edu,학생_313,사범대학,교육학과,4,F,교과위주(학교장추천),4.13,3.87,-0.26,18,85.4,0,17,22.2,3,29.2,1.0,0
2022110314,030123-3444912,std_2022110314@dongguk.edu,학생_314,경영대학,경영정보학과,4,M,논술위주,3.43,3.89,0.45,18,94.1,0,18,16.1,2,36.9,1.0,0
2023110315,040107-4648387,std_2023110315@dongguk.edu,학생_315,공과대학,기계로봇에너지공학과,3,F,수능위주(정시),2.82,2.88,0.07,18,91.4,0,21,27.5,4,29.4,2.0,0
2022110316,031220-3136160,std_2022110316@dongguk.edu,학생_316,공과대학,컴퓨터인공지능전공,4,M,학생부종합(DoDream),3.1,3.0,-0.1,18,94.2,0,14,26.3,4,25.4,0.0,0
2023110317,041208-4520661,std_2023110317@dongguk.edu,학생_317,사범대학,국어교육과,3,F,논술위주,2.24,2.65,0.41,18,96.4,0,24,45.9,7,49.6,3.0,0
2023110318,041202-3840045,std_2023110318@dongguk.edu,학생_318,경영대학,경영정보학과,3,M,교과위주(학교장추천),3.38,3.25,-0.13,18,93.6,0,12,18.0,3,20.3,1.0,0
2024110319,051226-4954032,std_2024110319@dongguk.edu,학생_319,공과대학,정보통신공학과,2,F,학생부종합(DoDream),2.3,3.89,1.48,9,73.2,3,4,5.5,1,59.8,,1
2024110320,050203-3450722,std_2024110320@dongguk.edu,학생_320,공과대학,정보통신공학과,2,M,논술위주,3.59,3.5,-0.1,18,91.3,0,18,10.3,1,20.3,3.0,0
2024110321,050827-4670850,std_2024110321@dongguk.edu,학생_321,바이오시스템대학,바이오환경과학과,2,F,학생부종합(DoDream),3.63,3.51,-0.12,18,100.0,0,20,19.9,3,40.1,3.0,0
2022110322,030109-3201121,std_2022110322@dongguk.edu,학생_322,공과대학,기계로봇에너지공학과,4,M,수능위주(정시),3.36,3.59,0.23,18,91.6,0,26,20.0,3,36.8,3.0,0
2023110323,040908-4349717,std_2023110323@dongguk.edu,학생_323,경영대학,경영학과,3,F,논술위주,2.29,2.21,-0.08,18,94.7,0,23,17.5,2,30.3,2.0,0
2022110324,030609-3536670,std_2022110324@dongguk.edu,학생_324,문과대학,국어국문학과,4,M,수능위주(정시),1.01,2.74,1.73,15,75.2,1,8,5.9,1,72.0,0.0,1
2023110325,040108-4980292,std_2023110325@dongguk.edu,학생_325,바이오시스템대학,바이오환경과학과,3,F,수능위주(정시),3.52,3.05,-0.47,18,94.0,0,18,22.0,3,26.5,0.0,0
2023110326,041105-3709654,std_2023110326@dongguk.edu,학생_326,문과대학,사학과,3,M,학생부종합(DoDream),3.97,4.3,0.33,18,88.8,0,22,35.7,5,25.9,3.0,0
2023110327,040309-4944124,std_2023110327@dongguk.edu,학생_327,바이오시스템대학,생명과학과,3,F,논술위주,2.2,2.03,0.41,15,98.4,1,13,13.5,2,37.5,2.0,0
2023110328,040701-3948152,std_2023110328@dongguk.edu,학생_328,바이오시스템대학,식품생명공학과,3,M,논술위주,3.71,3.6,-0.11,18,91.3,0,19,31.8,5,29.4,3.0,0
2022110329,030517-4513166,std_2022110329@dongguk.edu,학생_329,사범대학,수학교육과,4,F,논술위주,2.2,2.04,0.31,18,97.8,0,16,20.3,3,26.8,3.0,0
2023110330,040816-3422870,std_2023110330@dongguk.edu,학생_330,문과대학,영어영문학전공,3,M,수능위주(정시),2.82,3.26,0.43,18,91.1,0,11,12.0,2,21.9,0.0,0
2024110331,050408-4275405,std_2024110331@dongguk.edu,학생_331,문과대학,국어국문학과,2,F,학생부종합(DoDream),3.1,2.78,-0.32,18,95.3,0,24,27.0,4,42.7,0.0,0
2022110332,031124-3126572,std_2022110332@dongguk.edu,학생_332,공과대학,전자전기공학부,4,M,학생부종합(DoDream),3.12,3.58,0.46,18,89.8,0,22,32.5,5,34.2,1.0,0
2023110333,040922-4965404,std_2023110333@dongguk.edu,학생_333,바이오시스템대학,바이오환경과학과,3,F,수능위주(정시),3.8,3.96,0.16,18,95.8,0,14,34.5,5,18.1,2.0,0
2022110334,031213-3271929,std_2022110334@dongguk.edu,학생_334,문과대학,철학과,4,M,논술위주,3.37,3.21,-0.16,18,95.8,0,18,34.3,5,25.4,3.0,0
2023110335,040313-4970793,std_2023110335@dongguk.edu,학생_335,공과대학,정보통신공학과,3,F,논술위주,3.43,3.37,-0.05,15,95.1,1,21,11.3,2,32.5,3.0,0
2023110336,040128-3401111,std_2023110336@dongguk.edu,학생_336,공과대학,정보통신공학과,3,M,수능위주(정시),3.08,2.62,-0.46,18,90.1,0,20,40.9,6,26.6,3.0,0
2022110337,030420-4882516,std_2022110337@dongguk.edu,학생_337,공과대학,기계로봇에너지공학과,4,F,학생부종합(DoDream),2.33,2.44,0.11,18,82.9,0,12,15.2,2,49.4,1.0,0
2022110338,030402-3510354,std_2022110338@dongguk.edu,학생_338,공과대학,전자전기공학부,4,M,학생부종합(DoDream),2.66,2.98,0.33,18,90.5,0,20,30.4,4,16.6,1.0,0
2022110339,030918-4561261,std_2022110339@dongguk.edu,학생_339,공과대학,정보통신공학과,4,F,교과위주(학교장추천),3.96,3.73,-0.23,15,93.6,1,19,25.9,4,31.0,3.0,0
2024110340,050925-3123525,std_2024110340@dongguk.edu,학생_340,공과대학,전자전기공학부,2,M,수능위주(정시),1.13,2.7,1.57,12,78.0,2,6,3.6,1,47.2,1.0,1
2022110341,030926-4178209,std_2022110341@dongguk.edu,학생_341,사범대학,국어교육과,4,F,교과위주(학교장추천),3.09,3.02,-0.07,18,91.7,0,23,31.3,4,31.4,1.0,0
2023110342,041012-3347113,std_2023110342@dongguk.edu,학생_342,경영대학,경영정보학과,3,M,논술위주,2.3,3.61,1.16,12,73.1,2,6,3.2,0,80.5,1.0,1
2024110343,051217-4568451,std_2024110343@dongguk.edu,학생_343,경영대학,경영정보학과,2,F,수능위주(정시),1.79,2.6,0.82,15,69.2,1,7,1.4,0,78.8,0.0,1
2024110344,050320-3476295,std_2024110344@dongguk.edu,학생_344,바이오시스템대학,바이오환경과학과,2,M,논술위주,2.18,3.0,0.82,12,62.6,2,12,4.0,1,63.7,0.0,1
2024110345,050115-4436399,std_2024110345@dongguk.edu,학생_345,바이오시스템대학,생명과학과,2,F,교과위주(학교장추천),2.8,2.72,-0.08,18,98.8,0,21,32.4,5,23.2,1.0,0
2024110346,050701-3972089,std_2024110346@dongguk.edu,학생_346,문과대학,국어국문학과,2,M,수능위주(정시),2.2,1.88,-0.1,18,97.2,0,25,17.0,2,22.0,1.0,0
2024110347,050712-4944898,std_2024110347@dongguk.edu,학생_347,경영대학,경영정보학과,2,F,논술위주,2.92,2.59,-0.33,18,93.3,0,19,17.5,3,26.8,2.0,0
2022110348,030119-3561122,std_2022110348@dongguk.edu,학생_348,문과대학,국어국문학과,4,M,교과위주(학교장추천),3.59,3.12,-0.46,18,94.1,0,16,10.2,1,25.4,2.0,0
2023110349,040316-4248469,std_2023110349@dongguk.edu,학생_349,공과대학,전자전기공학부,3,F,수능위주(정시),1.73,3.23,1.5,6,63.5,4,3,3.2,0,77.8,1.0,1
2024110350,050916-3885216,std_2024110350@dongguk.edu,학생_350,공과대학,정보통신공학과,2,M,수능위주(정시),2.3,3.49,0.92,12,71.4,2,6,7.6,1,78.2,,1
2022110351,030712-4367201,std_2022110351@dongguk.edu,학생_351,공과대학,정보통신공학과,4,F,논술위주,2.53,3.12,0.6,18,98.7,0,20,21.3,3,32.0,0.0,0
2024110352,050520-3910238,std_2024110352@dongguk.edu,학생_352,바이오시스템대학,생명과학과,2,M,학생부종합(DoDream),3.77,3.78,0.0,18,95.6,0,16,26.9,4,39.6,2.0,0
2023110353,040502-4632245,std_2023110353@dongguk.edu,학생_353,공과대학,컴퓨터인공지능전공,3,F,논술위주,3.0,3.16,0.17,18,90.7,0,28,26.5,4,24.1,1.0,0
2024110354,050816-3143822,std_2024110354@dongguk.edu,학생_354,문과대학,철학과,2,M,수능위주(정시),3.62,3.59,-0.03,18,95.2,0,22,14.8,2,18.4,1.0,0
2021110355,020704-4398073,std_2021110355@dongguk.edu,학생_355,공과대학,전자전기공학부,4,F,교과위주(학교장추천),2.61,2.67,0.06,18,98.4,0,19,10.2,1,16.2,1.0,0
2024110356,050724-3299121,std_2024110356@dongguk.edu,학생_356,문과대학,영어영문학전공,2,M,학생부종합(DoDream),2.2,2.46,0.29,18,100.0,0,18,23.3,3,44.5,3.0,0
2024110357,050821-4378026,std_2024110357@dongguk.edu,학생_357,공과대학,정보통신공학과,2,F,학생부종합(DoDream),1.05,2.18,1.12,15,85.0,1,11,5.5,1,64.3,0.0,1
2022110358,030624-3400314,std_2022110358@dongguk.edu,학생_358,바이오시스템대학,생명과학과,4,M,학생부종합(DoDream),4.18,3.83,-0.35,18,95.2,0,21,21.5,3,43.2,2.0,0
2022110359,030114-4573319,std_2022110359@dongguk.edu,학생_359,공과대학,정보통신공학과,4,F,교과위주(학교장추천),3.06,2.81,-0.25,18,93.6,0,19,23.9,3,38.6,3.0,0
2022110360,031022-3193650,std_2022110360@dongguk.edu,학생_360,공과대학,기계로봇에너지공학과,4,M,논술위주,3.29,3.67,0.38,18,96.7,0,26,33.2,5,32.8,3.0,0
2021110361,020404-4812917,std_2021110361@dongguk.edu,학생_361,사범대학,교육학과,4,F,논술위주,2.71,3.06,0.35,18,91.8,0,21,47.4,7,27.6,2.0,0
2023110362,040321-3862790,std_2023110362@dongguk.edu,학생_362,공과대학,기계로봇에너지공학과,3,M,논술위주,3.06,2.94,-0.12,18,90.7,0,14,16.9,2,10.0,0.0,0
2023110363,040201-4189031,std_2023110363@dongguk.edu,학생_363,경영대학,경영학과,3,F,논술위주,2.48,2.68,0.2,18,92.1,0,28,10.1,1,24.1,,0
2022110364,030806-3618993,std_2022110364@dongguk.edu,학생_364,공과대학,기계로봇에너지공학과,4,M,교과위주(학교장추천),3.92,3.42,-0.5,18,93.3,0,22,27.3,4,19.3,0.0,0
2024110365,050807-4392926,std_2024110365@dongguk.edu,학생_365,문과대학,국어국문학과,2,F,학생부종합(DoDream),3.5,3.73,0.23,18,90.8,0,18,18.8,3,43.3,3.0,0
2021110366,021215-3277129,std_2021110366@dongguk.edu,학생_366,사범대학,교육학과,4,M,교과위주(학교장추천),2.61,2.33,-0.28,18,96.6,0,20,41.7,6,18.0,0.0,0
2023110367,041225-4902194,std_2023110367@dongguk.edu,학생_367,바이오시스템대학,식품생명공학과,3,F,교과위주(학교장추천),2.98,2.9,-0.08,18,93.7,0,24,22.3,3,16.4,3.0,0
2024110368,051127-3474695,std_2024110368@dongguk.edu,학생_368,바이오시스템대학,식품생명공학과,2,M,수능위주(정시),3.9,4.05,0.14,18,99.2,0,20,35.8,5,30.4,,0
2022110369,030805-4965040,std_2022110369@dongguk.edu,학생_369,문과대학,국어국문학과,4,F,수능위주(정시),3.72,3.68,-0.04,18,93.5,0,21,20.7,3,38.3,,0
2023110370,040611-3421199,std_2023110370@dongguk.edu,학생_370,문과대학,사학과,3,M,논술위주,3.55,3.18,-0.37,18,88.5,0,17,35.4,5,50.4,0.0,0
2022110371,030113-4264244,std_2022110371@dongguk.edu,학생_371,공과대학,컴퓨터인공지능전공,4,F,수능위주(정시),3.32,3.57,0.25,18,93.5,0,16,11.7,2,41.2,1.0,0
2021110372,020125-3703146,std_2021110372@dongguk.edu,학생_372,문과대학,철학과,4,M,논술위주,1.52,2.74,1.21,12,74.8,2,6,4.9,1,56.5,0.0,1
2023110373,040722-4396412,std_2023110373@dongguk.edu,학생_373,사범대학,수학교육과,3,F,수능위주(정시),3.45,2.93,-0.53,15,100.0,1,18,25.9,4,14.1,0.0,0
2022110374,031227-3281902,std_2022110374@dongguk.edu,학생_374,공과대학,전자전기공학부,4,M,학생부종합(DoDream),2.95,3.19,0.25,15,96.9,1,22,26.3,4,39.0,0.0,0
2023110375,040707-4469061,std_2023110375@dongguk.edu,학생_375,문과대학,영어영문학전공,3,F,학생부종합(DoDream),3.14,3.47,0.33,18,97.4,0,19,12.9,2,41.6,3.0,0
2024110376,050127-3714653,std_2024110376@dongguk.edu,학생_376,공과대학,기계로봇에너지공학과,2,M,교과위주(학교장추천),3.34,3.06,-0.28,18,97.8,0,18,20.6,3,16.6,0.0,0
2023110377,040626-4914506,std_2023110377@dongguk.edu,학생_377,공과대학,정보통신공학과,3,F,수능위주(정시),2.47,2.79,0.33,18,91.9,0,22,16.2,2,29.4,,0
2023110378,040405-3151990,std_2023110378@dongguk.edu,학생_378,공과대학,전자전기공학부,3,M,학생부종합(DoDream),1.0,2.02,1.52,15,73.8,1,8,11.0,2,64.8,,1
2023110379,040218-4199270,std_2023110379@dongguk.edu,학생_379,공과대학,정보통신공학과,3,F,수능위주(정시),2.3,3.96,1.52,15,71.8,1,8,5.1,1,64.8,0.0,1
2023110380,041127-3380752,std_2023110380@dongguk.edu,학생_380,바이오시스템대학,식품생명공학과,3,M,교과위주(학교장추천),3.36,3.63,0.27,18,95.6,0,20,24.8,4,19.8,2.0,0
2023110381,040519-4316383,std_2023110381@dongguk.edu,학생_381,공과대학,정보통신공학과,3,F,교과위주(학교장추천),3.1,3.52,0.42,18,91.6,0,17,7.4,1,26.7,,0
2022110382,030107-3477721,std_2022110382@dongguk.edu,학생_382,바이오시스템대학,바이오환경과학과,4,M,교과위주(학교장추천),2.24,2.48,0.24,15,90.4,1,14,27.5,4,27.2,,0
2021110383,020207-4307374,std_2021110383@dongguk.edu,학생_383,문과대학,영어영문학전공,4,F,논술위주,3.24,3.4,0.16,18,95.1,0,18,25.9,4,39.5,2.0,0
2024110384,051007-3592134,std_2024110384@dongguk.edu,학생_384,바이오시스템대학,식품생명공학과,2,M,학생부종합(DoDream),3.11,3.04,-0.07,18,94.2,0,21,28.1,4,30.2,0.0,0
2023110385,040210-4837371,std_2023110385@dongguk.edu,학생_385,바이오시스템대학,바이오환경과학과,3,F,학생부종합(DoDream),2.2,2.23,0.16,18,92.6,0,14,40.6,6,19.9,0.0,0
2023110386,040523-3459000,std_2023110386@dongguk.edu,학생_386,경영대학,경영정보학과,3,M,교과위주(학교장추천),3.28,3.24,-0.05,15,93.4,1,17,45.2,6,30.4,1.0,0
2021110387,020222-4733389,std_2021110387@dongguk.edu,학생_387,공과대학,컴퓨터인공지능전공,4,F,학생부종합(DoDream),2.4,2.54,0.14,18,90.4,0,10,20.2,3,33.0,0.0,0
2023110388,040411-3595288,std_2023110388@dongguk.edu,학생_388,문과대학,영어영문학전공,3,M,수능위주(정시),3.59,3.32,-0.27,18,97.0,0,18,26.9,4,24.9,0.0,0
2023110389,040819-4263543,std_2023110389@dongguk.edu,학생_389,공과대학,컴퓨터인공지능전공,3,F,수능위주(정시),4.19,4.3,0.11,18,92.1,0,27,29.1,4,19.4,1.0,0
2024110390,050824-3592232,std_2024110390@dongguk.edu,학생_390,사범대학,교육학과,2,M,학생부종합(DoDream),3.26,3.05,-0.21,15,93.9,1,25,18.0,3,14.4,1.0,0
2022110391,030918-4242321,std_2022110391@dongguk.edu,학생_391,공과대학,정보통신공학과,4,F,수능위주(정시),2.99,2.61,-0.38,18,92.0,0,18,16.6,2,13.7,3.0,0
2024110392,050524-3492515,std_2024110392@dongguk.edu,학생_392,공과대학,정보통신공학과,2,M,교과위주(학교장추천),4.4,4.3,-0.14,18,95.4,0,23,36.9,5,55.9,0.0,0
2024110393,050311-4789692,std_2024110393@dongguk.edu,학생_393,경영대학,회계학과,2,F,수능위주(정시),2.2,2.21,0.17,18,89.7,0,26,28.2,4,17.8,1.0,0
2022110394,030807-3133734,std_2022110394@dongguk.edu,학생_394,문과대학,국어국문학과,4,M,수능위주(정시),4.19,4.15,-0.04,15,100.0,1,22,21.9,3,26.9,3.0,0
2021110395,020709-4764197,std_2021110395@dongguk.edu,학생_395,공과대학,정보통신공학과,4,F,논술위주,2.2,2.62,0.48,18,88.3,0,17,21.4,3,14.9,3.0,0
2022110396,030504-3353516,std_2022110396@dongguk.edu,학생_396,사범대학,국어교육과,4,M,학생부종합(DoDream),3.25,3.31,0.05,18,87.6,0,17,18.6,3,27.5,,0
2023110397,040906-4312854,std_2023110397@dongguk.edu,학생_397,사범대학,수학교육과,3,F,교과위주(학교장추천),2.59,3.14,0.56,18,100.0,0,14,30.9,4,31.0,3.0,0
2022110398,030308-3868741,std_2022110398@dongguk.edu,학생_398,경영대학,경영학과,4,M,논술위주,2.77,2.22,-0.55,18,98.5,0,16,25.7,4,41.6,1.0,0
2021110399,020105-4538863,std_2021110399@dongguk.edu,학생_399,공과대학,기계로봇에너지공학과,4,F,논술위주,3.93,4.3,0.37,18,94.7,0,14,26.6,4,40.5,0.0,0
2022110400,030626-3649656,std_2022110400@dongguk.edu,학생_400,경영대학,회계학과,4,M,논술위주,3.43,3.64,0.21,18,94.1,0,17,20.7,3,40.4,1.0,0
2024110401,050219-4884366,std_2024110401@dongguk.edu,학생_401,공과대학,전자전기공학부,2,F,학생부종합(DoDream),2.96,3.2,0.24,18,97.5,0,23,19.2,3,30.8,3.0,0
2022110402,030717-3642994,std_2022110402@dongguk.edu,학생_402,바이오시스템대학,바이오환경과학과,4,M,수능위주(정시),2.81,2.44,-0.37,18,95.0,0,22,24.6,4,21.9,0.0,0
2022110403,030216-4918760,std_2022110403@dongguk.edu,학생_403,사범대학,교육학과,4,F,학생부종합(DoDream),3.21,3.16,-0.05,18,98.5,0,22,17.3,2,38.8,2.0,0
2023110404,041015-3489962,std_2023110404@dongguk.edu,학생_404,사범대학,수학교육과,3,M,학생부종합(DoDream),3.12,2.82,-0.3,15,93.3,1,10,16.3,2,12.3,2.0,0
2024110405,050803-4353890,std_2024110405@dongguk.edu,학생_405,바이오시스템대학,생명과학과,2,F,학생부종합(DoDream),3.81,3.5,-0.31,18,100.0,0,21,44.2,6,28.2,3.0,0
2023110406,040904-3329192,std_2023110406@dongguk.edu,학생_406,경영대학,회계학과,3,M,수능위주(정시),2.3,3.33,0.85,12,85.0,2,6,2.2,0,81.5,,1
2023110407,040415-4790527,std_2023110407@dongguk.edu,학생_407,공과대학,기계로봇에너지공학과,3,F,수능위주(정시),3.17,2.98,-0.19,15,91.3,1,23,23.3,3,21.0,1.0,0
2023110408,040517-3526941,std_2023110408@dongguk.edu,학생_408,사범대학,교육학과,3,M,수능위주(정시),3.62,3.44,-0.18,18,92.5,0,25,11.9,2,15.9,1.0,0
2023110409,040922-4248395,std_2023110409@dongguk.edu,학생_409,문과대학,사학과,3,F,수능위주(정시),2.24,3.23,0.99,12,76.9,2,4,6.5,1,52.4,,1
2021110410,020415-3651616,std_2021110410@dongguk.edu,학생_410,공과대학,정보통신공학과,4,M,수능위주(정시),2.2,1.96,0.18,18,93.0,0,22,29.0,4,36.3,0.0,0
2022110411,030523-4243435,std_2022110411@dongguk.edu,학생_411,경영대학,경영학과,4,F,논술위주,2.3,4.13,0.84,9,70.1,3,7,6.4,1,59.9,0.0,1
2023110412,041112-3920845,std_2023110412@dongguk.edu,학생_412,경영대학,경영정보학과,3,M,교과위주(학교장추천),2.78,3.05,0.28,15,93.4,1,18,30.4,4,31.7,,0
2024110413,050903-4225555,std_2024110413@dongguk.edu,학생_413,바이오시스템대학,생명과학과,2,F,학생부종합(DoDream),4.4,4.3,-0.27,18,92.8,0,12,33.9,5,29.1,1.0,0
2024110414,051025-3937007,std_2024110414@dongguk.edu,학생_414,공과대학,전자전기공학부,2,M,교과위주(학교장추천),4.28,4.01,-0.27,18,87.6,0,20,32.0,5,28.3,3.0,0
2023110415,041202-4756763,std_2023110415@dongguk.edu,학생_415,공과대학,컴퓨터인공지능전공,3,F,교과위주(학교장추천),1.06,2.85,1.79,12,73.6,2,5,8.8,1,64.1,,1
2024110416,050607-3531856,std_2024110416@dongguk.edu,학생_416,사범대학,수학교육과,2,M,수능위주(정시),3.01,3.13,0.11,18,95.9,0,18,28.2,4,32.2,2.0,0
2022110417,030524-4106475,std_2022110417@dongguk.edu,학생_417,바이오시스템대학,바이오환경과학과,4,F,논술위주,3.86,3.88,0.02,18,89.8,0,17,5.0,1,28.3,2.0,0
2024110418,050226-3834791,std_2024110418@dongguk.edu,학생_418,경영대학,경영정보학과,2,M,논술위주,3.4,3.38,-0.02,18,100.0,0,24,16.6,2,38.6,2.0,0
2023110419,040613-4690176,std_2023110419@dongguk.edu,학생_419,공과대학,전자전기공학부,3,F,학생부종합(DoDream),2.54,2.61,0.07,18,100.0,0,16,34.1,5,27.6,0.0,0
2023110420,040927-3824276,std_2023110420@dongguk.edu,학생_420,바이오시스템대학,생명과학과,3,M,수능위주(정시),3.29,3.09,-0.2,18,92.9,0,23,23.5,3,20.8,3.0,0
2023110421,040410-4109795,std_2023110421@dongguk.edu,학생_421,문과대학,국어국문학과,3,F,논술위주,3.41,2.98,-0.43,18,99.3,0,24,44.7,6,42.8,2.0,0
2024110422,050409-3934212,std_2024110422@dongguk.edu,학생_422,바이오시스템대학,생명과학과,2,M,수능위주(정시),2.2,1.7,0.34,18,93.7,0,12,19.4,3,44.9,1.0,0
2022110423,030806-4706888,std_2022110423@dongguk.edu,학생_423,경영대학,경영정보학과,4,F,학생부종합(DoDream),3.47,3.37,-0.1,15,91.0,1,19,23.7,3,24.1,2.0,0
2022110424,030903-3446997,std_2022110424@dongguk.edu,학생_424,바이오시스템대학,생명과학과,4,M,학생부종합(DoDream),3.48,3.42,-0.07,18,94.3,0,15,25.3,4,26.5,1.0,0
2022110425,030425-4245152,std_2022110425@dongguk.edu,학생_425,바이오시스템대학,생명과학과,4,F,수능위주(정시),2.61,2.86,0.25,18,91.8,0,24,15.7,2,10.1,1.0,0
2024110426,050207-3938569,std_2024110426@dongguk.edu,학생_426,문과대학,영어영문학전공,2,M,학생부종합(DoDream),2.2,2.13,-0.07,18,99.2,0,27,27.4,4,20.1,1.0,0
2024110427,050817-4885838,std_2024110427@dongguk.edu,학생_427,경영대학,경영학과,2,F,교과위주(학교장추천),2.58,2.57,-0.01,18,89.1,0,16,27.4,4,13.4,3.0,0
2021110428,020203-3244938,std_2021110428@dongguk.edu,학생_428,공과대학,기계로봇에너지공학과,4,M,학생부종합(DoDream),2.5,2.56,0.06,18,94.4,0,18,8.4,1,58.3,1.0,0
2024110429,050610-4588121,std_2024110429@dongguk.edu,학생_429,공과대학,기계로봇에너지공학과,2,F,수능위주(정시),3.98,4.3,0.32,18,94.1,0,15,21.9,3,32.9,3.0,0
2024110430,050514-3994576,std_2024110430@dongguk.edu,학생_430,공과대학,기계로봇에너지공학과,2,M,교과위주(학교장추천),2.41,2.55,0.13,18,90.0,0,23,12.6,2,46.0,3.0,0
2022110431,030913-4190570,std_2022110431@dongguk.edu,학생_431,공과대학,기계로봇에너지공학과,4,F,논술위주,2.3,4.04,1.4,12,52.5,2,8,3.6,1,54.9,,1
2024110432,050702-3877393,std_2024110432@dongguk.edu,학생_432,경영대학,경영정보학과,2,M,학생부종합(DoDream),2.3,3.67,0.98,9,83.1,3,12,3.2,0,67.7,,1
2023110433,040918-4131568,std_2023110433@dongguk.edu,학생_433,경영대학,경영정보학과,3,F,수능위주(정시),2.2,2.1,0.09,18,89.2,0,13,20.5,3,29.4,3.0,0
2022110434,030112-3133545,std_2022110434@dongguk.edu,학생_434,경영대학,경영정보학과,4,M,학생부종합(DoDream),2.3,3.96,1.35,12,63.3,2,7,5.9,1,57.8,0.0,1
2021110435,020303-4157124,std_2021110435@dongguk.edu,학생_435,바이오시스템대학,바이오환경과학과,4,F,학생부종합(DoDream),2.5,2.88,0.38,18,95.9,0,22,19.7,3,34.7,1.0,0
2022110436,030811-3638606,std_2022110436@dongguk.edu,학생_436,공과대학,전자전기공학부,4,M,학생부종합(DoDream),3.11,3.2,0.09,18,98.3,0,20,33.1,5,30.9,2.0,0
2022110437,030506-4613694,std_2022110437@dongguk.edu,학생_437,바이오시스템대학,바이오환경과학과,4,F,교과위주(학교장추천),3.87,3.24,-0.63,18,86.0,0,17,22.2,3,10.0,0.0,0
2024110438,050805-3385815,std_2024110438@dongguk.edu,학생_438,경영대학,경영정보학과,2,M,교과위주(학교장추천),3.79,3.57,-0.22,18,91.2,0,24,24.1,3,28.9,0.0,0
2021110439,020506-4863361,std_2021110439@dongguk.edu,학생_439,공과대학,컴퓨터인공지능전공,4,F,교과위주(학교장추천),3.66,3.58,-0.08,18,91.8,0,17,5.0,1,28.5,0.0,0
2024110440,050328-3933160,std_2024110440@dongguk.edu,학생_440,경영대학,회계학과,2,M,수능위주(정시),3.78,3.72,-0.06,18,98.6,0,24,20.2,3,28.5,0.0,0
2024110441,050408-4584137,std_2024110441@dongguk.edu,학생_441,바이오시스템대학,바이오환경과학과,2,F,학생부종합(DoDream),2.57,2.68,0.11,15,87.7,1,19,15.3,2,32.3,3.0,0
2023110442,040817-3553028,std_2023110442@dongguk.edu,학생_442,문과대학,국어국문학과,3,M,논술위주,4.09,4.3,0.21,18,98.9,0,20,42.1,6,28.9,1.0,0
2023110443,040427-4800251,std_2023110443@dongguk.edu,학생_443,경영대학,경영정보학과,3,F,교과위주(학교장추천),2.51,2.86,0.35,18,98.8,0,24,10.9,2,24.5,0.0,0
2021110444,020609-3763478,std_2021110444@dongguk.edu,학생_444,공과대학,기계로봇에너지공학과,4,M,수능위주(정시),3.42,3.2,-0.22,18,98.3,0,17,34.3,5,34.4,0.0,0
2022110445,031121-4658910,std_2022110445@dongguk.edu,학생_445,바이오시스템대학,생명과학과,4,F,수능위주(정시),3.81,3.41,-0.4,18,98.4,0,19,28.8,4,21.4,1.0,0
2022110446,030909-3547185,std_2022110446@dongguk.edu,학생_446,사범대학,교육학과,4,M,논술위주,4.33,4.3,-0.03,18,92.8,0,12,18.1,3,13.7,3.0,0
2023110447,040604-4630992,std_2023110447@dongguk.edu,학생_447,공과대학,정보통신공학과,3,F,교과위주(학교장추천),2.95,3.15,0.2,18,92.9,0,28,25.1,4,25.8,0.0,0
2022110448,030625-3941618,std_2022110448@dongguk.edu,학생_448,경영대학,회계학과,4,M,수능위주(정시),2.94,3.19,0.25,18,94.6,0,28,30.0,4,30.5,3.0,0
2023110449,040718-4762858,std_2023110449@dongguk.edu,학생_449,공과대학,기계로봇에너지공학과,3,F,수능위주(정시),3.25,3.67,0.42,18,89.9,0,20,33.0,5,19.9,,0
2021110450,020714-3114439,std_2021110450@dongguk.edu,학생_450,공과대학,기계로봇에너지공학과,4,M,논술위주,4.36,4.04,-0.32,18,91.4,0,21,23.6,3,37.5,,0
2023110451,040208-4527557,std_2023110451@dongguk.edu,학생_451,공과대학,전자전기공학부,3,F,학생부종합(DoDream),3.08,3.26,0.18,18,96.8,0,20,18.1,3,32.3,0.0,0
2021110452,020819-3151999,std_2021110452@dongguk.edu,학생_452,문과대학,영어영문학전공,4,M,학생부종합(DoDream),3.14,3.81,0.68,18,97.2,0,20,28.6,4,27.1,,0
2023110453,041128-4774502,std_2023110453@dongguk.edu,학생_453,경영대학,회계학과,3,F,논술위주,3.05,3.31,0.25,18,98.6,0,19,31.0,4,43.4,0.0,0
2023110454,040206-3370151,std_2023110454@dongguk.edu,학생_454,공과대학,기계로봇에너지공학과,3,M,교과위주(학교장추천),2.49,2.49,0.0,18,98.7,0,14,17.3,2,31.2,0.0,0
2021110455,020606-4138712,std_2021110455@dongguk.edu,학생_455,공과대학,정보통신공학과,4,F,학생부종합(DoDream),3.49,3.6,0.11,18,88.1,0,18,25.4,4,38.7,0.0,0
2023110456,040710-3493781,std_2023110456@dongguk.edu,학생_456,문과대학,영어영문학전공,3,M,교과위주(학교장추천),3.54,3.21,-0.34,18,92.4,0,19,11.9,2,45.9,1.0,0
2023110457,040326-4154796,std_2023110457@dongguk.edu,학생_457,공과대학,정보통신공학과,3,F,교과위주(학교장추천),3.43,3.72,0.29,18,89.8,0,19,34.8,5,19.2,3.0,0
2023110458,040502-3919433,std_2023110458@dongguk.edu,학생_458,문과대학,국어국문학과,3,M,교과위주(학교장추천),1.98,2.98,1.0,15,67.6,1,2,4.3,1,76.7,1.0,1
2023110459,040604-4978584,std_2023110459@dongguk.edu,학생_459,공과대학,정보통신공학과,3,F,수능위주(정시),4.03,3.91,-0.12,18,88.8,0,15,20.9,3,44.2,1.0,0
2023110460,040706-3888427,std_2023110460@dongguk.edu,학생_460,공과대학,기계로봇에너지공학과,3,M,논술위주,2.82,2.92,0.1,18,92.2,0,25,21.8,3,39.7,0.0,0
2023110461,040109-4800828,std_2023110461@dongguk.edu,학생_461,문과대학,국어국문학과,3,F,논술위주,3.15,2.86,-0.29,18,89.5,0,21,15.8,2,20.9,2.0,0
2022110462,030719-3360300,std_2022110462@dongguk.edu,학생_462,경영대학,회계학과,4,M,논술위주,3.44,3.34,-0.1,18,90.0,0,18,26.7,4,31.4,3.0,0
2022110463,031015-4882702,std_2022110463@dongguk.edu,학생_463,공과대학,전자전기공학부,4,F,수능위주(정시),4.38,4.29,-0.09,18,97.0,0,28,16.3,2,29.2,2.0,0
2021110464,020503-3476570,std_2021110464@dongguk.edu,학생_464,공과대학,전자전기공학부,4,M,학생부종합(DoDream),1.69,2.76,1.07,9,57.9,3,10,5.9,1,42.7,0.0,1
2024110465,050322-4510887,std_2024110465@dongguk.edu,학생_465,바이오시스템대학,바이오환경과학과,2,F,수능위주(정시),3.02,2.79,-0.23,18,92.6,0,17,32.8,5,29.0,1.0,0
2022110466,031117-3998201,std_2022110466@dongguk.edu,학생_466,공과대학,전자전기공학부,4,M,교과위주(학교장추천),1.74,3.21,1.47,12,69.4,2,9,0.0,0,55.4,1.0,1
2023110467,040510-4385385,std_2023110467@dongguk.edu,학생_467,공과대학,기계로봇에너지공학과,3,F,교과위주(학교장추천),2.92,3.07,0.15,18,96.1,0,13,38.2,5,33.5,2.0,0
2022110468,030610-3234042,std_2022110468@dongguk.edu,학생_468,사범대학,수학교육과,4,M,학생부종합(DoDream),1.74,3.25,1.51,15,85.0,1,5,3.5,1,65.4,0.0,1
2022110469,030804-4939812,std_2022110469@dongguk.edu,학생_469,문과대학,철학과,4,F,논술위주,2.78,2.97,0.18,18,93.9,0,18,45.5,6,14.6,1.0,0
2023110470,040223-3220360,std_2023110470@dongguk.edu,학생_470,공과대학,정보통신공학과,3,M,교과위주(학교장추천),2.74,2.53,-0.21,18,92.3,0,21,17.2,2,34.0,1.0,0
2022110471,030622-4299756,std_2022110471@dongguk.edu,학생_471,문과대학,영어영문학전공,4,F,학생부종합(DoDream),3.17,3.28,0.11,18,100.0,0,14,11.3,2,34.4,1.0,0
2023110472,040214-3948889,std_2023110472@dongguk.edu,학생_472,공과대학,전자전기공학부,3,M,수능위주(정시),3.29,3.06,-0.23,18,97.2,0,12,26.6,4,21.2,0.0,0
2022110473,031126-4188952,std_2022110473@dongguk.edu,학생_473,바이오시스템대학,식품생명공학과,4,F,수능위주(정시),3.12,3.45,0.33,18,99.9,0,15,28.4,4,29.0,1.0,0
2024110474,051019-3419753,std_2024110474@dongguk.edu,학생_474,문과대학,국어국문학과,2,M,학생부종합(DoDream),2.87,3.19,0.33,18,94.6,0,22,15.4,2,15.8,0.0,0
2023110475,040917-4491342,std_2023110475@dongguk.edu,학생_475,공과대학,정보통신공학과,3,F,논술위주,2.32,2.34,0.02,18,100.0,0,24,31.4,4,18.0,0.0,0
2022110476,030311-3280564,std_2022110476@dongguk.edu,학생_476,공과대학,전자전기공학부,4,M,논술위주,2.99,2.63,-0.36,18,94.5,0,21,16.3,2,26.9,3.0,0
2023110477,040816-4645669,std_2023110477@dongguk.edu,학생_477,공과대학,컴퓨터인공지능전공,3,F,수능위주(정시),3.17,2.94,-0.23,18,96.5,0,19,26.1,4,32.5,3.0,0
2021110478,021212-3387120,std_2021110478@dongguk.edu,학생_478,문과대학,영어영문학전공,4,M,교과위주(학교장추천),3.51,3.39,-0.12,18,91.3,0,21,12.0,2,32.8,3.0,0
2021110479,020527-4326301,std_2021110479@dongguk.edu,학생_479,바이오시스템대학,생명과학과,4,F,수능위주(정시),2.26,2.47,0.22,18,89.8,0,25,22.9,3,25.3,3.0,0
2024110480,050226-3884627,std_2024110480@dongguk.edu,학생_480,공과대학,기계로봇에너지공학과,2,M,수능위주(정시),3.71,2.85,-0.87,15,92.7,1,19,23.1,3,46.5,0.0,0
2023110481,040626-4324589,std_2023110481@dongguk.edu,학생_481,문과대학,국어국문학과,3,F,수능위주(정시),3.82,4.02,0.2,18,89.3,0,21,29.4,4,35.6,0.0,0
2021110482,021221-3963689,std_2021110482@dongguk.edu,학생_482,문과대학,철학과,4,M,교과위주(학교장추천),3.29,3.04,-0.24,18,96.6,0,27,5.0,1,25.0,1.0,0
2022110483,030316-4853266,std_2022110483@dongguk.edu,학생_483,문과대학,영어영문학전공,4,F,논술위주,2.33,2.72,0.39,18,95.6,0,22,13.0,2,29.9,3.0,0
2023110484,040521-3585714,std_2023110484@dongguk.edu,학생_484,경영대학,경영학과,3,M,교과위주(학교장추천),1.44,2.81,1.37,15,59.5,1,3,7.2,1,45.6,1.0,1
2023110485,041116-4335892,std_2023110485@dongguk.edu,학생_485,바이오시스템대학,식품생명공학과,3,F,수능위주(정시),3.04,3.08,0.04,18,98.6,0,15,14.4,2,23.5,3.0,0
2024110486,050416-3106277,std_2024110486@dongguk.edu,학생_486,경영대학,회계학과,2,M,교과위주(학교장추천),3.57,3.51,-0.07,18,85.9,0,15,5.6,1,43.3,2.0,0
2023110487,040708-4569234,std_2023110487@dongguk.edu,학생_487,문과대학,국어국문학과,3,F,교과위주(학교장추천),3.63,3.74,0.11,18,94.0,0,16,25.9,4,22.1,3.0,0
2022110488,031104-3655877,std_2022110488@dongguk.edu,학생_488,문과대학,국어국문학과,4,M,교과위주(학교장추천),2.91,3.2,0.29,18,94.7,0,20,26.7,4,32.5,1.0,0
2023110489,040627-4449379,std_2023110489@dongguk.edu,학생_489,사범대학,교육학과,3,F,논술위주,1.05,2.63,1.58,15,84.1,1,7,0.0,0,70.5,,1
2021110490,021126-3899203,std_2021110490@dongguk.edu,학생_490,공과대학,전자전기공학부,4,M,학생부종합(DoDream),2.2,1.83,0.31,18,90.4,0,20,22.2,3,30.6,3.0,0
2023110491,040816-4290093,std_2023110491@dongguk.edu,학생_491,공과대학,정보통신공학과,3,F,논술위주,2.73,2.93,0.2,18,90.8,0,22,30.5,4,22.0,3.0,0
2022110492,030714-3937876,std_2022110492@dongguk.edu,학생_492,공과대학,전자전기공학부,4,M,논술위주,1.28,2.3,1.02,15,68.4,1,1,5.2,1,73.4,,1
2023110493,040507-4815054,std_2023110493@dongguk.edu,학생_493,문과대학,국어국문학과,3,F,학생부종합(DoDream),2.89,2.92,0.02,15,94.3,1,18,31.0,4,21.9,0.0,0
2022110494,031219-3445182,std_2022110494@dongguk.edu,학생_494,공과대학,정보통신공학과,4,M,수능위주(정시),1.0,2.38,1.4,6,66.4,4,3,2.2,0,80.7,0.0,1
2021110495,020921-4975345,std_2021110495@dongguk.edu,학생_495,공과대학,전자전기공학부,4,F,학생부종합(DoDream),3.97,3.66,-0.31,18,91.0,0,21,26.9,4,48.9,0.0,0
2023110496,040715-3630338,std_2023110496@dongguk.edu,학생_496,경영대학,경영학과,3,M,학생부종합(DoDream),1.0,2.31,1.69,12,80.4,2,5,7.1,1,72.1,0.0,1
2022110497,030415-4594509,std_2022110497@dongguk.edu,학생_497,바이오시스템대학,바이오환경과학과,4,F,교과위주(학교장추천),2.87,2.88,0.01,18,94.6,0,16,15.3,2,21.2,0.0,0
2024110498,051111-3276774,std_2024110498@dongguk.edu,학생_498,공과대학,기계로봇에너지공학과,2,M,학생부종합(DoDream),4.06,3.9,-0.16,18,88.9,0,19,15.2,2,18.1,0.0,0
2021110499,021018-4574706,std_2021110499@dongguk.edu,학생_499,공과대학,기계로봇에너지공학과,4,F,교과위주(학교장추천),3.77,3.29,-0.48,18,95.5,0,22,39.0,6,17.6,,0
2023110500,041023-3213693,std_2023110500@dongguk.edu,학생_500,공과대학,기계로봇에너지공학과,3,M,학생부종합(DoDream),2.89,2.69,-0.21,18,97.5,0,21,21.5,3,26.3,3.0,0
2024110501,050501-4267995,std_2024110501@dongguk.edu,학생_501,공과대학,컴퓨터인공지능전공,2,F,논술위주,2.34,2.58,0.24,18,89.5,0,13,17.0,2,35.4,2.0,0
2024110502,051027-3949228,std_2024110502@dongguk.edu,학생_502,문과대학,철학과,2,M,학생부종합(DoDream),2.69,3.44,0.75,18,94.6,0,22,36.1,5,36.8,3.0,0
2023110503,040225-4878492,std_2023110503@dongguk.edu,학생_503,문과대학,철학과,3,F,논술위주,3.32,3.44,0.12,18,89.9,0,28,32.0,5,55.9,2.0,0
2021110504,020413-3321516,std_2021110504@dongguk.edu,학생_504,사범대학,교육학과,4,M,학생부종합(DoDream),3.82,3.38,-0.44,18,93.7,0,19,42.7,6,21.5,2.0,0
2022110505,030617-4839782,std_2022110505@dongguk.edu,학생_505,경영대학,경영정보학과,4,F,학생부종합(DoDream),2.2,2.49,0.42,18,94.1,0,20,21.1,3,23.8,0.0,0
2023110506,040308-3725638,std_2023110506@dongguk.edu,학생_506,문과대학,국어국문학과,3,M,교과위주(학교장추천),3.39,3.65,0.26,18,90.9,0,22,28.1,4,36.7,3.0,0
2022110507,031028-4608810,std_2022110507@dongguk.edu,학생_507,공과대학,기계로봇에너지공학과,4,F,수능위주(정시),2.74,2.72,-0.01,18,94.8,0,20,15.9,2,15.2,1.0,0
2023110508,041225-3680915,std_2023110508@dongguk.edu,학생_508,바이오시스템대학,바이오환경과학과,3,M,논술위주,4.05,4.14,0.09,18,96.4,0,17,11.9,2,24.1,2.0,0
2022110509,030715-4268157,std_2022110509@dongguk.edu,학생_509,경영대학,경영정보학과,4,F,학생부종합(DoDream),2.3,3.17,0.83,6,74.1,4,1,3.9,1,79.5,,1
2023110510,040621-3328495,std_2023110510@dongguk.edu,학생_510,사범대학,수학교육과,3,M,수능위주(정시),1.43,3.09,1.66,12,80.6,2,2,2.5,0,35.0,0.0,1
2021110511,021005-4199855,std_2021110511@dongguk.edu,학생_511,공과대학,정보통신공학과,4,F,수능위주(정시),3.29,3.29,0.01,18,89.5,0,26,22.6,3,28.7,1.0,0
2024110512,050422-3290477,std_2024110512@dongguk.edu,학생_512,바이오시스템대학,생명과학과,2,M,교과위주(학교장추천),1.72,2.56,0.84,12,85.0,2,4,3.2,0,55.6,0.0,1
2021110513,020606-4114551,std_2021110513@dongguk.edu,학생_513,공과대학,정보통신공학과,4,F,수능위주(정시),4.28,3.95,-0.33,18,88.1,0,17,40.0,6,23.5,2.0,0
2023110514,040713-3861447,std_2023110514@dongguk.edu,학생_514,사범대학,수학교육과,3,M,학생부종합(DoDream),3.75,3.8,0.06,18,94.5,0,17,23.2,3,29.4,,0
2023110515,041214-4433869,std_2023110515@dongguk.edu,학생_515,사범대학,수학교육과,3,F,논술위주,3.38,3.44,0.06,18,96.5,0,18,29.5,4,38.0,3.0,0
2023110516,040718-3556610,std_2023110516@dongguk.edu,학생_516,경영대학,경영정보학과,3,M,수능위주(정시),2.69,2.34,-0.35,18,100.0,0,23,18.2,3,41.1,2.0,0
2022110517,030402-4484474,std_2022110517@dongguk.edu,학생_517,사범대학,교육학과,4,F,교과위주(학교장추천),3.8,3.59,-0.21,18,96.9,0,19,29.9,4,44.2,1.0,0
2023110518,041209-3277125,std_2023110518@dongguk.edu,학생_518,사범대학,국어교육과,3,M,논술위주,3.49,3.48,-0.01,18,90.6,0,19,36.5,5,39.8,,0
2023110519,040906-4330314,std_2023110519@dongguk.edu,학생_519,경영대학,경영정보학과,3,F,수능위주(정시),4.24,4.3,0.06,18,96.0,0,16,17.0,2,32.4,3.0,0
2022110520,031215-3220035,std_2022110520@dongguk.edu,학생_520,문과대학,사학과,4,M,수능위주(정시),3.07,3.19,0.12,18,87.9,0,12,31.7,5,41.2,1.0,0
2022110521,030628-4697518,std_2022110521@dongguk.edu,학생_521,문과대학,국어국문학과,4,F,논술위주,2.59,2.52,-0.06,18,100.0,0,22,8.5,1,36.7,,0
2023110522,040912-3669955,std_2023110522@dongguk.edu,학생_522,경영대학,경영학과,3,M,논술위주,2.42,2.36,-0.06,18,100.0,0,25,14.9,2,35.0,2.0,0
2022110523,030304-4123382,std_2022110523@dongguk.edu,학생_523,경영대학,경영정보학과,4,F,교과위주(학교장추천),2.3,3.85,0.84,15,55.9,1,8,5.3,1,81.2,0.0,1
2023110524,040701-3269573,std_2023110524@dongguk.edu,학생_524,사범대학,수학교육과,3,M,학생부종합(DoDream),2.3,4.3,1.57,12,74.0,2,1,6.3,1,77.3,,1
2023110525,040310-4166266,std_2023110525@dongguk.edu,학생_525,문과대학,철학과,3,F,교과위주(학교장추천),3.37,3.15,-0.23,18,98.2,0,18,18.3,3,33.2,0.0,0
2023110526,040108-3312628,std_2023110526@dongguk.edu,학생_526,사범대학,국어교육과,3,M,교과위주(학교장추천),2.81,2.95,0.15,18,94.4,0,20,37.1,5,29.3,0.0,0
2022110527,030623-4697565,std_2022110527@dongguk.edu,학생_527,공과대학,전자전기공학부,4,F,논술위주,3.06,3.28,0.22,15,91.8,1,23,33.7,5,26.3,0.0,0
2023110528,040619-3640479,std_2023110528@dongguk.edu,학생_528,바이오시스템대학,생명과학과,3,M,교과위주(학교장추천),2.65,2.9,0.26,18,97.4,0,18,40.0,6,37.5,3.0,0
2022110529,030524-4579871,std_2022110529@dongguk.edu,학생_529,공과대학,컴퓨터인공지능전공,4,F,수능위주(정시),2.3,4.1,1.25,6,74.1,4,6,8.1,1,66.6,,1
2021110530,020706-3495215,std_2021110530@dongguk.edu,학생_530,공과대학,컴퓨터인공지능전공,4,M,학생부종합(DoDream),3.7,3.86,0.16,18,94.2,0,22,5.0,1,25.6,1.0,0
2023110531,041108-4427222,std_2023110531@dongguk.edu,학생_531,바이오시스템대학,생명과학과,3,F,학생부종합(DoDream),4.05,4.16,0.11,18,93.6,0,26,31.6,5,31.4,1.0,0
2023110532,041126-3732049,std_2023110532@dongguk.edu,학생_532,바이오시스템대학,식품생명공학과,3,M,수능위주(정시),3.87,4.05,0.18,18,89.5,0,27,18.0,3,35.4,3.0,0
2023110533,041211-4552220,std_2023110533@dongguk.edu,학생_533,사범대학,수학교육과,3,F,학생부종합(DoDream),2.7,3.02,0.32,18,96.6,0,18,26.8,4,20.7,0.0,0
2021110534,021117-3277171,std_2021110534@dongguk.edu,학생_534,공과대학,정보통신공학과,4,M,논술위주,1.53,2.76,1.23,12,83.0,2,7,1.8,0,77.7,0.0,1
2022110535,030125-4843470,std_2022110535@dongguk.edu,학생_535,문과대학,사학과,4,F,교과위주(학교장추천),3.36,3.67,0.31,18,94.6,0,25,5.0,1,31.7,3.0,0
2023110536,040317-3774292,std_2023110536@dongguk.edu,학생_536,공과대학,전자전기공학부,3,M,수능위주(정시),2.89,3.24,0.35,18,95.0,0,25,41.1,6,24.9,1.0,0
2021110537,021003-4925539,std_2021110537@dongguk.edu,학생_537,문과대학,철학과,4,F,교과위주(학교장추천),2.48,2.43,-0.06,18,93.3,0,26,23.2,3,37.7,2.0,0
2022110538,030411-3186879,std_2022110538@dongguk.edu,학생_538,문과대학,국어국문학과,4,M,교과위주(학교장추천),3.63,3.61,-0.02,15,100.0,1,8,17.6,3,23.7,,0
2023110539,041215-4370877,std_2023110539@dongguk.edu,학생_539,공과대학,기계로봇에너지공학과,3,F,수능위주(정시),1.56,2.81,1.25,12,67.2,2,9,8.3,1,52.4,,1
2022110540,031008-3769764,std_2022110540@dongguk.edu,학생_540,바이오시스템대학,식품생명공학과,4,M,수능위주(정시),2.22,2.53,0.31,18,92.3,0,20,30.4,4,28.8,0.0,0
2024110541,050904-4634940,std_2024110541@dongguk.edu,학생_541,경영대학,회계학과,2,F,논술위주,2.34,2.93,0.59,15,99.6,1,18,19.4,3,42.1,0.0,0
2022110542,031002-3472107,std_2022110542@dongguk.edu,학생_542,바이오시스템대학,식품생명공학과,4,M,논술위주,3.34,3.02,-0.32,18,97.6,0,20,39.0,6,29.6,0.0,0
2023110543,040227-4759285,std_2023110543@dongguk.edu,학생_543,문과대학,국어국문학과,3,F,수능위주(정시),2.88,2.79,-0.08,15,95.4,1,15,8.9,1,30.7,0.0,0
2022110544,031221-3715493,std_2022110544@dongguk.edu,학생_544,공과대학,정보통신공학과,4,M,논술위주,3.25,3.75,0.49,18,95.5,0,23,20.9,3,22.0,0.0,0
2022110545,030526-4238056,std_2022110545@dongguk.edu,학생_545,바이오시스템대학,생명과학과,4,F,교과위주(학교장추천),1.58,2.92,1.35,15,70.7,1,6,5.6,1,71.4,,1
2023110546,041216-3648390,std_2023110546@dongguk.edu,학생_546,공과대학,전자전기공학부,3,M,교과위주(학교장추천),3.49,3.4,-0.09,18,96.8,0,22,6.8,1,36.3,3.0,0
2024110547,051018-4408166,std_2024110547@dongguk.edu,학생_547,공과대학,정보통신공학과,2,F,학생부종합(DoDream),2.2,1.98,0.07,18,97.9,0,16,24.8,4,19.1,2.0,0
2022110548,031217-3600638,std_2022110548@dongguk.edu,학생_548,공과대학,정보통신공학과,4,M,수능위주(정시),3.3,2.99,-0.31,18,94.1,0,18,26.9,4,22.3,3.0,0
2021110549,020613-4484838,std_2021110549@dongguk.edu,학생_549,사범대학,교육학과,4,F,수능위주(정시),2.44,2.81,0.38,18,91.1,0,23,36.4,5,27.5,2.0,0
2022110550,030911-3655728,std_2022110550@dongguk.edu,학생_550,공과대학,정보통신공학과,4,M,학생부종합(DoDream),1.61,2.87,1.26,15,84.0,1,3,7.8,1,89.5,,1
2022110551,030904-4577959,std_2022110551@dongguk.edu,학생_551,경영대학,회계학과,4,F,교과위주(학교장추천),3.07,3.31,0.24,18,92.8,0,25,12.9,2,43.7,2.0,0
2023110552,040513-3249014,std_2023110552@dongguk.edu,학생_552,공과대학,컴퓨터인공지능전공,3,M,교과위주(학교장추천),3.76,3.34,-0.42,18,91.1,0,19,35.0,5,42.2,0.0,0
2024110553,050322-4416782,std_2024110553@dongguk.edu,학생_553,공과대학,전자전기공학부,2,F,교과위주(학교장추천),2.94,2.91,-0.03,18,92.5,0,17,45.2,6,10.0,0.0,0
2023110554,041118-3508117,std_2023110554@dongguk.edu,학생_554,경영대학,경영학과,3,M,학생부종합(DoDream),2.95,2.98,0.03,18,92.3,0,16,17.0,2,22.3,1.0,0
2023110555,040410-4825772,std_2023110555@dongguk.edu,학생_555,경영대학,경영정보학과,3,F,교과위주(학교장추천),2.72,2.97,0.25,18,92.4,0,28,15.1,2,17.5,2.0,0
2024110556,050228-3887646,std_2024110556@dongguk.edu,학생_556,문과대학,사학과,2,M,수능위주(정시),2.14,3.64,1.5,15,70.5,1,7,3.4,0,73.8,,1
2023110557,040221-4661465,std_2023110557@dongguk.edu,학생_557,바이오시스템대학,바이오환경과학과,3,F,논술위주,3.01,2.71,-0.3,18,93.9,0,19,5.0,1,28.9,2.0,0
2021110558,021216-3705685,std_2021110558@dongguk.edu,학생_558,공과대학,정보통신공학과,4,M,논술위주,2.75,2.66,-0.09,18,89.1,0,20,38.7,6,33.8,0.0,0
2022110559,031021-4520669,std_2022110559@dongguk.edu,학생_559,공과대학,전자전기공학부,4,F,학생부종합(DoDream),2.69,2.91,0.22,18,93.8,0,13,17.8,3,25.4,0.0,0
2022110560,031223-3630026,std_2022110560@dongguk.edu,학생_560,사범대학,국어교육과,4,M,학생부종합(DoDream),2.92,2.89,-0.04,18,97.1,0,23,23.4,3,41.3,3.0,0
2024110561,051104-4219783,std_2024110561@dongguk.edu,학생_561,공과대학,컴퓨터인공지능전공,2,F,수능위주(정시),2.43,2.24,-0.18,18,93.8,0,18,26.4,4,10.0,3.0,0
2023110562,040221-3485398,std_2023110562@dongguk.edu,학생_562,바이오시스템대학,바이오환경과학과,3,M,학생부종합(DoDream),2.75,2.62,-0.12,18,91.3,0,28,32.4,5,41.0,1.0,0
2024110563,050309-4767351,std_2024110563@dongguk.edu,학생_563,공과대학,정보통신공학과,2,F,수능위주(정시),3.46,3.64,0.18,18,90.5,0,26,38.4,5,11.7,1.0,0
2023110564,040418-3201982,std_2023110564@dongguk.edu,학생_564,문과대학,국어국문학과,3,M,교과위주(학교장추천),4.0,3.56,-0.44,18,92.4,0,24,20.2,3,29.4,1.0,0
2024110565,051003-4479570,std_2024110565@dongguk.edu,학생_565,공과대학,기계로봇에너지공학과,2,F,논술위주,3.68,3.72,0.04,18,96.8,0,16,13.7,2,25.2,,0
2023110566,041024-3249485,std_2023110566@dongguk.edu,학생_566,공과대학,컴퓨터인공지능전공,3,M,학생부종합(DoDream),3.01,2.63,-0.37,18,94.0,0,22,15.9,2,27.8,0.0,0
2022110567,030526-4740763,std_2022110567@dongguk.edu,학생_567,바이오시스템대학,바이오환경과학과,4,F,수능위주(정시),2.3,3.92,1.55,12,70.4,2,8,6.4,1,84.3,,1
2022110568,030806-3177123,std_2022110568@dongguk.edu,학생_568,문과대학,사학과,4,M,학생부종합(DoDream),3.5,3.75,0.25,15,98.6,1,25,28.3,4,40.0,1.0,0
2024110569,050406-4971627,std_2024110569@dongguk.edu,학생_569,공과대학,정보통신공학과,2,F,학생부종합(DoDream),2.86,3.18,0.31,18,97.4,0,16,33.0,5,43.2,0.0,0
2023110570,040307-3126014,std_2023110570@dongguk.edu,학생_570,문과대학,영어영문학전공,3,M,논술위주,1.43,3.14,1.71,15,68.3,1,4,3.7,1,68.3,1.0,1
2023110571,040125-4827688,std_2023110571@dongguk.edu,학생_571,바이오시스템대학,생명과학과,3,F,교과위주(학교장추천),3.3,2.87,-0.43,18,94.8,0,22,20.5,3,27.2,3.0,0
2023110572,040323-3700710,std_2023110572@dongguk.edu,학생_572,경영대학,회계학과,3,M,논술위주,2.3,3.37,0.88,9,77.4,3,4,4.0,1,59.9,,1
2023110573,041021-4315933,std_2023110573@dongguk.edu,학생_573,문과대학,사학과,3,F,논술위주,2.35,2.53,0.18,15,100.0,1,17,35.9,5,25.7,2.0,0
2021110574,020121-3406256,std_2021110574@dongguk.edu,학생_574,공과대학,전자전기공학부,4,M,논술위주,3.66,3.89,0.23,18,93.8,0,24,20.8,3,19.0,3.0,0
2024110575,050426-4532509,std_2024110575@dongguk.edu,학생_575,경영대학,경영학과,2,F,수능위주(정시),3.26,3.08,-0.18,18,96.6,0,15,27.0,4,29.7,2.0,0
2023110576,040217-3139015,std_2023110576@dongguk.edu,학생_576,경영대학,경영정보학과,3,M,수능위주(정시),2.4,2.48,0.08,18,91.7,0,16,33.8,5,39.3,1.0,0
2023110577,041028-4740360,std_2023110577@dongguk.edu,학생_577,공과대학,기계로봇에너지공학과,3,F,학생부종합(DoDream),2.67,2.62,-0.05,18,97.0,0,16,45.9,7,13.2,3.0,0
2023110578,040926-3848378,std_2023110578@dongguk.edu,학생_578,공과대학,기계로봇에너지공학과,3,M,수능위주(정시),1.8,2.91,1.1,15,69.4,1,12,3.1,0,69.3,0.0,1
2021110579,020820-4290732,std_2021110579@dongguk.edu,학생_579,공과대학,전자전기공학부,4,F,교과위주(학교장추천),3.45,3.23,-0.22,18,96.4,0,8,9.8,1,23.6,3.0,0
2022110580,031023-3775748,std_2022110580@dongguk.edu,학생_580,바이오시스템대학,식품생명공학과,4,M,학생부종합(DoDream),3.52,3.68,0.16,18,100.0,0,15,11.4,2,42.2,0.0,0
2023110581,040402-4644929,std_2023110581@dongguk.edu,학생_581,바이오시스템대학,식품생명공학과,3,F,논술위주,2.72,3.04,0.33,18,96.3,0,18,5.1,1,36.3,3.0,0
2022110582,030725-3888898,std_2022110582@dongguk.edu,학생_582,공과대학,정보통신공학과,4,M,논술위주,3.47,3.14,-0.34,18,92.1,0,16,18.8,3,24.8,0.0,0
2024110583,050312-4163043,std_2024110583@dongguk.edu,학생_583,바이오시스템대학,식품생명공학과,2,F,수능위주(정시),4.26,4.3,0.04,18,92.6,0,20,20.3,3,27.6,1.0,0
2023110584,040708-3300123,std_2023110584@dongguk.edu,학생_584,공과대학,정보통신공학과,3,M,논술위주,3.82,3.5,-0.31,15,99.2,1,22,6.5,1,26.2,3.0,0
2023110585,040803-4342726,std_2023110585@dongguk.edu,학생_585,바이오시스템대학,바이오환경과학과,3,F,교과위주(학교장추천),2.85,3.02,0.17,18,89.5,0,20,28.8,4,25.4,0.0,0
2022110586,031223-3904660,std_2022110586@dongguk.edu,학생_586,경영대학,경영정보학과,4,M,논술위주,2.24,2.35,0.11,18,95.1,0,18,17.6,3,30.7,2.0,0
2021110587,020102-4334729,std_2021110587@dongguk.edu,학생_587,공과대학,기계로봇에너지공학과,4,F,논술위주,2.65,2.84,0.19,18,94.1,0,19,27.0,4,22.2,3.0,0
2022110588,030927-3233997,std_2022110588@dongguk.edu,학생_588,사범대학,교육학과,4,M,수능위주(정시),2.2,2.54,0.59,18,96.8,0,14,19.7,3,10.0,2.0,0
2022110589,030114-4896240,std_2022110589@dongguk.edu,학생_589,경영대학,회계학과,4,F,논술위주,3.16,3.1,-0.06,15,98.7,1,23,15.3,2,49.5,3.0,0
2023110590,040409-3724099,std_2023110590@dongguk.edu,학생_590,문과대학,국어국문학과,3,M,수능위주(정시),2.3,3.65,1.11,9,75.8,3,5,2.1,0,62.7,1.0,1
2023110591,040920-4188771,std_2023110591@dongguk.edu,학생_591,문과대학,사학과,3,F,논술위주,2.53,2.11,-0.42,18,95.1,0,15,22.1,3,43.5,2.0,0
2022110592,031124-3634398,std_2022110592@dongguk.edu,학생_592,경영대학,경영정보학과,4,M,학생부종합(DoDream),3.35,3.31,-0.04,18,83.7,0,16,43.0,6,34.2,1.0,0
2023110593,040316-4279238,std_2023110593@dongguk.edu,학생_593,문과대학,국어국문학과,3,F,논술위주,2.29,3.19,0.9,15,71.7,1,5,4.1,1,60.0,1.0,1
2022110594,031120-3741204,std_2022110594@dongguk.edu,학생_594,사범대학,교육학과,4,M,논술위주,3.3,3.42,0.12,18,92.4,0,25,32.4,5,38.2,2.0,0
2021110595,020213-4837341,std_2021110595@dongguk.edu,학생_595,바이오시스템대학,생명과학과,4,F,학생부종합(DoDream),1.0,1.7,1.48,9,56.6,3,6,2.9,0,76.4,,1
2022110596,030421-3247748,std_2022110596@dongguk.edu,학생_596,경영대학,경영정보학과,4,M,논술위주,2.3,3.63,1.15,12,71.6,2,6,0.0,0,79.8,0.0,1
2022110597,030527-4246444,std_2022110597@dongguk.edu,학생_597,바이오시스템대학,생명과학과,4,F,수능위주(정시),2.91,2.86,-0.05,18,94.9,0,22,17.1,2,21.3,3.0,0
2023110598,040111-3484325,std_2023110598@dongguk.edu,학생_598,공과대학,기계로봇에너지공학과,3,M,논술위주,3.48,3.66,0.18,18,97.7,0,20,18.8,3,31.2,3.0,0
2023110599,040717-4306873,std_2023110599@dongguk.edu,학생_599,바이오시스템대학,바이오환경과학과,3,F,학생부종합(DoDream),1.48,2.9,1.42,15,64.5,1,5,4.0,1,78.7,0.0,1
2024110600,050128-3378747,std_2024110600@dongguk.edu,학생_600,공과대학,전자전기공학부,2,M,논술위주,3.02,2.79,-0.24,18,95.1,0,19,26.8,4,48.3,3.0,0
2021110601,020123-4750060,std_2021110601@dongguk.edu,학생_601,경영대학,경영학과,4,F,수능위주(정시),2.75,2.74,-0.01,18,87.7,0,22,40.6,6,32.6,2.0,0
2024110602,050612-3651507,std_2024110602@dongguk.edu,학생_602,공과대학,정보통신공학과,2,M,수능위주(정시),3.22,3.17,-0.04,18,92.7,0,21,56.1,8,21.9,3.0,0
2021110603,020825-4968859,std_2021110603@dongguk.edu,학생_603,공과대학,컴퓨터인공지능전공,4,F,수능위주(정시),2.3,3.94,1.54,9,67.1,3,6,0.0,0,52.2,1.0,1
2022110604,030616-3597275,std_2022110604@dongguk.edu,학생_604,공과대학,전자전기공학부,4,M,학생부종합(DoDream),1.2,2.59,1.39,15,68.0,1,6,5.2,1,76.0,0.0,1
2024110605,050316-4463133,std_2024110605@dongguk.edu,학생_605,공과대학,컴퓨터인공지능전공,2,F,교과위주(학교장추천),2.54,2.51,-0.03,15,99.5,1,18,33.2,5,15.7,3.0,0
2022110606,031225-3792727,std_2022110606@dongguk.edu,학생_606,문과대학,국어국문학과,4,M,수능위주(정시),2.61,2.51,-0.1,15,94.7,1,24,22.0,3,25.8,0.0,0
2023110607,041023-4319854,std_2023110607@dongguk.edu,학생_607,경영대학,회계학과,3,F,논술위주,2.93,2.77,-0.16,18,90.3,0,22,28.6,4,15.3,3.0,0
2023110608,041102-3332661,std_2023110608@dongguk.edu,학생_608,문과대학,철학과,3,M,논술위주,2.2,2.13,0.01,18,98.2,0,23,16.5,2,45.4,0.0,0
2021110609,020618-4461995,std_2021110609@dongguk.edu,학생_609,사범대학,수학교육과,4,F,논술위주,2.32,2.33,0.0,18,92.4,0,21,24.2,3,19.0,2.0,0
2021110610,020215-3185687,std_2021110610@dongguk.edu,학생_610,경영대학,회계학과,4,M,논술위주,2.45,2.43,-0.02,18,96.4,0,19,15.6,2,38.4,0.0,0
2021110611,021124-4933721,std_2021110611@dongguk.edu,학생_611,바이오시스템대학,생명과학과,4,F,학생부종합(DoDream),1.44,2.47,1.04,15,74.5,1,2,11.4,2,74.4,,1
2021110612,020104-3146901,std_2021110612@dongguk.edu,학생_612,경영대학,경영정보학과,4,M,논술위주,2.86,3.32,0.46,18,94.4,0,20,13.8,2,23.7,0.0,0
2022110613,030912-4969061,std_2022110613@dongguk.edu,학생_613,경영대학,회계학과,4,F,교과위주(학교장추천),2.55,2.64,0.09,18,86.2,0,13,16.8,2,31.4,0.0,0
2021110614,021206-3998407,std_2021110614@dongguk.edu,학생_614,사범대학,수학교육과,4,M,교과위주(학교장추천),1.36,3.12,1.76,9,81.8,3,7,0.7,0,50.9,0.0,1
2024110615,050619-4543884,std_2024110615@dongguk.edu,학생_615,문과대학,영어영문학전공,2,F,교과위주(학교장추천),2.69,2.64,-0.05,18,91.3,0,20,20.6,3,31.4,2.0,0
2023110616,040616-3446655,std_2023110616@dongguk.edu,학생_616,경영대학,회계학과,3,M,논술위주,3.35,3.01,-0.34,15,92.6,1,24,49.8,7,16.7,1.0,0
2022110617,030506-4514562,std_2022110617@dongguk.edu,학생_617,바이오시스템대학,식품생명공학과,4,F,수능위주(정시),3.6,3.75,0.15,18,92.3,0,28,33.6,5,29.4,1.0,0
2024110618,050113-3211153,std_2024110618@dongguk.edu,학생_618,문과대학,영어영문학전공,2,M,논술위주,2.84,2.93,0.09,18,94.4,0,24,20.1,3,20.8,3.0,0
2022110619,031204-4540691,std_2022110619@dongguk.edu,학생_619,공과대학,컴퓨터인공지능전공,4,F,논술위주,2.2,2.33,0.25,18,95.8,0,20,9.4,1,46.3,0.0,0
2023110620,040428-3160664,std_2023110620@dongguk.edu,학생_620,문과대학,사학과,3,M,논술위주,2.99,3.22,0.22,15,93.8,1,23,26.3,4,41.6,3.0,0
2022110621,031024-4398009,std_2022110621@dongguk.edu,학생_621,경영대학,회계학과,4,F,수능위주(정시),4.04,3.88,-0.15,18,100.0,0,19,22.8,3,19.6,3.0,0
2022110622,030407-3382154,std_2022110622@dongguk.edu,학생_622,경영대학,경영정보학과,4,M,논술위주,2.2,1.78,0.11,18,96.5,0,19,19.7,3,46.6,1.0,0
2022110623,030224-4692127,std_2022110623@dongguk.edu,학생_623,사범대학,국어교육과,4,F,수능위주(정시),2.88,3.32,0.44,18,93.3,0,19,10.9,2,31.9,1.0,0
2023110624,040818-3473166,std_2023110624@dongguk.edu,학생_624,공과대학,컴퓨터인공지능전공,3,M,수능위주(정시),2.95,2.63,-0.31,15,86.5,1,24,17.4,2,27.2,1.0,0
2023110625,040228-4756282,std_2023110625@dongguk.edu,학생_625,문과대학,사학과,3,F,학생부종합(DoDream),2.63,2.78,0.15,18,99.6,0,22,17.2,2,14.6,1.0,0
2023110626,040110-3828927,std_2023110626@dongguk.edu,학생_626,문과대학,국어국문학과,3,M,교과위주(학교장추천),3.31,3.36,0.05,18,92.7,0,19,35.4,5,50.9,0.0,0
2024110627,051021-4564764,std_2024110627@dongguk.edu,학생_627,바이오시스템대학,바이오환경과학과,2,F,학생부종합(DoDream),3.41,3.16,-0.25,18,97.0,0,24,41.9,6,27.4,0.0,0
2023110628,040505-3635755,std_2023110628@dongguk.edu,학생_628,바이오시스템대학,생명과학과,3,M,논술위주,2.52,2.31,-0.21,18,97.4,0,20,19.7,3,32.3,3.0,0
2024110629,051022-4315196,std_2024110629@dongguk.edu,학생_629,바이오시스템대학,바이오환경과학과,2,F,교과위주(학교장추천),3.37,3.12,-0.25,18,87.1,0,18,26.1,4,40.1,,0
2024110630,050723-3912897,std_2024110630@dongguk.edu,학생_630,공과대학,전자전기공학부,2,M,교과위주(학교장추천),3.52,3.05,-0.47,18,89.6,0,14,13.8,2,34.0,3.0,0
2023110631,040204-4279729,std_2023110631@dongguk.edu,학생_631,문과대학,철학과,3,F,수능위주(정시),3.94,3.67,-0.26,18,91.9,0,25,26.3,4,30.8,2.0,0
2023110632,040208-3858912,std_2023110632@dongguk.edu,학생_632,바이오시스템대학,바이오환경과학과,3,M,논술위주,1.26,2.74,1.48,12,72.9,2,9,3.9,1,63.5,,1
2021110633,020604-4538350,std_2021110633@dongguk.edu,학생_633,경영대학,회계학과,4,F,수능위주(정시),2.55,2.53,-0.03,18,99.2,0,18,29.7,4,18.4,1.0,0
2021110634,020107-3622059,std_2021110634@dongguk.edu,학생_634,경영대학,경영학과,4,M,학생부종합(DoDream),3.0,3.43,0.44,18,86.0,0,21,10.6,2,37.2,0.0,0
2021110635,020219-4927637,std_2021110635@dongguk.edu,학생_635,문과대학,철학과,4,F,학생부종합(DoDream),2.07,3.82,1.76,9,56.6,3,7,10.0,1,64.7,,1
2022110636,030708-3636932,std_2022110636@dongguk.edu,학생_636,공과대학,전자전기공학부,4,M,논술위주,4.27,4.2,-0.07,18,96.7,0,14,18.8,3,51.5,1.0,0
2022110637,031216-4745452,std_2022110637@dongguk.edu,학생_637,문과대학,영어영문학전공,4,F,논술위주,1.56,2.65,1.1,6,58.8,4,11,4.4,1,57.6,1.0,1
2021110638,021021-3331789,std_2021110638@dongguk.edu,학생_638,공과대학,전자전기공학부,4,M,수능위주(정시),3.09,3.17,0.08,18,87.4,0,24,20.7,3,19.3,1.0,0
2022110639,031018-4122525,std_2022110639@dongguk.edu,학생_639,공과대학,기계로봇에너지공학과,4,F,수능위주(정시),4.21,3.96,-0.25,18,92.6,0,22,32.4,5,22.0,3.0,0
2022110640,030824-3895907,std_2022110640@dongguk.edu,학생_640,공과대학,정보통신공학과,4,M,학생부종합(DoDream),1.97,3.46,1.49,9,74.8,3,2,6.4,1,74.8,0.0,1
2023110641,040325-4974075,std_2023110641@dongguk.edu,학생_641,문과대학,사학과,3,F,논술위주,1.35,3.02,1.67,9,70.4,3,5,1.7,0,36.9,1.0,1
2023110642,041013-3681166,std_2023110642@dongguk.edu,학생_642,바이오시스템대학,식품생명공학과,3,M,논술위주,3.2,2.97,-0.22,18,93.7,0,14,23.5,3,29.6,,0
2021110643,020612-4425075,std_2021110643@dongguk.edu,학생_643,공과대학,정보통신공학과,4,F,논술위주,1.26,3.0,1.74,12,76.1,2,5,0.0,0,57.8,0.0,1
2021110644,020105-3283505,std_2021110644@dongguk.edu,학생_644,공과대학,정보통신공학과,4,M,수능위주(정시),3.37,3.01,-0.35,18,90.7,0,18,33.4,5,20.3,,0
2023110645,040225-4419540,std_2023110645@dongguk.edu,학생_645,공과대학,정보통신공학과,3,F,수능위주(정시),2.5,2.39,-0.11,18,93.5,0,10,32.2,5,23.5,3.0,0
2022110646,030809-3210572,std_2022110646@dongguk.edu,학생_646,경영대학,경영학과,4,M,교과위주(학교장추천),2.87,2.93,0.06,18,98.4,0,23,9.3,1,28.5,3.0,0
2023110647,040805-4718173,std_2023110647@dongguk.edu,학생_647,공과대학,기계로봇에너지공학과,3,F,수능위주(정시),2.87,3.31,0.44,18,89.3,0,20,33.5,5,41.3,3.0,0
2023110648,040812-3891352,std_2023110648@dongguk.edu,학생_648,문과대학,철학과,3,M,학생부종합(DoDream),3.57,3.47,-0.1,18,99.7,0,14,31.8,5,35.1,1.0,0
2023110649,040122-4795585,std_2023110649@dongguk.edu,학생_649,공과대학,전자전기공학부,3,F,수능위주(정시),3.74,3.9,0.16,18,92.8,0,18,44.3,6,39.0,0.0,0
2022110650,031112-3939726,std_2022110650@dongguk.edu,학생_650,문과대학,철학과,4,M,교과위주(학교장추천),3.12,3.08,-0.04,18,99.0,0,24,33.4,5,25.1,3.0,0
2022110651,030121-4967378,std_2022110651@dongguk.edu,학생_651,문과대학,철학과,4,F,수능위주(정시),3.51,3.6,0.09,18,94.6,0,21,24.7,4,27.3,0.0,0
2023110652,040722-3187897,std_2023110652@dongguk.edu,학생_652,경영대학,경영정보학과,3,M,논술위주,3.39,3.41,0.02,18,96.8,0,22,25.7,4,24.0,2.0,0
2024110653,051105-4198993,std_2024110653@dongguk.edu,학생_653,공과대학,정보통신공학과,2,F,교과위주(학교장추천),4.27,3.86,-0.4,18,92.4,0,23,18.8,3,27.3,,0
2023110654,040317-3768860,std_2023110654@dongguk.edu,학생_654,문과대학,영어영문학전공,3,M,논술위주,2.9,3.1,0.2,18,95.2,0,20,37.9,5,27.2,2.0,0
2024110655,050319-4985486,std_2024110655@dongguk.edu,학생_655,문과대학,철학과,2,F,논술위주,2.3,4.29,1.3,12,57.9,2,8,1.8,0,52.0,0.0,1
2022110656,030606-3370640,std_2022110656@dongguk.edu,학생_656,사범대학,수학교육과,4,M,학생부종합(DoDream),3.55,3.46,-0.09,18,98.7,0,20,37.0,5,17.9,3.0,0
2023110657,040522-4945231,std_2023110657@dongguk.edu,학생_657,공과대학,전자전기공학부,3,F,학생부종합(DoDream),1.89,2.83,0.94,15,65.2,1,8,0.0,0,71.8,,1
2022110658,030406-3903516,std_2022110658@dongguk.edu,학생_658,바이오시스템대학,생명과학과,4,M,수능위주(정시),3.4,3.51,0.11,18,96.8,0,26,40.8,6,33.9,,0
2021110659,020909-4102928,std_2021110659@dongguk.edu,학생_659,공과대학,정보통신공학과,4,F,학생부종합(DoDream),1.2,2.73,1.52,15,61.3,1,8,8.2,1,63.5,0.0,1
2023110660,041027-3148231,std_2023110660@dongguk.edu,학생_660,바이오시스템대학,식품생명공학과,3,M,학생부종합(DoDream),2.73,2.85,0.13,18,95.5,0,23,38.0,5,34.3,,0
2024110661,050116-4484412,std_2024110661@dongguk.edu,학생_661,사범대학,수학교육과,2,F,학생부종합(DoDream),1.0,2.27,1.39,9,74.0,3,11,4.2,1,64.6,,1
2023110662,040921-3984156,std_2023110662@dongguk.edu,학생_662,바이오시스템대학,바이오환경과학과,3,M,수능위주(정시),2.3,4.17,0.91,6,75.4,4,7,8.5,1,60.3,1.0,1
2024110663,050315-4300741,std_2024110663@dongguk.edu,학생_663,문과대학,철학과,2,F,학생부종합(DoDream),4.12,4.06,-0.06,18,96.9,0,17,23.0,3,38.3,0.0,0
2023110664,040212-3796001,std_2023110664@dongguk.edu,학생_664,문과대학,국어국문학과,3,M,수능위주(정시),4.33,4.18,-0.15,18,93.9,0,19,25.0,4,41.7,3.0,0
2021110665,021003-4817654,std_2021110665@dongguk.edu,학생_665,공과대학,컴퓨터인공지능전공,4,F,교과위주(학교장추천),4.25,3.96,-0.29,18,98.7,0,18,27.4,4,17.0,3.0,0
2022110666,031004-3639877,std_2022110666@dongguk.edu,학생_666,공과대학,컴퓨터인공지능전공,4,M,학생부종합(DoDream),2.2,2.2,0.34,18,91.4,0,15,32.8,5,30.5,2.0,0
2023110667,040427-4921571,std_2023110667@dongguk.edu,학생_667,문과대학,영어영문학전공,3,F,교과위주(학교장추천),1.99,3.75,1.76,12,67.4,2,5,6.9,1,73.3,,1
2021110668,020502-3349894,std_2021110668@dongguk.edu,학생_668,문과대학,영어영문학전공,4,M,교과위주(학교장추천),3.01,3.0,-0.01,18,95.7,0,15,25.7,4,29.6,3.0,0
2022110669,031202-4810732,std_2022110669@dongguk.edu,학생_669,바이오시스템대학,식품생명공학과,4,F,교과위주(학교장추천),2.35,2.4,0.05,18,95.9,0,23,28.1,4,41.7,0.0,0
2023110670,041020-3782743,std_2023110670@dongguk.edu,학생_670,경영대학,경영정보학과,3,M,교과위주(학교장추천),3.34,3.21,-0.13,18,98.3,0,11,20.6,3,18.5,1.0,0
2023110671,040426-4660948,std_2023110671@dongguk.edu,학생_671,경영대학,경영학과,3,F,수능위주(정시),3.08,3.07,-0.0,18,96.1,0,27,20.1,3,40.5,1.0,0
2024110672,050126-3521626,std_2024110672@dongguk.edu,학생_672,공과대학,전자전기공학부,2,M,논술위주,3.36,3.43,0.07,18,96.9,0,25,28.3,4,22.6,3.0,0
2023110673,040218-4416096,std_2023110673@dongguk.edu,학생_673,문과대학,영어영문학전공,3,F,교과위주(학교장추천),3.06,3.13,0.07,18,92.5,0,17,11.9,2,36.7,2.0,0
2024110674,050407-3146025,std_2024110674@dongguk.edu,학생_674,공과대학,기계로봇에너지공학과,2,M,학생부종합(DoDream),2.3,4.3,0.92,9,59.7,3,11,5.6,1,63.5,0.0,1
2023110675,040221-4598515,std_2023110675@dongguk.edu,학생_675,공과대학,전자전기공학부,3,F,학생부종합(DoDream),3.64,3.5,-0.13,18,99.3,0,18,24.0,3,28.2,0.0,0
2024110676,050717-3613271,std_2024110676@dongguk.edu,학생_676,문과대학,철학과,2,M,논술위주,3.0,3.37,0.37,18,82.0,0,25,16.1,2,13.6,0.0,0
2024110677,050808-4736572,std_2024110677@dongguk.edu,학생_677,사범대학,국어교육과,2,F,교과위주(학교장추천),3.53,3.51,-0.02,18,91.2,0,18,26.8,4,28.4,0.0,0
2024110678,050227-3546732,std_2024110678@dongguk.edu,학생_678,바이오시스템대학,바이오환경과학과,2,M,학생부종합(DoDream),3.67,3.37,-0.31,15,91.6,1,16,7.9,1,19.3,0.0,0
2021110679,021007-4434796,std_2021110679@dongguk.edu,학생_679,문과대학,영어영문학전공,4,F,교과위주(학교장추천),3.67,3.25,-0.42,18,92.4,0,19,28.4,4,38.0,1.0,0
2023110680,040822-3116167,std_2023110680@dongguk.edu,학생_680,문과대학,사학과,3,M,수능위주(정시),2.96,2.9,-0.06,18,93.8,0,24,5.6,1,32.5,1.0,0
2023110681,040915-4444891,std_2023110681@dongguk.edu,학생_681,바이오시스템대학,바이오환경과학과,3,F,교과위주(학교장추천),3.75,3.89,0.13,18,97.9,0,12,15.0,2,25.9,0.0,0
2022110682,030214-3927637,std_2022110682@dongguk.edu,학생_682,공과대학,컴퓨터인공지능전공,4,M,논술위주,2.49,2.49,0.0,18,87.6,0,19,30.5,4,30.7,3.0,0
2023110683,040516-4187844,std_2023110683@dongguk.edu,학생_683,바이오시스템대학,생명과학과,3,F,교과위주(학교장추천),3.27,2.97,-0.3,18,90.1,0,19,27.8,4,20.1,1.0,0
2021110684,020102-3247745,std_2021110684@dongguk.edu,학생_684,바이오시스템대학,바이오환경과학과,4,M,교과위주(학교장추천),3.31,3.13,-0.18,18,93.3,0,16,13.0,2,57.7,2.0,0
2022110685,031127-4542985,std_2022110685@dongguk.edu,학생_685,공과대학,전자전기공학부,4,F,수능위주(정시),2.58,2.56,-0.02,18,96.4,0,18,23.3,3,37.7,0.0,0
2022110686,030320-3474016,std_2022110686@dongguk.edu,학생_686,공과대학,컴퓨터인공지능전공,4,M,수능위주(정시),2.26,3.49,1.23,6,75.9,4,10,2.9,0,75.1,,1
2024110687,050413-4868278,std_2024110687@dongguk.edu,학생_687,공과대학,컴퓨터인공지능전공,2,F,논술위주,2.87,2.68,-0.19,15,91.2,1,17,20.1,3,41.3,1.0,0
2022110688,030120-3357023,std_2022110688@dongguk.edu,학생_688,경영대학,경영학과,4,M,학생부종합(DoDream),2.47,2.94,0.47,18,98.3,0,19,13.0,2,29.3,0.0,0
2022110689,030823-4128887,std_2022110689@dongguk.edu,학생_689,바이오시스템대학,생명과학과,4,F,논술위주,2.34,2.6,0.26,18,90.8,0,25,26.4,4,23.4,3.0,0
2022110690,030406-3991354,std_2022110690@dongguk.edu,학생_690,문과대학,사학과,4,M,논술위주,2.28,2.5,0.22,18,93.8,0,17,24.3,3,30.2,1.0,0
2024110691,050501-4728781,std_2024110691@dongguk.edu,학생_691,공과대학,컴퓨터인공지능전공,2,F,교과위주(학교장추천),3.33,3.18,-0.14,15,97.9,1,22,20.7,3,33.2,0.0,0
2023110692,041211-3369629,std_2023110692@dongguk.edu,학생_692,바이오시스템대학,바이오환경과학과,3,M,학생부종합(DoDream),3.49,3.45,-0.04,18,93.9,0,20,35.2,5,34.3,0.0,0
2024110693,050102-4521584,std_2024110693@dongguk.edu,학생_693,공과대학,컴퓨터인공지능전공,2,F,교과위주(학교장추천),1.5,3.15,1.65,12,85.0,2,3,1.8,0,41.0,,1
2024110694,050528-3435500,std_2024110694@dongguk.edu,학생_694,공과대학,기계로봇에너지공학과,2,M,논술위주,1.14,2.91,1.77,9,65.6,3,11,6.3,1,73.5,0.0,1
2021110695,021221-4892650,std_2021110695@dongguk.edu,학생_695,공과대학,기계로봇에너지공학과,4,F,수능위주(정시),3.5,3.42,-0.08,15,93.2,1,22,20.1,3,14.1,0.0,0
2024110696,050807-3378796,std_2024110696@dongguk.edu,학생_696,문과대학,철학과,2,M,학생부종합(DoDream),1.73,3.02,1.28,15,82.8,1,4,2.5,0,58.9,,1
2023110697,040522-4996465,std_2023110697@dongguk.edu,학생_697,경영대학,경영정보학과,3,F,교과위주(학교장추천),2.1,3.61,1.5,15,79.3,1,6,0.9,0,66.5,1.0,1
2021110698,020121-3486377,std_2021110698@dongguk.edu,학생_698,공과대학,정보통신공학과,4,M,수능위주(정시),2.99,3.22,0.23,18,86.2,0,14,33.5,5,36.0,2.0,0
2021110699,020427-4740245,std_2021110699@dongguk.edu,학생_699,문과대학,철학과,4,F,논술위주,2.59,2.69,0.09,18,93.3,0,17,26.3,4,37.8,0.0,0
2021110700,021002-3405758,std_2021110700@dongguk.edu,학생_700,사범대학,교육학과,4,M,학생부종합(DoDream),3.07,2.98,-0.08,18,96.1,0,15,20.4,3,33.7,,0
2023110701,040216-4875806,std_2023110701@dongguk.edu,학생_701,바이오시스템대학,식품생명공학과,3,F,수능위주(정시),3.31,2.78,-0.53,18,94.1,0,24,25.2,4,14.3,3.0,0
2022110702,030702-3107711,std_2022110702@dongguk.edu,학생_702,문과대학,철학과,4,M,논술위주,2.3,3.67,1.2,6,69.2,4,4,5.2,1,53.9,1.0,1
2023110703,040714-4226794,std_2023110703@dongguk.edu,학생_703,문과대학,철학과,3,F,수능위주(정시),2.68,2.6,-0.08,18,92.6,0,18,24.2,3,29.5,3.0,0
2024110704,050106-3776689,std_2024110704@dongguk.edu,학생_704,공과대학,정보통신공학과,2,M,논술위주,2.57,2.8,0.23,18,99.0,0,19,24.4,3,43.4,3.0,0
2021110705,021219-4498496,std_2021110705@dongguk.edu,학생_705,경영대학,회계학과,4,F,학생부종합(DoDream),3.84,3.93,0.09,18,89.2,0,21,27.7,4,35.7,0.0,0
2021110706,020201-3428333,std_2021110706@dongguk.edu,학생_706,바이오시스템대학,식품생명공학과,4,M,논술위주,3.87,3.55,-0.32,18,92.8,0,16,33.2,5,29.5,1.0,0
2024110707,050422-4825578,std_2024110707@dongguk.edu,학생_707,문과대학,영어영문학전공,2,F,학생부종합(DoDream),2.67,2.76,0.08,18,92.3,0,28,14.6,2,20.5,2.0,0
2024110708,051128-3362025,std_2024110708@dongguk.edu,학생_708,바이오시스템대학,생명과학과,2,M,논술위주,3.29,3.12,-0.17,18,96.6,0,22,32.5,5,22.9,2.0,0
2023110709,041108-4231016,std_2023110709@dongguk.edu,학생_709,공과대학,정보통신공학과,3,F,논술위주,4.07,4.18,0.11,18,96.3,0,19,28.6,4,42.4,1.0,0
2024110710,050906-3523345,std_2024110710@dongguk.edu,학생_710,문과대학,철학과,2,M,논술위주,2.3,4.05,1.41,15,64.2,1,5,4.4,1,76.7,0.0,1
2024110711,050123-4228544,std_2024110711@dongguk.edu,학생_711,바이오시스템대학,바이오환경과학과,2,F,논술위주,3.92,3.6,-0.33,18,94.0,0,20,27.2,4,20.2,2.0,0
2024110712,050910-3345741,std_2024110712@dongguk.edu,학생_712,문과대학,사학과,2,M,수능위주(정시),2.3,3.59,0.87,15,66.5,1,10,3.8,1,39.8,,1
2023110713,040912-4508540,std_2023110713@dongguk.edu,학생_713,사범대학,수학교육과,3,F,수능위주(정시),3.07,3.43,0.35,18,90.7,0,21,15.5,2,30.2,2.0,0
2024110714,050903-3170246,std_2024110714@dongguk.edu,학생_714,문과대학,영어영문학전공,2,M,교과위주(학교장추천),2.9,2.89,-0.01,15,94.4,1,14,30.8,4,46.2,0.0,0
2021110715,020215-4302049,std_2021110715@dongguk.edu,학생_715,경영대학,회계학과,4,F,수능위주(정시),3.13,3.05,-0.08,18,94.4,0,20,25.6,4,34.9,2.0,0
2022110716,030628-3422726,std_2022110716@dongguk.edu,학생_716,공과대학,기계로봇에너지공학과,4,M,수능위주(정시),3.16,3.1,-0.06,18,97.7,0,19,26.8,4,10.0,0.0,0
2024110717,051106-4145950,std_2024110717@dongguk.edu,학생_717,사범대학,교육학과,2,F,교과위주(학교장추천),3.41,2.96,-0.45,18,91.3,0,11,14.9,2,10.0,1.0,0
2023110718,040502-3718773,std_2023110718@dongguk.edu,학생_718,경영대학,회계학과,3,M,논술위주,3.37,3.18,-0.19,18,92.8,0,25,24.0,3,34.3,2.0,0
2024110719,051118-4192663,std_2024110719@dongguk.edu,학생_719,경영대학,경영정보학과,2,F,교과위주(학교장추천),3.16,2.79,-0.38,18,84.1,0,19,22.9,3,44.7,2.0,0
2022110720,031220-3805662,std_2022110720@dongguk.edu,학생_720,공과대학,기계로봇에너지공학과,4,M,논술위주,3.59,3.29,-0.3,15,95.0,1,23,38.8,6,27.7,3.0,0
2022110721,030101-4805051,std_2022110721@dongguk.edu,학생_721,바이오시스템대학,바이오환경과학과,4,F,수능위주(정시),2.79,2.88,0.1,18,100.0,0,22,26.7,4,13.2,2.0,0
2023110722,040218-3801475,std_2023110722@dongguk.edu,학생_722,공과대학,전자전기공학부,3,M,논술위주,2.3,4.23,0.92,15,58.8,1,7,0.4,0,60.5,,1
2024110723,050117-4567601,std_2024110723@dongguk.edu,학생_723,문과대학,국어국문학과,2,F,학생부종합(DoDream),2.35,2.58,0.23,18,96.0,0,13,30.2,4,14.1,2.0,0
2022110724,030818-3915805,std_2022110724@dongguk.edu,학생_724,공과대학,정보통신공학과,4,M,교과위주(학교장추천),3.5,3.55,0.05,18,94.5,0,20,31.3,4,26.3,1.0,0
2023110725,040227-4165555,std_2023110725@dongguk.edu,학생_725,문과대학,국어국문학과,3,F,논술위주,3.29,3.59,0.3,18,96.5,0,13,34.8,5,41.5,1.0,0
2023110726,040209-3607026,std_2023110726@dongguk.edu,학생_726,문과대학,국어국문학과,3,M,학생부종합(DoDream),2.71,2.68,-0.03,18,92.1,0,25,23.7,3,26.7,,0
2023110727,040203-4807609,std_2023110727@dongguk.edu,학생_727,공과대학,컴퓨터인공지능전공,3,F,수능위주(정시),2.64,3.03,0.39,18,95.0,0,22,13.3,2,31.2,0.0,0
2022110728,030310-3371639,std_2022110728@dongguk.edu,학생_728,문과대학,국어국문학과,4,M,학생부종합(DoDream),3.34,2.99,-0.35,15,95.3,1,23,19.4,3,10.0,3.0,0
2021110729,020212-4987582,std_2021110729@dongguk.edu,학생_729,사범대학,수학교육과,4,F,논술위주,2.42,2.6,0.18,18,86.5,0,15,19.8,3,41.8,,0
2024110730,051105-3266901,std_2024110730@dongguk.edu,학생_730,사범대학,국어교육과,2,M,수능위주(정시),3.62,3.53,-0.09,18,92.4,0,19,31.8,5,10.0,3.0,0
2023110731,040610-4542762,std_2023110731@dongguk.edu,학생_731,경영대학,경영학과,3,F,논술위주,3.11,3.54,0.43,18,90.4,0,22,26.9,4,35.4,1.0,0
2024110732,050108-3549535,std_2024110732@dongguk.edu,학생_732,공과대학,기계로봇에너지공학과,2,M,논술위주,1.6,2.97,1.37,15,63.5,1,9,2.9,0,82.2,0.0,1
2023110733,040819-4216905,std_2023110733@dongguk.edu,학생_733,문과대학,사학과,3,F,수능위주(정시),3.12,3.7,0.59,18,100.0,0,19,19.4,3,51.3,3.0,0
2022110734,031009-3354770,std_2022110734@dongguk.edu,학생_734,경영대학,경영학과,4,M,교과위주(학교장추천),2.73,2.56,-0.16,18,94.9,0,21,13.7,2,36.5,2.0,0
2023110735,040422-4921246,std_2023110735@dongguk.edu,학생_735,문과대학,국어국문학과,3,F,학생부종합(DoDream),3.61,3.73,0.13,18,100.0,0,21,32.5,5,36.0,0.0,0
2023110736,041002-3605027,std_2023110736@dongguk.edu,학생_736,바이오시스템대학,바이오환경과학과,3,M,수능위주(정시),2.2,2.34,0.16,15,90.1,1,15,20.1,3,26.3,2.0,0
2024110737,050913-4651646,std_2024110737@dongguk.edu,학생_737,문과대학,철학과,2,F,수능위주(정시),2.82,2.44,-0.37,18,91.2,0,27,29.0,4,36.4,0.0,0
2022110738,030206-3634968,std_2022110738@dongguk.edu,학생_738,공과대학,정보통신공학과,4,M,수능위주(정시),3.2,2.99,-0.21,18,97.3,0,17,38.6,6,31.1,3.0,0
2023110739,041114-4670638,std_2023110739@dongguk.edu,학생_739,문과대학,사학과,3,F,수능위주(정시),2.2,2.49,0.43,18,97.1,0,25,23.6,3,18.7,3.0,0
2021110740,020203-3418461,std_2021110740@dongguk.edu,학생_740,경영대학,경영정보학과,4,M,교과위주(학교장추천),2.89,3.16,0.27,18,88.4,0,16,24.5,4,33.7,3.0,0
2024110741,050903-4846178,std_2024110741@dongguk.edu,학생_741,공과대학,컴퓨터인공지능전공,2,F,교과위주(학교장추천),3.7,3.53,-0.17,15,100.0,1,22,25.2,4,37.3,0.0,0
2024110742,051127-3816631,std_2024110742@dongguk.edu,학생_742,공과대학,정보통신공학과,2,M,학생부종합(DoDream),3.36,3.13,-0.23,18,94.1,0,21,28.3,4,36.4,0.0,0
2022110743,031008-4644481,std_2022110743@dongguk.edu,학생_743,공과대학,컴퓨터인공지능전공,4,F,교과위주(학교장추천),2.91,3.38,0.46,18,95.1,0,26,22.3,3,33.7,2.0,0
2023110744,040322-3833349,std_2023110744@dongguk.edu,학생_744,공과대학,컴퓨터인공지능전공,3,M,수능위주(정시),3.46,3.35,-0.11,18,92.5,0,19,21.9,3,41.1,1.0,0
2022110745,030613-4273104,std_2022110745@dongguk.edu,학생_745,공과대학,정보통신공학과,4,F,학생부종합(DoDream),3.47,3.46,-0.01,18,90.9,0,14,19.8,3,14.6,1.0,0
2021110746,020822-3171895,std_2021110746@dongguk.edu,학생_746,바이오시스템대학,식품생명공학과,4,M,수능위주(정시),4.04,3.99,-0.05,18,90.6,0,19,25.2,4,26.2,3.0,0
2021110747,020412-4757960,std_2021110747@dongguk.edu,학생_747,사범대학,국어교육과,4,F,수능위주(정시),2.73,2.62,-0.11,18,94.8,0,17,9.6,1,32.8,2.0,0
2022110748,031210-3381648,std_2022110748@dongguk.edu,학생_748,경영대학,경영학과,4,M,교과위주(학교장추천),2.88,2.88,0.01,18,90.6,0,23,21.7,3,10.0,2.0,0
2022110749,031117-4955542,std_2022110749@dongguk.edu,학생_749,바이오시스템대학,바이오환경과학과,4,F,교과위주(학교장추천),3.84,3.68,-0.17,18,92.9,0,24,11.5,2,32.2,2.0,0
2023110750,040120-3295659,std_2023110750@dongguk.edu,학생_750,경영대학,회계학과,3,M,수능위주(정시),2.87,2.83,-0.04,18,92.8,0,17,28.2,4,31.4,3.0,0
2024110751,051227-4991123,std_2024110751@dongguk.edu,학생_751,문과대학,철학과,2,F,논술위주,1.03,2.68,1.65,9,76.5,3,10,9.6,1,71.6,0.0,1
2023110752,040910-3843919,std_2023110752@dongguk.edu,학생_752,공과대학,정보통신공학과,3,M,수능위주(정시),3.01,3.01,-0.0,18,94.0,0,17,20.4,3,16.0,2.0,0
2023110753,040324-4811507,std_2023110753@dongguk.edu,학생_753,공과대학,기계로봇에너지공학과,3,F,교과위주(학교장추천),3.93,3.73,-0.19,18,94.4,0,25,9.1,1,30.5,0.0,0
2023110754,040925-3385797,std_2023110754@dongguk.edu,학생_754,공과대학,기계로봇에너지공학과,3,M,학생부종합(DoDream),2.71,2.94,0.22,18,95.6,0,15,20.4,3,22.8,2.0,0
2023110755,040817-4410569,std_2023110755@dongguk.edu,학생_755,경영대학,회계학과,3,F,학생부종합(DoDream),2.3,3.4,0.98,12,64.7,2,7,5.3,1,65.8,0.0,1
2023110756,040614-3892047,std_2023110756@dongguk.edu,학생_756,공과대학,컴퓨터인공지능전공,3,M,교과위주(학교장추천),2.1,3.07,0.97,12,65.5,2,7,6.1,1,61.9,0.0,1
2021110757,020412-4530754,std_2021110757@dongguk.edu,학생_757,사범대학,교육학과,4,F,수능위주(정시),3.55,3.46,-0.08,18,97.7,0,19,29.1,4,26.3,0.0,0
2024110758,051221-3667848,std_2024110758@dongguk.edu,학생_758,경영대학,경영정보학과,2,M,논술위주,2.26,2.54,0.27,15,98.2,1,20,29.4,4,49.4,,0
2021110759,021002-4124406,std_2021110759@dongguk.edu,학생_759,공과대학,정보통신공학과,4,F,학생부종합(DoDream),1.46,2.3,0.84,12,75.4,2,11,7.3,1,70.3,1.0,1
2024110760,050808-3833771,std_2024110760@dongguk.edu,학생_760,경영대학,경영정보학과,2,M,학생부종합(DoDream),3.42,3.38,-0.04,15,96.9,1,17,24.9,4,14.1,,0
2024110761,050922-4795087,std_2024110761@dongguk.edu,학생_761,공과대학,컴퓨터인공지능전공,2,F,교과위주(학교장추천),2.3,3.65,1.18,12,66.2,2,6,0.0,0,61.6,1.0,1
2023110762,040820-3806182,std_2023110762@dongguk.edu,학생_762,공과대학,전자전기공학부,3,M,수능위주(정시),3.37,3.33,-0.04,18,89.0,0,18,19.5,3,10.0,1.0,0
2024110763,050515-4854207,std_2024110763@dongguk.edu,학생_763,경영대학,경영학과,2,F,논술위주,1.78,3.06,1.28,15,75.9,1,10,7.9,1,78.2,0.0,1
2021110764,020215-3402408,std_2021110764@dongguk.edu,학생_764,문과대학,영어영문학전공,4,M,논술위주,2.97,3.26,0.29,18,86.3,0,23,13.9,2,18.8,2.0,0
2021110765,020713-4475360,std_2021110765@dongguk.edu,학생_765,공과대학,기계로봇에너지공학과,4,F,수능위주(정시),3.49,3.95,0.47,18,92.4,0,15,18.2,3,12.3,,0
2021110766,021110-3916517,std_2021110766@dongguk.edu,학생_766,공과대학,기계로봇에너지공학과,4,M,논술위주,3.26,3.03,-0.23,18,94.4,0,19,18.4,3,32.6,1.0,0
2023110767,040324-4657437,std_2023110767@dongguk.edu,학생_767,공과대학,정보통신공학과,3,F,학생부종합(DoDream),2.2,2.72,0.52,18,91.9,0,15,18.8,3,28.0,3.0,0
2024110768,051111-3338408,std_2024110768@dongguk.edu,학생_768,문과대학,사학과,2,M,교과위주(학교장추천),3.52,3.3,-0.22,18,94.7,0,13,24.1,3,15.1,1.0,0
2024110769,051027-4387832,std_2024110769@dongguk.edu,학생_769,바이오시스템대학,생명과학과,2,F,수능위주(정시),3.03,3.02,-0.02,18,89.8,0,23,9.1,1,22.5,1.0,0
2021110770,020720-3121637,std_2021110770@dongguk.edu,학생_770,경영대학,회계학과,4,M,수능위주(정시),3.23,2.9,-0.33,18,97.4,0,20,24.8,4,27.3,1.0,0
2023110771,041107-4705109,std_2023110771@dongguk.edu,학생_771,경영대학,경영학과,3,F,수능위주(정시),3.59,3.56,-0.03,18,88.9,0,16,19.5,3,27.4,3.0,0
2021110772,020908-3370445,std_2021110772@dongguk.edu,학생_772,공과대학,기계로봇에너지공학과,4,M,수능위주(정시),3.96,3.84,-0.12,18,90.2,0,26,31.5,4,34.2,0.0,0
2024110773,050627-4506516,std_2024110773@dongguk.edu,학생_773,공과대학,정보통신공학과,2,F,교과위주(학교장추천),2.68,2.3,-0.38,18,93.0,0,23,25.9,4,14.3,3.0,0
2023110774,041009-3992284,std_2023110774@dongguk.edu,학생_774,사범대학,교육학과,3,M,논술위주,2.8,3.13,0.34,15,98.5,1,16,15.3,2,21.2,1.0,0
2023110775,041221-4248079,std_2023110775@dongguk.edu,학생_775,공과대학,컴퓨터인공지능전공,3,F,수능위주(정시),2.21,3.45,1.24,9,64.8,3,2,6.9,1,71.3,,1
2022110776,030603-3703386,std_2022110776@dongguk.edu,학생_776,공과대학,정보통신공학과,4,M,교과위주(학교장추천),3.82,3.33,-0.49,18,100.0,0,17,15.0,2,14.1,2.0,0
2022110777,030809-4345512,std_2022110777@dongguk.edu,학생_777,경영대학,회계학과,4,F,교과위주(학교장추천),3.45,3.46,0.02,15,82.8,1,22,20.1,3,19.6,3.0,0
2024110778,050404-3494879,std_2024110778@dongguk.edu,학생_778,경영대학,경영학과,2,M,교과위주(학교장추천),2.74,2.84,0.1,18,92.2,0,22,16.2,2,52.1,0.0,0
2022110779,030627-4699460,std_2022110779@dongguk.edu,학생_779,공과대학,정보통신공학과,4,F,수능위주(정시),2.72,2.94,0.22,18,92.7,0,24,37.0,5,22.2,3.0,0
2024110780,051219-3993320,std_2024110780@dongguk.edu,학생_780,문과대학,영어영문학전공,2,M,교과위주(학교장추천),4.34,3.78,-0.55,15,99.1,1,14,28.0,4,26.3,1.0,0
2024110781,050101-4122836,std_2024110781@dongguk.edu,학생_781,사범대학,국어교육과,2,F,학생부종합(DoDream),3.33,3.47,0.14,18,92.1,0,21,27.6,4,41.9,0.0,0
2023110782,040825-3380199,std_2023110782@dongguk.edu,학생_782,문과대학,영어영문학전공,3,M,수능위주(정시),2.78,2.85,0.07,18,93.2,0,24,27.3,4,32.0,3.0,0
2024110783,050721-4943409,std_2024110783@dongguk.edu,학생_783,경영대학,회계학과,2,F,수능위주(정시),3.06,3.36,0.3,18,92.9,0,18,12.9,2,37.6,1.0,0
2023110784,040425-3401729,std_2023110784@dongguk.edu,학생_784,문과대학,영어영문학전공,3,M,논술위주,3.37,3.51,0.14,18,92.2,0,19,17.1,2,47.9,3.0,0
2021110785,020318-4783333,std_2021110785@dongguk.edu,학생_785,공과대학,기계로봇에너지공학과,4,F,학생부종합(DoDream),3.35,3.26,-0.09,18,87.9,0,17,16.6,2,47.6,3.0,0
2024110786,050821-3471598,std_2024110786@dongguk.edu,학생_786,경영대학,회계학과,2,M,교과위주(학교장추천),1.85,2.78,0.92,6,75.7,4,10,4.7,1,76.4,0.0,1
2022110787,030421-4396854,std_2022110787@dongguk.edu,학생_787,공과대학,전자전기공학부,4,F,논술위주,2.51,2.5,-0.02,18,91.6,0,13,35.0,5,31.8,2.0,0
2021110788,020312-3893917,std_2021110788@dongguk.edu,학생_788,사범대학,수학교육과,4,M,교과위주(학교장추천),3.66,3.3,-0.36,18,91.2,0,20,29.8,4,33.4,0.0,0
2024110789,050302-4547543,std_2024110789@dongguk.edu,학생_789,공과대학,기계로봇에너지공학과,2,F,수능위주(정시),2.3,3.6,0.94,12,74.4,2,4,4.3,1,82.5,0.0,1
2023110790,041123-3499046,std_2023110790@dongguk.edu,학생_790,사범대학,교육학과,3,M,교과위주(학교장추천),2.8,2.62,-0.18,18,97.7,0,14,15.4,2,32.0,1.0,0
2023110791,040815-4928013,std_2023110791@dongguk.edu,학생_791,공과대학,정보통신공학과,3,F,수능위주(정시),2.72,2.69,-0.03,18,98.1,0,13,27.4,4,24.8,0.0,0
2022110792,030115-3383884,std_2022110792@dongguk.edu,학생_792,문과대학,사학과,4,M,수능위주(정시),3.21,2.85,-0.36,18,92.7,0,22,40.8,6,29.3,0.0,0
2022110793,030422-4285576,std_2022110793@dongguk.edu,학생_793,공과대학,정보통신공학과,4,F,교과위주(학교장추천),3.5,3.75,0.25,18,100.0,0,19,34.2,5,26.2,2.0,0
2023110794,040416-3299530,std_2023110794@dongguk.edu,학생_794,경영대학,경영학과,3,M,논술위주,2.23,2.62,0.39,18,100.0,0,23,32.8,5,43.5,1.0,0
2024110795,050510-4742924,std_2024110795@dongguk.edu,학생_795,경영대학,경영학과,2,F,교과위주(학교장추천),1.0,2.47,1.57,12,77.0,2,1,7.2,1,64.0,0.0,1
2021110796,020508-3799444,std_2021110796@dongguk.edu,학생_796,공과대학,전자전기공학부,4,M,학생부종합(DoDream),3.48,2.97,-0.51,15,97.8,1,12,19.2,3,30.4,2.0,0
2022110797,030816-4902926,std_2022110797@dongguk.edu,학생_797,문과대학,사학과,4,F,학생부종합(DoDream),3.59,3.4,-0.2,18,90.1,0,28,18.5,3,40.7,2.0,0
2024110798,050528-3983936,std_2024110798@dongguk.edu,학생_798,문과대학,영어영문학전공,2,M,논술위주,2.97,2.97,-0.0,15,95.6,1,15,12.8,2,22.7,3.0,0
2022110799,030226-4255312,std_2022110799@dongguk.edu,학생_799,경영대학,경영학과,4,F,수능위주(정시),2.99,2.67,-0.32,18,96.9,0,16,8.1,1,33.7,1.0,0
2022110800,030411-3292974,std_2022110800@dongguk.edu,학생_800,공과대학,정보통신공학과,4,M,논술위주,3.14,2.97,-0.18,18,95.1,0,16,30.9,4,28.0,0.0,0
2022110801,031018-4239648,std_2022110801@dongguk.edu,학생_801,공과대학,정보통신공학과,4,F,논술위주,2.96,3.11,0.16,18,92.6,0,16,23.6,3,41.4,,0
2023110802,040104-3878985,std_2023110802@dongguk.edu,학생_802,공과대학,컴퓨터인공지능전공,3,M,논술위주,1.04,2.53,1.5,15,66.4,1,3,2.8,0,82.7,0.0,1
2021110803,020121-4385498,std_2021110803@dongguk.edu,학생_803,공과대학,전자전기공학부,4,F,교과위주(학교장추천),2.93,3.15,0.22,15,90.6,1,24,27.0,4,13.3,0.0,0
2022110804,031106-3996553,std_2022110804@dongguk.edu,학생_804,공과대학,기계로봇에너지공학과,4,M,논술위주,3.73,3.44,-0.28,18,97.8,0,17,20.4,3,40.9,3.0,0
2022110805,030802-4180570,std_2022110805@dongguk.edu,학생_805,공과대학,정보통신공학과,4,F,교과위주(학교장추천),1.0,1.86,1.49,9,75.2,3,6,9.1,1,61.9,,1
2023110806,040118-3232639,std_2023110806@dongguk.edu,학생_806,공과대학,전자전기공학부,3,M,교과위주(학교장추천),3.41,3.26,-0.15,18,96.4,0,15,27.3,4,23.2,3.0,0
2023110807,041105-4793468,std_2023110807@dongguk.edu,학생_807,공과대학,기계로봇에너지공학과,3,F,논술위주,2.63,2.93,0.3,18,96.7,0,14,17.1,2,40.3,1.0,0
2023110808,040520-3880288,std_2023110808@dongguk.edu,학생_808,사범대학,교육학과,3,M,교과위주(학교장추천),1.25,2.56,1.31,9,80.9,3,7,3.6,1,51.1,,1
2021110809,021017-4148061,std_2021110809@dongguk.edu,학생_809,공과대학,기계로봇에너지공학과,4,F,교과위주(학교장추천),4.3,4.21,-0.09,18,91.8,0,24,27.8,4,10.0,3.0,0
2023110810,040219-3870112,std_2023110810@dongguk.edu,학생_810,바이오시스템대학,생명과학과,3,M,학생부종합(DoDream),3.49,3.54,0.05,18,97.1,0,22,23.0,3,37.8,2.0,0
2022110811,030210-4202885,std_2022110811@dongguk.edu,학생_811,공과대학,기계로봇에너지공학과,4,F,논술위주,2.84,2.55,-0.29,18,95.7,0,18,39.0,6,25.1,0.0,0
2023110812,040708-3971985,std_2023110812@dongguk.edu,학생_812,문과대학,국어국문학과,3,M,교과위주(학교장추천),3.22,3.03,-0.19,18,88.8,0,16,31.6,5,39.2,2.0,0
2023110813,040505-4656497,std_2023110813@dongguk.edu,학생_813,공과대학,전자전기공학부,3,F,수능위주(정시),3.33,3.43,0.1,18,88.9,0,16,14.2,2,28.9,,0
2022110814,030113-3506786,std_2022110814@dongguk.edu,학생_814,공과대학,정보통신공학과,4,M,논술위주,3.4,3.36,-0.04,18,94.2,0,18,29.0,4,27.4,2.0,0
2023110815,040708-4667161,std_2023110815@dongguk.edu,학생_815,공과대학,전자전기공학부,3,F,수능위주(정시),3.49,3.3,-0.18,18,92.8,0,22,25.0,4,48.4,0.0,0
2022110816,030306-3378427,std_2022110816@dongguk.edu,학생_816,문과대학,영어영문학전공,4,M,논술위주,3.21,2.9,-0.31,18,83.1,0,9,18.2,3,20.0,0.0,0
2022110817,031114-4307977,std_2022110817@dongguk.edu,학생_817,공과대학,컴퓨터인공지능전공,4,F,학생부종합(DoDream),3.23,3.58,0.36,18,98.5,0,16,12.0,2,16.1,,0
2023110818,040525-3128688,std_2023110818@dongguk.edu,학생_818,공과대학,전자전기공학부,3,M,수능위주(정시),4.2,3.71,-0.5,18,90.4,0,17,25.8,4,13.8,2.0,0
2022110819,030524-4506321,std_2022110819@dongguk.edu,학생_819,바이오시스템대학,바이오환경과학과,4,F,논술위주,3.94,3.69,-0.25,15,95.5,1,16,32.4,5,35.5,1.0,0
2023110820,041224-3920688,std_2023110820@dongguk.edu,학생_820,문과대학,철학과,3,M,교과위주(학교장추천),4.0,4.24,0.24,18,95.3,0,22,13.8,2,19.1,1.0,0
2021110821,020203-4485417,std_2021110821@dongguk.edu,학생_821,바이오시스템대학,생명과학과,4,F,학생부종합(DoDream),4.06,3.61,-0.44,18,95.4,0,17,22.2,3,18.3,2.0,0
2021110822,020408-3948358,std_2021110822@dongguk.edu,학생_822,경영대학,경영학과,4,M,논술위주,2.3,3.68,1.21,12,79.3,2,11,3.1,0,51.7,,1
2023110823,040403-4357157,std_2023110823@dongguk.edu,학생_823,경영대학,회계학과,3,F,수능위주(정시),3.03,2.64,-0.39,15,91.4,1,20,31.9,5,29.4,,0
2022110824,031009-3464758,std_2022110824@dongguk.edu,학생_824,바이오시스템대학,식품생명공학과,4,M,학생부종합(DoDream),3.45,3.52,0.07,18,91.9,0,8,19.5,3,37.6,0.0,0
2021110825,021204-4767550,std_2021110825@dongguk.edu,학생_825,경영대학,경영정보학과,4,F,학생부종합(DoDream),2.11,3.17,1.06,15,58.2,1,8,2.9,0,74.5,0.0,1
2022110826,030413-3646352,std_2022110826@dongguk.edu,학생_826,공과대학,전자전기공학부,4,M,학생부종합(DoDream),2.2,1.7,-0.08,18,95.0,0,17,26.5,4,14.5,2.0,0
2024110827,050623-4602270,std_2024110827@dongguk.edu,학생_827,바이오시스템대학,생명과학과,2,F,교과위주(학교장추천),2.57,2.58,0.02,18,97.9,0,27,34.1,5,31.6,2.0,0
2023110828,040314-3474458,std_2023110828@dongguk.edu,학생_828,바이오시스템대학,식품생명공학과,3,M,논술위주,3.71,3.99,0.28,18,97.0,0,12,13.1,2,16.6,1.0,0
2024110829,051027-4148167,std_2024110829@dongguk.edu,학생_829,바이오시스템대학,식품생명공학과,2,F,논술위주,1.89,3.14,1.24,12,64.3,2,7,6.8,1,62.8,0.0,1
2024110830,050315-3841195,std_2024110830@dongguk.edu,학생_830,공과대학,기계로봇에너지공학과,2,M,수능위주(정시),3.63,3.77,0.13,18,97.1,0,18,30.2,4,10.0,2.0,0
2023110831,040423-4683053,std_2023110831@dongguk.edu,학생_831,공과대학,기계로봇에너지공학과,3,F,논술위주,2.92,3.27,0.34,18,99.7,0,24,42.7,6,25.0,,0
2024110832,050709-3584331,std_2024110832@dongguk.edu,학생_832,바이오시스템대학,식품생명공학과,2,M,수능위주(정시),2.2,2.62,0.47,18,95.3,0,19,18.5,3,28.2,0.0,0
2023110833,040811-4807527,std_2023110833@dongguk.edu,학생_833,경영대학,경영정보학과,3,F,학생부종합(DoDream),2.75,2.89,0.14,18,100.0,0,20,28.2,4,31.8,1.0,0
2021110834,020414-3582996,std_2021110834@dongguk.edu,학생_834,경영대학,경영정보학과,4,M,논술위주,2.64,3.15,0.51,18,95.9,0,23,22.5,3,35.6,3.0,0
2022110835,031015-4597229,std_2022110835@dongguk.edu,학생_835,공과대학,전자전기공학부,4,F,교과위주(학교장추천),3.4,3.63,0.22,18,100.0,0,22,28.7,4,38.3,2.0,0
2022110836,031119-3419399,std_2022110836@dongguk.edu,학생_836,바이오시스템대학,식품생명공학과,4,M,학생부종합(DoDream),2.06,2.9,0.84,12,75.1,2,9,6.6,1,55.3,0.0,1
2024110837,050511-4117015,std_2024110837@dongguk.edu,학생_837,공과대학,정보통신공학과,2,F,수능위주(정시),2.93,2.8,-0.13,18,82.0,0,22,43.9,6,23.9,2.0,0
2024110838,050109-3208546,std_2024110838@dongguk.edu,학생_838,공과대학,전자전기공학부,2,M,교과위주(학교장추천),2.2,2.66,0.58,18,93.7,0,17,25.5,4,44.7,,0
2021110839,020907-4974523,std_2021110839@dongguk.edu,학생_839,경영대학,경영정보학과,4,F,교과위주(학교장추천),3.15,2.99,-0.17,18,93.7,0,23,44.5,6,25.9,1.0,0
2022110840,031228-3244444,std_2022110840@dongguk.edu,학생_840,공과대학,기계로봇에너지공학과,4,M,교과위주(학교장추천),3.34,3.11,-0.22,18,88.8,0,25,12.9,2,27.6,0.0,0
2022110841,030316-4507001,std_2022110841@dongguk.edu,학생_841,문과대학,사학과,4,F,논술위주,3.25,2.89,-0.36,18,88.3,0,21,18.8,3,22.7,,0
2024110842,050505-3976022,std_2024110842@dongguk.edu,학생_842,경영대학,경영학과,2,M,논술위주,3.48,3.52,0.03,18,100.0,0,20,20.4,3,33.1,0.0,0
2021110843,020218-4557582,std_2021110843@dongguk.edu,학생_843,문과대학,사학과,4,F,학생부종합(DoDream),3.09,2.94,-0.16,18,89.7,0,16,31.1,4,31.8,1.0,0
2024110844,050416-3923919,std_2024110844@dongguk.edu,학생_844,문과대학,사학과,2,M,수능위주(정시),2.91,2.91,0.01,15,92.8,1,23,30.0,4,31.8,0.0,0
2021110845,020402-4266083,std_2021110845@dongguk.edu,학생_845,공과대학,컴퓨터인공지능전공,4,F,논술위주,3.56,3.49,-0.07,18,95.4,0,15,7.2,1,40.8,3.0,0
2023110846,040116-3159789,std_2023110846@dongguk.edu,학생_846,문과대학,국어국문학과,3,M,논술위주,3.3,3.04,-0.27,18,92.4,0,23,11.7,2,33.8,1.0,0
2022110847,030305-4232141,std_2022110847@dongguk.edu,학생_847,바이오시스템대학,식품생명공학과,4,F,교과위주(학교장추천),2.84,2.78,-0.06,18,90.3,0,21,30.0,4,13.3,1.0,0
2024110848,050709-3415239,std_2024110848@dongguk.edu,학생_848,문과대학,국어국문학과,2,M,수능위주(정시),3.77,3.84,0.07,18,90.8,0,12,20.6,3,26.6,1.0,0
2023110849,041107-4817940,std_2023110849@dongguk.edu,학생_849,바이오시스템대학,바이오환경과학과,3,F,논술위주,3.02,2.83,-0.19,18,100.0,0,18,17.4,2,27.6,3.0,0
2023110850,040706-3567613,std_2023110850@dongguk.edu,학생_850,문과대학,철학과,3,M,교과위주(학교장추천),3.29,3.2,-0.09,15,95.4,1,27,17.3,2,16.1,1.0,0
2022110851,030328-4599612,std_2022110851@dongguk.edu,학생_851,문과대학,철학과,4,F,논술위주,3.05,3.28,0.22,18,88.9,0,21,27.9,4,36.0,3.0,0
2022110852,030718-3521229,std_2022110852@dongguk.edu,학생_852,경영대학,회계학과,4,M,학생부종합(DoDream),2.99,3.04,0.05,18,99.1,0,22,26.8,4,39.1,2.0,0
2022110853,030922-4968287,std_2022110853@dongguk.edu,학생_853,경영대학,경영학과,4,F,학생부종합(DoDream),2.52,2.5,-0.02,18,86.9,0,18,18.9,3,33.0,0.0,0
2024110854,051018-3473199,std_2024110854@dongguk.edu,학생_854,공과대학,전자전기공학부,2,M,수능위주(정시),2.94,3.0,0.07,18,94.3,0,19,31.3,4,31.0,1.0,0
2024110855,051124-4512545,std_2024110855@dongguk.edu,학생_855,사범대학,국어교육과,2,F,논술위주,4.03,3.68,-0.35,18,97.1,0,21,11.7,2,11.8,0.0,0
2023110856,040417-3984426,std_2023110856@dongguk.edu,학생_856,공과대학,전자전기공학부,3,M,수능위주(정시),3.7,3.67,-0.03,18,95.3,0,12,18.6,3,19.2,3.0,0
2022110857,030216-4581944,std_2022110857@dongguk.edu,학생_857,사범대학,수학교육과,4,F,교과위주(학교장추천),3.94,4.05,0.11,18,100.0,0,18,33.0,5,32.2,1.0,0
2022110858,031108-3322574,std_2022110858@dongguk.edu,학생_858,문과대학,사학과,4,M,논술위주,3.66,3.51,-0.16,18,84.5,0,25,48.3,7,33.7,2.0,0
2022110859,030125-4542493,std_2022110859@dongguk.edu,학생_859,공과대학,기계로봇에너지공학과,4,F,수능위주(정시),3.24,3.22,-0.02,18,98.4,0,22,31.2,4,41.5,2.0,0
2023110860,040924-3514407,std_2023110860@dongguk.edu,학생_860,문과대학,국어국문학과,3,M,교과위주(학교장추천),1.49,3.22,1.73,12,85.0,2,10,0.0,0,52.1,0.0,1
2024110861,050726-4492278,std_2024110861@dongguk.edu,학생_861,공과대학,컴퓨터인공지능전공,2,F,수능위주(정시),3.65,3.78,0.14,18,90.2,0,21,17.4,2,32.9,2.0,0
2022110862,030813-3833350,std_2022110862@dongguk.edu,학생_862,사범대학,국어교육과,4,M,논술위주,2.76,2.89,0.13,18,96.2,0,19,9.2,1,39.9,0.0,0
2023110863,040221-4526102,std_2023110863@dongguk.edu,학생_863,공과대학,기계로봇에너지공학과,3,F,학생부종합(DoDream),2.74,3.2,0.46,15,95.8,1,26,36.0,5,43.5,0.0,0
2024110864,050613-3605871,std_2024110864@dongguk.edu,학생_864,사범대학,교육학과,2,M,논술위주,3.89,3.7,-0.19,18,96.5,0,20,35.4,5,38.2,2.0,0
2022110865,030510-4247089,std_2022110865@dongguk.edu,학생_865,공과대학,기계로봇에너지공학과,4,F,수능위주(정시),3.6,3.88,0.28,18,94.1,0,18,29.2,4,25.2,1.0,0
2023110866,040801-3863416,std_2023110866@dongguk.edu,학생_866,공과대학,기계로봇에너지공학과,3,M,교과위주(학교장추천),2.2,1.78,-0.19,15,93.5,1,20,29.3,4,21.0,2.0,0
2022110867,031210-4640609,std_2022110867@dongguk.edu,학생_867,공과대학,컴퓨터인공지능전공,4,F,교과위주(학교장추천),3.01,2.95,-0.06,18,97.5,0,22,18.8,3,30.1,,0
2022110868,030707-3741137,std_2022110868@dongguk.edu,학생_868,경영대학,회계학과,4,M,교과위주(학교장추천),3.24,3.26,0.02,18,100.0,0,24,54.7,8,31.8,1.0,0
2022110869,031122-4844092,std_2022110869@dongguk.edu,학생_869,문과대학,영어영문학전공,4,F,수능위주(정시),3.09,3.04,-0.05,18,96.3,0,21,23.1,3,46.1,0.0,0
2024110870,050620-3318400,std_2024110870@dongguk.edu,학생_870,공과대학,정보통신공학과,2,M,학생부종합(DoDream),2.2,2.19,0.1,18,92.0,0,26,30.8,4,14.5,3.0,0
2023110871,040328-4762951,std_2023110871@dongguk.edu,학생_871,문과대학,국어국문학과,3,F,수능위주(정시),3.77,3.58,-0.19,18,88.1,0,19,24.7,4,24.4,0.0,0
2022110872,030915-3365405,std_2022110872@dongguk.edu,학생_872,공과대학,컴퓨터인공지능전공,4,M,수능위주(정시),3.19,3.37,0.18,18,98.6,0,20,30.6,4,24.5,2.0,0
2023110873,041012-4310121,std_2023110873@dongguk.edu,학생_873,경영대학,경영정보학과,3,F,교과위주(학교장추천),2.34,2.43,0.09,18,100.0,0,18,32.3,5,18.2,0.0,0
2021110874,020304-3127122,std_2021110874@dongguk.edu,학생_874,공과대학,전자전기공학부,4,M,교과위주(학교장추천),3.87,3.64,-0.24,18,99.8,0,12,28.4,4,38.4,0.0,0
2023110875,041103-4751459,std_2023110875@dongguk.edu,학생_875,경영대학,경영학과,3,F,논술위주,1.0,2.5,1.68,6,71.0,4,9,0.7,0,59.9,0.0,1
2022110876,030706-3774659,std_2022110876@dongguk.edu,학생_876,바이오시스템대학,바이오환경과학과,4,M,논술위주,3.03,3.28,0.25,18,95.6,0,16,20.8,3,29.6,3.0,0
2023110877,041218-4985591,std_2023110877@dongguk.edu,학생_877,경영대학,경영학과,3,F,학생부종합(DoDream),2.85,2.76,-0.08,15,94.3,1,17,24.3,3,24.0,2.0,0
2023110878,040824-3904307,std_2023110878@dongguk.edu,학생_878,공과대학,기계로봇에너지공학과,3,M,수능위주(정시),3.4,3.14,-0.26,18,96.5,0,15,39.5,6,13.3,3.0,0
2024110879,050507-4451487,std_2024110879@dongguk.edu,학생_879,공과대학,전자전기공학부,2,F,논술위주,2.53,2.56,0.04,18,87.9,0,28,12.5,2,22.5,3.0,0
2021110880,020628-3390869,std_2021110880@dongguk.edu,학생_880,경영대학,회계학과,4,M,수능위주(정시),3.33,3.18,-0.15,18,94.1,0,17,17.9,3,21.7,2.0,0
2022110881,030108-4930623,std_2022110881@dongguk.edu,학생_881,공과대학,기계로봇에너지공학과,4,F,수능위주(정시),1.99,3.06,1.07,9,78.3,3,4,9.1,1,56.6,0.0,1
2021110882,020226-3640638,std_2021110882@dongguk.edu,학생_882,공과대학,컴퓨터인공지능전공,4,M,논술위주,3.55,2.86,-0.69,18,92.4,0,21,23.3,3,18.4,3.0,0
2023110883,040203-4226892,std_2023110883@dongguk.edu,학생_883,바이오시스템대학,식품생명공학과,3,F,교과위주(학교장추천),3.47,3.71,0.24,18,94.0,0,20,21.8,3,26.0,2.0,0
2021110884,020825-3429132,std_2021110884@dongguk.edu,학생_884,공과대학,전자전기공학부,4,M,교과위주(학교장추천),1.66,2.62,0.96,15,78.1,1,8,4.8,1,48.3,,1
2024110885,050925-4903543,std_2024110885@dongguk.edu,학생_885,사범대학,교육학과,2,F,수능위주(정시),3.03,3.12,0.09,15,89.7,1,20,11.0,2,36.7,1.0,0
2023110886,040810-3949950,std_2023110886@dongguk.edu,학생_886,공과대학,정보통신공학과,3,M,수능위주(정시),2.84,3.1,0.26,15,93.9,1,21,24.3,3,26.9,2.0,0
2023110887,040520-4566802,std_2023110887@dongguk.edu,학생_887,사범대학,국어교육과,3,F,논술위주,3.8,3.41,-0.39,15,100.0,1,18,19.9,3,23.9,2.0,0
2022110888,030306-3541652,std_2022110888@dongguk.edu,학생_888,공과대학,컴퓨터인공지능전공,4,M,학생부종합(DoDream),3.67,3.72,0.05,18,96.0,0,17,33.7,5,34.9,1.0,0
2024110889,050912-4521645,std_2024110889@dongguk.edu,학생_889,경영대학,회계학과,2,F,논술위주,2.2,2.05,-0.03,18,94.7,0,15,27.7,4,19.2,1.0,0
2024110890,051111-3809002,std_2024110890@dongguk.edu,학생_890,문과대학,영어영문학전공,2,M,학생부종합(DoDream),2.46,2.84,0.38,18,93.9,0,20,32.7,5,27.6,2.0,0
2024110891,050414-4317412,std_2024110891@dongguk.edu,학생_891,경영대학,경영정보학과,2,F,논술위주,2.86,3.25,0.39,18,89.3,0,22,25.6,4,33.5,,0
2022110892,030811-3843192,std_2022110892@dongguk.edu,학생_892,문과대학,국어국문학과,4,M,교과위주(학교장추천),2.92,2.78,-0.14,18,85.9,0,22,35.9,5,16.0,2.0,0
2023110893,040206-4746280,std_2023110893@dongguk.edu,학생_893,공과대학,컴퓨터인공지능전공,3,F,교과위주(학교장추천),3.16,2.78,-0.38,18,91.2,0,23,29.2,4,42.4,1.0,0
2023110894,041006-3797996,std_2023110894@dongguk.edu,학생_894,공과대학,기계로봇에너지공학과,3,M,교과위주(학교장추천),2.2,2.2,0.1,18,95.0,0,28,44.3,6,27.4,0.0,0
2024110895,050102-4832654,std_2024110895@dongguk.edu,학생_895,문과대학,영어영문학전공,2,F,논술위주,2.54,2.5,-0.04,18,100.0,0,23,28.4,4,38.0,0.0,0
2023110896,040916-3833898,std_2023110896@dongguk.edu,학생_896,사범대학,수학교육과,3,M,논술위주,4.1,3.76,-0.35,18,90.6,0,18,14.4,2,22.3,0.0,0
2023110897,040627-4213846,std_2023110897@dongguk.edu,학생_897,공과대학,정보통신공학과,3,F,논술위주,3.44,3.72,0.28,18,93.2,0,11,28.8,4,26.3,2.0,0
2022110898,030406-3750616,std_2022110898@dongguk.edu,학생_898,공과대학,기계로봇에너지공학과,4,M,수능위주(정시),3.02,3.33,0.31,18,94.9,0,16,26.2,4,24.2,1.0,0
2023110899,040306-4287350,std_2023110899@dongguk.edu,학생_899,공과대학,컴퓨터인공지능전공,3,F,학생부종합(DoDream),2.2,2.14,0.48,18,92.8,0,23,29.3,4,29.5,2.0,0
2023110900,040227-3283455,std_2023110900@dongguk.edu,학생_900,사범대학,수학교육과,3,M,수능위주(정시),2.85,2.85,0.0,18,96.1,0,27,19.3,3,41.3,2.0,0
2024110901,051023-4103825,std_2024110901@dongguk.edu,학생_901,경영대학,경영정보학과,2,F,학생부종합(DoDream),2.86,2.91,0.05,18,92.6,0,14,28.8,4,44.8,1.0,0
2022110902,031224-3669073,std_2022110902@dongguk.edu,학생_902,공과대학,전자전기공학부,4,M,논술위주,3.3,3.3,-0.0,18,87.2,0,14,20.3,3,29.3,,0
2024110903,050115-4859864,std_2024110903@dongguk.edu,학생_903,공과대학,전자전기공학부,2,F,수능위주(정시),3.14,3.22,0.08,18,88.0,0,25,10.3,1,11.7,0.0,0
2023110904,040909-3827362,std_2023110904@dongguk.edu,학생_904,공과대학,정보통신공학과,3,M,논술위주,3.01,3.19,0.18,18,93.1,0,25,19.3,3,26.0,2.0,0
2023110905,040610-4174797,std_2023110905@dongguk.edu,학생_905,경영대학,회계학과,3,F,수능위주(정시),4.19,4.22,0.03,18,95.0,0,17,18.9,3,43.9,1.0,0
2022110906,031211-3196988,std_2022110906@dongguk.edu,학생_906,공과대학,컴퓨터인공지능전공,4,M,논술위주,2.66,2.81,0.15,15,88.5,1,19,14.3,2,32.3,2.0,0
2022110907,030623-4251015,std_2022110907@dongguk.edu,학생_907,바이오시스템대학,식품생명공학과,4,F,학생부종합(DoDream),2.82,3.1,0.28,18,96.4,0,19,30.1,4,32.5,3.0,0
2023110908,040224-3340739,std_2023110908@dongguk.edu,학생_908,공과대학,전자전기공학부,3,M,교과위주(학교장추천),2.32,2.72,0.4,18,90.9,0,21,16.2,2,36.4,1.0,0
2021110909,020224-4860263,std_2021110909@dongguk.edu,학생_909,바이오시스템대학,식품생명공학과,4,F,학생부종합(DoDream),4.08,3.86,-0.23,18,97.7,0,18,31.5,5,48.3,2.0,0
2023110910,041204-3233001,std_2023110910@dongguk.edu,학생_910,바이오시스템대학,바이오환경과학과,3,M,논술위주,3.12,3.01,-0.1,18,93.3,0,16,20.3,3,29.3,1.0,0
2022110911,030123-4904342,std_2022110911@dongguk.edu,학생_911,문과대학,철학과,4,F,교과위주(학교장추천),3.28,3.16,-0.12,18,96.0,0,17,31.7,5,20.8,3.0,0
2024110912,050124-3365388,std_2024110912@dongguk.edu,학생_912,공과대학,정보통신공학과,2,M,교과위주(학교장추천),3.1,3.54,0.44,18,89.3,0,20,31.3,4,29.4,0.0,0
2022110913,030109-4943784,std_2022110913@dongguk.edu,학생_913,문과대학,사학과,4,F,논술위주,2.76,2.47,-0.29,15,95.2,1,28,15.3,2,25.0,1.0,0
2022110914,030302-3914155,std_2022110914@dongguk.edu,학생_914,경영대학,회계학과,4,M,논술위주,1.8,3.15,1.35,15,83.6,1,11,4.0,1,73.5,,1
2024110915,050619-4400714,std_2024110915@dongguk.edu,학생_915,문과대학,국어국문학과,2,F,교과위주(학교장추천),2.71,3.03,0.32,18,91.2,0,19,23.7,3,23.5,2.0,0
2021110916,020426-3411689,std_2021110916@dongguk.edu,학생_916,바이오시스템대학,식품생명공학과,4,M,논술위주,4.33,4.3,-0.04,18,95.8,0,27,27.6,4,39.9,0.0,0
2021110917,021015-4422775,std_2021110917@dongguk.edu,학생_917,공과대학,기계로봇에너지공학과,4,F,교과위주(학교장추천),4.02,4.3,0.28,15,91.6,1,28,13.7,2,43.3,0.0,0
2021110918,020606-3840870,std_2021110918@dongguk.edu,학생_918,문과대학,철학과,4,M,수능위주(정시),1.8,3.37,1.57,15,70.0,1,8,5.1,1,46.9,0.0,1
2021110919,020210-4868454,std_2021110919@dongguk.edu,학생_919,문과대학,사학과,4,F,교과위주(학교장추천),2.25,2.33,0.08,18,93.6,0,14,22.1,3,25.9,2.0,0
2024110920,050317-3803844,std_2024110920@dongguk.edu,학생_920,경영대학,경영학과,2,M,수능위주(정시),3.19,3.3,0.11,18,97.0,0,13,36.9,5,17.8,0.0,0
2023110921,040222-4269839,std_2023110921@dongguk.edu,학생_921,사범대학,국어교육과,3,F,논술위주,2.56,2.69,0.12,18,96.0,0,17,29.6,4,32.0,0.0,0
2021110922,020503-3538894,std_2021110922@dongguk.edu,학생_922,경영대학,경영학과,4,M,학생부종합(DoDream),2.3,3.44,1.02,12,71.1,2,1,7.2,1,95.0,1.0,1
2022110923,030804-4478337,std_2022110923@dongguk.edu,학생_923,공과대학,컴퓨터인공지능전공,4,F,학생부종합(DoDream),3.81,3.8,-0.01,18,87.9,0,22,11.1,2,18.3,,0
2023110924,041122-3606201,std_2023110924@dongguk.edu,학생_924,공과대학,정보통신공학과,3,M,교과위주(학교장추천),2.88,2.93,0.05,18,95.0,0,15,14.0,2,29.1,2.0,0
2023110925,040507-4324978,std_2023110925@dongguk.edu,학생_925,문과대학,영어영문학전공,3,F,논술위주,2.2,1.79,0.16,18,96.8,0,21,21.9,3,24.9,3.0,0
2023110926,040426-3125852,std_2023110926@dongguk.edu,학생_926,공과대학,컴퓨터인공지능전공,3,M,교과위주(학교장추천),2.99,2.94,-0.06,18,94.7,0,13,18.1,3,42.5,3.0,0
2021110927,020304-4581239,std_2021110927@dongguk.edu,학생_927,문과대학,사학과,4,F,학생부종합(DoDream),3.05,3.27,0.21,15,93.6,1,19,23.3,3,26.4,,0
2022110928,030425-3190728,std_2022110928@dongguk.edu,학생_928,경영대학,경영정보학과,4,M,교과위주(학교장추천),2.86,2.75,-0.11,18,92.7,0,18,16.9,2,32.2,1.0,0
2022110929,030512-4788484,std_2022110929@dongguk.edu,학생_929,바이오시스템대학,바이오환경과학과,4,F,교과위주(학교장추천),4.0,3.59,-0.41,18,86.8,0,25,31.5,5,28.3,0.0,0
2024110930,050622-3620848,std_2024110930@dongguk.edu,학생_930,경영대학,경영학과,2,M,논술위주,3.22,3.5,0.28,18,90.6,0,13,39.6,6,30.8,3.0,0
2023110931,040103-4854936,std_2023110931@dongguk.edu,학생_931,경영대학,경영정보학과,3,F,교과위주(학교장추천),3.35,3.35,-0.01,18,93.4,0,13,5.0,1,34.3,,0
2022110932,031023-3853340,std_2022110932@dongguk.edu,학생_932,문과대학,국어국문학과,4,M,교과위주(학교장추천),3.47,3.42,-0.05,18,90.4,0,24,37.1,5,25.0,1.0,0
2022110933,030716-4504567,std_2022110933@dongguk.edu,학생_933,바이오시스템대학,바이오환경과학과,4,F,수능위주(정시),3.21,3.09,-0.11,15,90.5,1,19,37.6,5,16.3,2.0,0
2022110934,030704-3161265,std_2022110934@dongguk.edu,학생_934,바이오시스템대학,생명과학과,4,M,학생부종합(DoDream),4.18,4.0,-0.17,15,99.0,1,18,23.4,3,21.0,1.0,0
2023110935,040925-4161282,std_2023110935@dongguk.edu,학생_935,사범대학,교육학과,3,F,논술위주,2.47,2.72,0.25,15,94.9,1,17,31.2,4,10.0,0.0,0
2024110936,051004-3336424,std_2024110936@dongguk.edu,학생_936,공과대학,전자전기공학부,2,M,수능위주(정시),2.53,2.74,0.2,15,100.0,1,20,26.1,4,10.2,0.0,0
2023110937,041120-4281122,std_2023110937@dongguk.edu,학생_937,바이오시스템대학,바이오환경과학과,3,F,논술위주,3.72,3.47,-0.25,18,90.8,0,27,31.3,4,39.0,1.0,0
2022110938,030416-3649175,std_2022110938@dongguk.edu,학생_938,문과대학,철학과,4,M,학생부종합(DoDream),3.46,3.49,0.03,18,93.8,0,22,14.2,2,46.3,1.0,0
2023110939,041023-4437330,std_2023110939@dongguk.edu,학생_939,공과대학,컴퓨터인공지능전공,3,F,학생부종합(DoDream),4.21,4.18,-0.03,18,90.7,0,18,23.1,3,34.7,2.0,0
2024110940,050806-3380217,std_2024110940@dongguk.edu,학생_940,바이오시스템대학,바이오환경과학과,2,M,학생부종합(DoDream),3.05,3.55,0.5,18,100.0,0,14,44.4,6,26.0,3.0,0
2023110941,040420-4787094,std_2023110941@dongguk.edu,학생_941,경영대학,경영정보학과,3,F,수능위주(정시),3.42,3.35,-0.07,18,93.9,0,21,25.5,4,25.7,1.0,0
2024110942,051206-3842126,std_2024110942@dongguk.edu,학생_942,경영대학,회계학과,2,M,학생부종합(DoDream),3.68,3.25,-0.44,18,92.4,0,15,35.2,5,32.7,2.0,0
2021110943,020527-4133512,std_2021110943@dongguk.edu,학생_943,경영대학,회계학과,4,F,논술위주,2.3,3.56,1.15,12,84.1,2,4,5.9,1,66.9,,1
2023110944,041019-3125634,std_2023110944@dongguk.edu,학생_944,경영대학,경영학과,3,M,학생부종합(DoDream),2.2,2.13,-0.02,18,90.4,0,21,20.3,3,39.5,3.0,0
2023110945,040114-4670073,std_2023110945@dongguk.edu,학생_945,사범대학,교육학과,3,F,수능위주(정시),2.81,2.6,-0.21,18,91.9,0,23,27.2,4,31.8,1.0,0
2023110946,040415-3975792,std_2023110946@dongguk.edu,학생_946,바이오시스템대학,바이오환경과학과,3,M,논술위주,2.27,2.64,0.37,18,90.8,0,25,35.3,5,21.8,2.0,0
2024110947,050417-4195343,std_2024110947@dongguk.edu,학생_947,공과대학,정보통신공학과,2,F,논술위주,3.64,3.36,-0.28,18,87.8,0,20,30.4,4,24.5,2.0,0
2024110948,050815-3223307,std_2024110948@dongguk.edu,학생_948,경영대학,경영정보학과,2,M,학생부종합(DoDream),3.51,3.8,0.29,18,91.1,0,21,32.7,5,37.6,3.0,0
2022110949,031001-4870602,std_2022110949@dongguk.edu,학생_949,경영대학,경영학과,4,F,수능위주(정시),3.63,3.56,-0.07,18,95.5,0,17,42.6,6,34.0,2.0,0
2022110950,030524-3157172,std_2022110950@dongguk.edu,학생_950,공과대학,컴퓨터인공지능전공,4,M,수능위주(정시),3.11,3.25,0.14,18,93.9,0,20,35.0,5,28.4,0.0,0
2022110951,030926-4623392,std_2022110951@dongguk.edu,학생_951,사범대학,수학교육과,4,F,학생부종합(DoDream),2.72,2.56,-0.16,18,99.2,0,13,15.5,2,29.8,3.0,0
2023110952,040102-3690512,std_2023110952@dongguk.edu,학생_952,바이오시스템대학,바이오환경과학과,3,M,논술위주,3.22,3.37,0.15,18,94.5,0,17,19.9,3,40.2,3.0,0
2022110953,030214-4498506,std_2022110953@dongguk.edu,학생_953,문과대학,국어국문학과,4,F,논술위주,1.28,2.66,1.39,12,68.0,2,10,3.8,1,50.4,0.0,1
2023110954,041025-3307531,std_2023110954@dongguk.edu,학생_954,문과대학,사학과,3,M,교과위주(학교장추천),1.66,3.13,1.47,12,65.3,2,2,3.0,0,50.5,1.0,1
2022110955,030423-4273753,std_2022110955@dongguk.edu,학생_955,문과대학,영어영문학전공,4,F,교과위주(학교장추천),3.83,3.49,-0.34,18,90.9,0,18,17.8,3,38.1,1.0,0
2023110956,040107-3111290,std_2023110956@dongguk.edu,학생_956,바이오시스템대학,바이오환경과학과,3,M,논술위주,2.2,2.19,0.21,18,94.7,0,27,30.5,4,14.7,3.0,0
2023110957,040515-4190888,std_2023110957@dongguk.edu,학생_957,문과대학,국어국문학과,3,F,교과위주(학교장추천),3.68,3.57,-0.12,18,93.2,0,18,32.0,5,17.7,2.0,0
2024110958,050223-3776110,std_2024110958@dongguk.edu,학생_958,문과대학,국어국문학과,2,M,논술위주,1.89,2.84,0.95,9,78.7,3,1,7.9,1,75.7,1.0,1
2022110959,030316-4173086,std_2022110959@dongguk.edu,학생_959,경영대학,경영정보학과,4,F,교과위주(학교장추천),3.05,3.01,-0.04,18,97.7,0,20,21.9,3,36.1,3.0,0
2023110960,041026-3604879,std_2023110960@dongguk.edu,학생_960,경영대학,회계학과,3,M,교과위주(학교장추천),1.04,2.46,1.42,12,71.1,2,6,4.4,1,69.8,1.0,1
2022110961,030716-4301489,std_2022110961@dongguk.edu,학생_961,문과대학,영어영문학전공,4,F,교과위주(학교장추천),2.63,2.83,0.2,18,94.3,0,20,16.5,2,16.0,3.0,0
2024110962,050615-3394318,std_2024110962@dongguk.edu,학생_962,경영대학,회계학과,2,M,학생부종합(DoDream),3.38,3.49,0.11,18,100.0,0,23,17.0,2,33.2,2.0,0
2021110963,020924-4386965,std_2021110963@dongguk.edu,학생_963,바이오시스템대학,식품생명공학과,4,F,수능위주(정시),2.26,1.88,-0.38,18,92.2,0,24,24.9,4,10.0,2.0,0
2022110964,030910-3375364,std_2022110964@dongguk.edu,학생_964,사범대학,교육학과,4,M,논술위주,2.01,3.32,1.31,15,66.2,1,7,1.9,0,59.4,,1
2022110965,030509-4751718,std_2022110965@dongguk.edu,학생_965,공과대학,전자전기공학부,4,F,교과위주(학교장추천),2.53,3.0,0.46,18,92.2,0,24,18.9,3,22.5,,0
2022110966,031128-3507228,std_2022110966@dongguk.edu,학생_966,사범대학,교육학과,4,M,학생부종합(DoDream),4.37,4.3,-0.07,18,93.5,0,17,16.9,2,16.2,2.0,0
2024110967,051110-4205894,std_2024110967@dongguk.edu,학생_967,바이오시스템대학,바이오환경과학과,2,F,학생부종합(DoDream),2.42,2.62,0.2,15,92.7,1,19,36.7,5,33.3,3.0,0
2022110968,030609-3507000,std_2022110968@dongguk.edu,학생_968,경영대학,회계학과,4,M,교과위주(학교장추천),2.66,2.62,-0.03,15,93.9,1,25,20.0,3,33.0,2.0,0
2023110969,040728-4616596,std_2023110969@dongguk.edu,학생_969,문과대학,국어국문학과,3,F,학생부종합(DoDream),3.17,3.24,0.07,15,91.8,1,17,25.0,4,36.6,0.0,0
2024110970,051007-3275369,std_2024110970@dongguk.edu,학생_970,경영대학,경영정보학과,2,M,학생부종합(DoDream),2.86,2.96,0.1,18,98.4,0,28,28.5,4,43.0,3.0,0
2023110971,040118-4641709,std_2023110971@dongguk.edu,학생_971,바이오시스템대학,식품생명공학과,3,F,교과위주(학교장추천),3.65,3.34,-0.31,15,93.7,1,18,16.8,2,32.2,0.0,0
2022110972,031111-3331059,std_2022110972@dongguk.edu,학생_972,경영대학,회계학과,4,M,교과위주(학교장추천),2.3,4.03,1.03,15,63.3,1,4,1.0,0,52.7,,1
2023110973,040305-4226272,std_2023110973@dongguk.edu,학생_973,경영대학,경영학과,3,F,수능위주(정시),3.49,3.47,-0.02,15,85.7,1,16,16.3,2,24.8,1.0,0
2022110974,031028-3987518,std_2022110974@dongguk.edu,학생_974,공과대학,정보통신공학과,4,M,수능위주(정시),2.62,2.59,-0.03,15,100.0,1,16,19.7,3,10.5,3.0,0
2023110975,041015-4552174,std_2023110975@dongguk.edu,학생_975,문과대학,영어영문학전공,3,F,논술위주,3.22,3.26,0.03,18,88.0,0,20,21.5,3,34.9,2.0,0
2023110976,040715-3177228,std_2023110976@dongguk.edu,학생_976,경영대학,경영학과,3,M,수능위주(정시),2.72,2.96,0.24,18,94.5,0,14,25.4,4,15.1,0.0,0
2023110977,040302-4113882,std_2023110977@dongguk.edu,학생_977,바이오시스템대학,식품생명공학과,3,F,학생부종합(DoDream),3.55,3.73,0.18,18,95.0,0,16,8.3,1,22.4,3.0,0
2022110978,030609-3603669,std_2022110978@dongguk.edu,학생_978,바이오시스템대학,식품생명공학과,4,M,교과위주(학교장추천),2.0,2.94,0.94,15,82.0,1,11,5.1,1,70.8,0.0,1
2024110979,050103-4724562,std_2024110979@dongguk.edu,학생_979,경영대학,회계학과,2,F,논술위주,3.71,3.73,0.02,18,100.0,0,21,31.7,5,60.0,0.0,0
2022110980,030512-3749467,std_2022110980@dongguk.edu,학생_980,경영대학,회계학과,4,M,교과위주(학교장추천),1.21,2.78,1.57,9,76.3,3,5,3.1,0,69.8,1.0,1
2023110981,041209-4628513,std_2023110981@dongguk.edu,학생_981,경영대학,경영학과,3,F,교과위주(학교장추천),2.64,2.81,0.16,18,94.2,0,27,19.6,3,27.1,2.0,0
2021110982,021110-3173541,std_2021110982@dongguk.edu,학생_982,문과대학,영어영문학전공,4,M,학생부종합(DoDream),4.11,3.7,-0.41,18,98.6,0,21,30.5,4,18.9,3.0,0
2023110983,041102-4126082,std_2023110983@dongguk.edu,학생_983,사범대학,수학교육과,3,F,수능위주(정시),3.41,3.79,0.38,18,95.8,0,23,11.1,2,41.1,2.0,0
2024110984,050420-3994186,std_2024110984@dongguk.edu,학생_984,경영대학,회계학과,2,M,학생부종합(DoDream),3.02,3.11,0.09,18,98.7,0,12,34.5,5,29.2,,0
2024110985,051204-4223031,std_2024110985@dongguk.edu,학생_985,사범대학,교육학과,2,F,교과위주(학교장추천),3.0,3.08,0.07,18,93.6,0,16,28.7,4,39.1,3.0,0
2023110986,041003-3580826,std_2023110986@dongguk.edu,학생_986,공과대학,전자전기공학부,3,M,수능위주(정시),3.12,3.37,0.25,18,87.6,0,18,24.4,3,40.7,3.0,0
2023110987,040712-4690313,std_2023110987@dongguk.edu,학생_987,공과대학,전자전기공학부,3,F,논술위주,2.9,2.96,0.06,15,91.3,1,19,28.1,4,25.7,2.0,0
2023110988,040415-3895238,std_2023110988@dongguk.edu,학생_988,문과대학,영어영문학전공,3,M,논술위주,3.44,3.18,-0.26,15,99.2,1,27,57.2,8,37.4,,0
2024110989,050714-4676306,std_2024110989@dongguk.edu,학생_989,공과대학,기계로봇에너지공학과,2,F,수능위주(정시),2.6,2.89,0.29,18,95.9,0,18,18.5,3,16.2,3.0,0
2023110990,040517-3341819,std_2023110990@dongguk.edu,학생_990,바이오시스템대학,생명과학과,3,M,논술위주,3.46,3.3,-0.16,18,100.0,0,23,27.0,4,50.8,1.0,0
2023110991,040914-4528546,std_2023110991@dongguk.edu,학생_991,공과대학,전자전기공학부,3,F,교과위주(학교장추천),3.97,4.3,0.33,18,91.1,0,26,12.6,2,22.8,0.0,0
2022110992,030504-3207716,std_2022110992@dongguk.edu,학생_992,공과대학,기계로봇에너지공학과,4,M,수능위주(정시),3.18,3.4,0.22,18,95.0,0,13,27.2,4,38.6,1.0,0
2022110993,030522-4374115,std_2022110993@dongguk.edu,학생_993,경영대학,경영학과,4,F,학생부종합(DoDream),3.27,3.02,-0.25,15,95.8,1,18,53.3,8,48.5,,0
2024110994,050724-3674891,std_2024110994@dongguk.edu,학생_994,경영대학,경영학과,2,M,교과위주(학교장추천),2.2,2.62,0.55,18,96.6,0,21,45.1,6,40.0,0.0,0
2023110995,041205-4999915,std_2023110995@dongguk.edu,학생_995,문과대학,철학과,3,F,학생부종합(DoDream),2.97,3.33,0.36,18,95.4,0,20,7.2,1,31.4,1.0,0
2024110996,050818-3469992,std_2024110996@dongguk.edu,학생_996,공과대학,정보통신공학과,2,M,학생부종합(DoDream),3.05,3.3,0.25,18,94.5,0,19,26.3,4,34.1,3.0,0
2021110997,020811-4417649,std_2021110997@dongguk.edu,학생_997,사범대학,수학교육과,4,F,논술위주,3.22,2.78,-0.43,18,95.4,0,14,25.1,4,29.3,3.0,0
2022110998,031104-3422195,std_2022110998@dongguk.edu,학생_998,바이오시스템대학,식품생명공학과,4,M,학생부종합(DoDream),4.35,4.02,-0.33,18,100.0,0,22,33.7,5,40.7,3.0,0
2023110999,041216-4768058,std_2023110999@dongguk.edu,학생_999,경영대학,경영학과,3,F,학생부종합(DoDream),2.6,2.62,0.02,18,94.0,0,17,35.1,5,33.9,2.0,0
2021111000,020520-3186665,std_2021111000@dongguk.edu,학생_1000,경영대학,회계학과,4,M,수능위주(정시),3.47,3.66,0.19,18,91.8,0,26,30.4,4,35.1,1.0,0
2023111001,040722-4255022,std_2023111001@dongguk.edu,학생_1001,공과대학,전자전기공학부,3,F,논술위주,3.62,3.33,-0.29,18,93.4,0,20,14.5,2,31.0,3.0,0
2022111002,031212-3376386,std_2022111002@dongguk.edu,학생_1002,사범대학,수학교육과,4,M,수능위주(정시),3.24,3.31,0.07,18,92.8,0,16,22.4,3,40.5,2.0,0
2021111003,020106-4659086,std_2021111003@dongguk.edu,학생_1003,바이오시스템대학,생명과학과,4,F,학생부종합(DoDream),3.31,3.09,-0.22,18,94.2,0,25,31.2,4,37.7,2.0,0
2021111004,020411-3624209,std_2021111004@dongguk.edu,학생_1004,사범대학,수학교육과,4,M,수능위주(정시),3.09,3.18,0.09,18,100.0,0,20,30.1,4,35.3,2.0,0
2023111005,040614-4925535,std_2023111005@dongguk.edu,학생_1005,공과대학,정보통신공학과,3,F,교과위주(학교장추천),3.93,3.77,-0.16,15,99.6,1,17,15.3,2,11.0,3.0,0
2023111006,040415-3670272,std_2023111006@dongguk.edu,학생_1006,문과대학,사학과,3,M,논술위주,4.2,3.56,-0.64,18,92.8,0,18,11.5,2,13.9,1.0,0
2023111007,041120-4103514,std_2023111007@dongguk.edu,학생_1007,문과대학,철학과,3,F,수능위주(정시),3.68,3.33,-0.35,18,93.4,0,19,26.1,4,26.1,1.0,0
2021111008,021013-3535293,std_2021111008@dongguk.edu,학생_1008,공과대학,정보통신공학과,4,M,교과위주(학교장추천),2.3,2.23,-0.08,18,95.0,0,20,39.1,6,10.6,1.0,0
2023111009,040322-4460002,std_2023111009@dongguk.edu,학생_1009,공과대학,컴퓨터인공지능전공,3,F,논술위주,2.87,2.82,-0.06,18,100.0,0,14,23.6,3,43.1,2.0,0
2024111010,050501-3263122,std_2024111010@dongguk.edu,학생_1010,공과대학,전자전기공학부,2,M,수능위주(정시),2.65,2.93,0.27,18,92.5,0,13,42.0,6,24.5,2.0,0
2023111011,040704-4884313,std_2023111011@dongguk.edu,학생_1011,경영대학,경영정보학과,3,F,학생부종합(DoDream),3.34,3.7,0.35,18,97.4,0,19,40.9,6,21.7,,0
2021111012,020104-3839617,std_2021111012@dongguk.edu,학생_1012,경영대학,경영학과,4,M,교과위주(학교장추천),1.58,3.21,1.64,12,68.4,2,3,3.0,0,61.8,,1
2022111013,030806-4262008,std_2022111013@dongguk.edu,학생_1013,문과대학,사학과,4,F,학생부종합(DoDream),2.66,2.99,0.33,18,91.2,0,22,19.6,3,43.7,1.0,0
2023111014,040824-3564843,std_2023111014@dongguk.edu,학생_1014,경영대학,경영정보학과,3,M,수능위주(정시),4.02,3.77,-0.25,18,93.9,0,17,11.6,2,25.2,,0
2024111015,050523-4180759,std_2024111015@dongguk.edu,학생_1015,문과대학,영어영문학전공,2,F,교과위주(학교장추천),2.03,2.86,0.83,6,71.6,4,7,3.4,0,35.0,1.0,1
2024111016,050824-3511344,std_2024111016@dongguk.edu,학생_1016,경영대학,회계학과,2,M,교과위주(학교장추천),1.93,2.87,0.94,12,67.6,2,3,0.0,0,53.9,,1
2023111017,040525-4593663,std_2023111017@dongguk.edu,학생_1017,사범대학,국어교육과,3,F,수능위주(정시),2.69,3.25,0.56,15,90.6,1,25,22.3,3,28.7,3.0,0
2022111018,030903-3627687,std_2022111018@dongguk.edu,학생_1018,공과대학,정보통신공학과,4,M,학생부종합(DoDream),2.28,2.52,0.24,18,95.2,0,16,5.0,1,22.5,3.0,0
2021111019,020315-4509189,std_2021111019@dongguk.edu,학생_1019,바이오시스템대학,바이오환경과학과,4,F,수능위주(정시),2.6,3.16,0.56,18,92.1,0,21,32.5,5,55.1,3.0,0
2024111020,050824-3355516,std_2024111020@dongguk.edu,학생_1020,공과대학,컴퓨터인공지능전공,2,M,교과위주(학교장추천),3.27,3.45,0.19,18,94.3,0,28,37.1,5,41.5,1.0,0
2022111021,031102-4484090,std_2022111021@dongguk.edu,학생_1021,바이오시스템대학,생명과학과,4,F,학생부종합(DoDream),2.4,2.81,0.41,18,95.2,0,11,25.4,4,30.2,1.0,0
2023111022,040517-3315648,std_2023111022@dongguk.edu,학생_1022,공과대학,컴퓨터인공지능전공,3,M,논술위주,3.84,3.77,-0.07,18,93.9,0,26,49.2,7,37.6,2.0,0
2023111023,040815-4721371,std_2023111023@dongguk.edu,학생_1023,바이오시스템대학,식품생명공학과,3,F,학생부종합(DoDream),2.16,3.42,1.26,9,73.3,3,6,3.3,0,37.2,,1
2023111024,040513-3601109,std_2023111024@dongguk.edu,학생_1024,경영대학,경영정보학과,3,M,논술위주,3.44,3.33,-0.11,18,98.5,0,21,35.2,5,25.1,1.0,0
2022111025,030908-4687344,std_2022111025@dongguk.edu,학생_1025,공과대학,정보통신공학과,4,F,수능위주(정시),3.42,3.43,0.01,18,95.0,0,25,16.3,2,26.2,0.0,0
2023111026,041110-3564657,std_2023111026@dongguk.edu,학생_1026,공과대학,정보통신공학과,3,M,수능위주(정시),2.98,2.62,-0.36,18,100.0,0,23,23.8,3,46.8,0.0,0
2023111027,040219-4927307,std_2023111027@dongguk.edu,학생_1027,공과대학,정보통신공학과,3,F,교과위주(학교장추천),3.22,3.11,-0.11,18,91.3,0,23,14.4,2,25.8,0.0,0
2021111028,020604-3186891,std_2021111028@dongguk.edu,학생_1028,공과대학,정보통신공학과,4,M,논술위주,2.79,2.86,0.07,18,98.2,0,20,31.6,5,41.1,0.0,0
2023111029,040120-4834799,std_2023111029@dongguk.edu,학생_1029,문과대학,국어국문학과,3,F,수능위주(정시),3.13,3.12,-0.01,18,96.3,0,23,20.8,3,30.9,0.0,0
2022111030,030910-3158396,std_2022111030@dongguk.edu,학생_1030,바이오시스템대학,생명과학과,4,M,교과위주(학교장추천),4.09,4.19,0.1,18,94.2,0,15,30.0,4,28.6,2.0,0
2023111031,040501-4962124,std_2023111031@dongguk.edu,학생_1031,공과대학,전자전기공학부,3,F,논술위주,3.83,3.6,-0.23,18,88.7,0,15,16.3,2,38.3,1.0,0
2023111032,040507-3423540,std_2023111032@dongguk.edu,학생_1032,공과대학,기계로봇에너지공학과,3,M,학생부종합(DoDream),3.56,3.76,0.2,18,89.2,0,21,15.9,2,49.0,3.0,0
2023111033,040420-4157477,std_2023111033@dongguk.edu,학생_1033,바이오시스템대학,생명과학과,3,F,수능위주(정시),3.81,3.86,0.05,18,94.1,0,15,13.3,2,10.0,0.0,0
2021111034,020402-3369548,std_2021111034@dongguk.edu,학생_1034,바이오시스템대학,생명과학과,4,M,교과위주(학교장추천),1.31,2.88,1.57,12,64.7,2,7,6.6,1,58.5,,1
2024111035,050724-4348670,std_2024111035@dongguk.edu,학생_1035,공과대학,전자전기공학부,2,F,수능위주(정시),4.21,3.69,-0.52,18,99.0,0,20,21.3,3,32.9,3.0,0
2024111036,050706-3264500,std_2024111036@dongguk.edu,학생_1036,사범대학,국어교육과,2,M,논술위주,2.82,3.09,0.27,15,91.1,1,14,22.0,3,19.7,3.0,0
2024111037,050124-4301549,std_2024111037@dongguk.edu,학생_1037,공과대학,컴퓨터인공지능전공,2,F,논술위주,3.94,3.68,-0.26,18,92.3,0,22,31.4,4,18.8,2.0,0
2024111038,050322-3936131,std_2024111038@dongguk.edu,학생_1038,공과대학,정보통신공학과,2,M,교과위주(학교장추천),2.74,2.73,-0.0,18,92.9,0,25,20.6,3,37.2,,0
2024111039,050203-4801916,std_2024111039@dongguk.edu,학생_1039,공과대학,전자전기공학부,2,F,교과위주(학교장추천),3.39,3.73,0.34,18,88.9,0,22,26.4,4,14.3,0.0,0
2023111040,040418-3937166,std_2023111040@dongguk.edu,학생_1040,경영대학,회계학과,3,M,논술위주,3.9,3.61,-0.29,18,100.0,0,17,5.0,1,26.1,3.0,0
2022111041,030822-4175614,std_2022111041@dongguk.edu,학생_1041,사범대학,교육학과,4,F,수능위주(정시),2.7,2.79,0.09,18,96.8,0,22,27.5,4,31.5,0.0,0
2023111042,040602-3317129,std_2023111042@dongguk.edu,학생_1042,문과대학,영어영문학전공,3,M,논술위주,3.02,3.01,-0.01,15,92.4,1,14,5.0,1,18.7,2.0,0
2022111043,030423-4799909,std_2022111043@dongguk.edu,학생_1043,공과대학,기계로봇에너지공학과,4,F,학생부종합(DoDream),4.4,4.3,-0.67,18,95.7,0,22,12.1,2,19.0,2.0,0
2022111044,031010-3780583,std_2022111044@dongguk.edu,학생_1044,문과대학,영어영문학전공,4,M,수능위주(정시),4.06,3.74,-0.32,18,99.8,0,12,37.5,5,22.0,2.0,0
2021111045,020204-4630796,std_2021111045@dongguk.edu,학생_1045,문과대학,영어영문학전공,4,F,교과위주(학교장추천),2.62,2.54,-0.07,18,95.8,0,19,23.7,3,28.1,3.0,0
2023111046,040725-3665992,std_2023111046@dongguk.edu,학생_1046,문과대학,사학과,3,M,교과위주(학교장추천),3.3,2.95,-0.35,18,94.7,0,18,11.0,2,28.2,2.0,0
2021111047,020427-4547717,std_2021111047@dongguk.edu,학생_1047,공과대학,기계로봇에너지공학과,4,F,논술위주,3.85,3.78,-0.07,18,87.2,0,25,32.7,5,40.7,0.0,0
2023111048,040212-3885367,std_2023111048@dongguk.edu,학생_1048,문과대학,사학과,3,M,학생부종합(DoDream),3.61,3.58,-0.02,18,95.1,0,19,5.0,1,30.9,3.0,0
2022111049,030105-4761753,std_2022111049@dongguk.edu,학생_1049,사범대학,국어교육과,4,F,논술위주,4.4,4.3,-0.18,18,96.8,0,21,29.7,4,34.5,3.0,0
2023111050,040809-3813601,std_2023111050@dongguk.edu,학생_1050,공과대학,기계로봇에너지공학과,3,M,교과위주(학교장추천),3.09,3.3,0.21,18,98.9,0,19,34.1,5,38.9,3.0,0
2024111051,050721-4452265,std_2024111051@dongguk.edu,학생_1051,문과대학,철학과,2,F,논술위주,2.3,3.52,1.01,12,77.5,2,3,5.2,1,56.2,,1
2024111052,051221-3299439,std_2024111052@dongguk.edu,학생_1052,공과대학,기계로봇에너지공학과,2,M,논술위주,2.98,3.04,0.07,18,95.3,0,24,25.6,4,26.0,3.0,0
2023111053,040906-4750363,std_2023111053@dongguk.edu,학생_1053,바이오시스템대학,식품생명공학과,3,F,교과위주(학교장추천),2.65,2.39,-0.26,18,94.8,0,26,48.1,7,31.4,2.0,0
2024111054,050220-3982564,std_2024111054@dongguk.edu,학생_1054,공과대학,기계로봇에너지공학과,2,M,학생부종합(DoDream),2.66,2.59,-0.07,18,87.4,0,20,32.1,5,28.5,0.0,0
2021111055,020822-4556660,std_2021111055@dongguk.edu,학생_1055,바이오시스템대학,생명과학과,4,F,논술위주,2.55,2.55,-0.0,18,94.7,0,8,22.0,3,31.3,2.0,0
2021111056,021208-3785671,std_2021111056@dongguk.edu,학생_1056,사범대학,교육학과,4,M,수능위주(정시),2.2,1.74,-0.08,18,100.0,0,19,14.0,2,41.6,1.0,0
2023111057,040523-4489821,std_2023111057@dongguk.edu,학생_1057,공과대학,전자전기공학부,3,F,학생부종합(DoDream),2.3,3.94,1.12,9,77.4,3,9,5.7,1,72.4,0.0,1
2024111058,050413-3669027,std_2024111058@dongguk.edu,학생_1058,경영대학,경영학과,2,M,학생부종합(DoDream),3.65,3.97,0.32,18,92.9,0,18,25.8,4,28.6,2.0,0
2021111059,020103-4343083,std_2021111059@dongguk.edu,학생_1059,공과대학,전자전기공학부,4,F,학생부종합(DoDream),3.46,3.18,-0.28,18,95.7,0,13,31.5,5,37.8,2.0,0
2021111060,021204-3909858,std_2021111060@dongguk.edu,학생_1060,사범대학,수학교육과,4,M,논술위주,3.0,3.09,0.1,18,100.0,0,16,18.2,3,31.0,0.0,0
2021111061,020622-4839835,std_2021111061@dongguk.edu,학생_1061,공과대학,전자전기공학부,4,F,학생부종합(DoDream),1.32,2.52,1.2,15,82.2,1,2,8.3,1,60.2,,1
2024111062,050428-3304950,std_2024111062@dongguk.edu,학생_1062,경영대학,경영정보학과,2,M,교과위주(학교장추천),2.45,2.66,0.21,18,88.7,0,19,15.9,2,42.0,,0
2022111063,031109-4723579,std_2022111063@dongguk.edu,학생_1063,공과대학,컴퓨터인공지능전공,4,F,논술위주,2.3,3.81,0.94,15,80.4,1,3,0.0,0,55.8,,1
2024111064,050613-3761311,std_2024111064@dongguk.edu,학생_1064,공과대학,정보통신공학과,2,M,논술위주,2.79,3.18,0.39,18,94.3,0,20,17.0,2,19.3,1.0,0
2024111065,050106-4315732,std_2024111065@dongguk.edu,학생_1065,공과대학,정보통신공학과,2,F,수능위주(정시),3.77,3.56,-0.2,18,88.3,0,21,13.2,2,31.6,3.0,0
2024111066,051007-3746640,std_2024111066@dongguk.edu,학생_1066,사범대학,교육학과,2,M,교과위주(학교장추천),3.8,3.83,0.04,18,93.5,0,20,45.7,7,28.4,2.0,0
2023111067,041121-4680913,std_2023111067@dongguk.edu,학생_1067,공과대학,기계로봇에너지공학과,3,F,교과위주(학교장추천),4.14,3.99,-0.15,18,91.2,0,23,32.3,5,13.7,3.0,0
2022111068,030921-3580575,std_2022111068@dongguk.edu,학생_1068,문과대학,국어국문학과,4,M,수능위주(정시),2.2,1.97,-0.18,18,96.6,0,28,32.6,5,43.7,2.0,0
2021111069,020911-4537867,std_2021111069@dongguk.edu,학생_1069,경영대학,경영학과,4,F,논술위주,3.54,3.03,-0.51,18,95.9,0,20,21.6,3,10.0,2.0,0
2022111070,030913-3460255,std_2022111070@dongguk.edu,학생_1070,공과대학,컴퓨터인공지능전공,4,M,수능위주(정시),2.3,3.81,0.86,15,85.0,1,9,0.0,0,61.9,0.0,1
2023111071,041105-4299302,std_2023111071@dongguk.edu,학생_1071,공과대학,컴퓨터인공지능전공,3,F,수능위주(정시),3.29,3.33,0.04,18,100.0,0,23,33.2,5,27.7,2.0,0
2022111072,030420-3411721,std_2022111072@dongguk.edu,학생_1072,경영대학,회계학과,4,M,교과위주(학교장추천),2.49,2.5,0.01,18,98.7,0,13,23.2,3,31.1,1.0,0
2022111073,030917-4749401,std_2022111073@dongguk.edu,학생_1073,공과대학,기계로봇에너지공학과,4,F,교과위주(학교장추천),3.24,2.82,-0.42,18,99.3,0,23,32.6,5,20.2,1.0,0
2024111074,050902-3515019,std_2024111074@dongguk.edu,학생_1074,사범대학,교육학과,2,M,논술위주,4.4,4.17,-0.48,18,89.2,0,19,19.1,3,31.8,3.0,0
2024111075,050819-4690324,std_2024111075@dongguk.edu,학생_1075,문과대학,영어영문학전공,2,F,수능위주(정시),3.35,3.26,-0.08,18,90.1,0,16,25.7,4,16.6,2.0,0
2023111076,040916-3116643,std_2023111076@dongguk.edu,학생_1076,사범대학,교육학과,3,M,학생부종합(DoDream),2.43,2.55,0.11,15,86.5,1,25,27.3,4,35.1,1.0,0
2024111077,050513-4250423,std_2024111077@dongguk.edu,학생_1077,공과대학,기계로봇에너지공학과,2,F,학생부종합(DoDream),2.7,2.66,-0.04,18,91.4,0,19,28.6,4,35.4,3.0,0
2023111078,040117-3616286,std_2023111078@dongguk.edu,학생_1078,사범대학,국어교육과,3,M,학생부종합(DoDream),2.53,2.72,0.19,18,93.8,0,25,12.6,2,27.9,1.0,0
2021111079,020604-4781299,std_2021111079@dongguk.edu,학생_1079,바이오시스템대학,식품생명공학과,4,F,논술위주,2.83,2.75,-0.08,18,94.5,0,12,18.8,3,31.0,3.0,0
2024111080,050814-3700465,std_2024111080@dongguk.edu,학생_1080,바이오시스템대학,생명과학과,2,M,학생부종합(DoDream),4.31,4.3,-0.01,18,92.4,0,27,5.0,1,51.1,0.0,0
2023111081,040225-4275966,std_2023111081@dongguk.edu,학생_1081,공과대학,기계로봇에너지공학과,3,F,학생부종합(DoDream),3.51,3.85,0.34,18,94.1,0,15,7.2,1,30.6,1.0,0
2021111082,020628-3998740,std_2021111082@dongguk.edu,학생_1082,문과대학,사학과,4,M,학생부종합(DoDream),3.77,3.98,0.21,18,92.1,0,23,23.7,3,23.5,3.0,0
2023111083,041211-4992719,std_2023111083@dongguk.edu,학생_1083,문과대학,사학과,3,F,교과위주(학교장추천),3.7,3.55,-0.16,18,92.9,0,17,33.1,5,25.8,1.0,0
2023111084,040524-3196816,std_2023111084@dongguk.edu,학생_1084,공과대학,전자전기공학부,3,M,논술위주,2.59,3.06,0.48,18,89.2,0,23,41.1,6,27.4,,0
2024111085,050602-4920462,std_2024111085@dongguk.edu,학생_1085,경영대학,회계학과,2,F,논술위주,3.54,3.49,-0.05,15,92.8,1,21,26.3,4,40.7,1.0,0
2022111086,030304-3850681,std_2022111086@dongguk.edu,학생_1086,문과대학,사학과,4,M,수능위주(정시),1.49,2.67,1.18,9,72.1,3,2,2.2,0,69.6,,1
2023111087,040303-4977326,std_2023111087@dongguk.edu,학생_1087,문과대학,사학과,3,F,교과위주(학교장추천),2.02,3.36,1.34,9,69.1,3,4,4.1,1,66.0,,1
2023111088,040318-3480946,std_2023111088@dongguk.edu,학생_1088,바이오시스템대학,바이오환경과학과,3,M,수능위주(정시),3.54,3.22,-0.32,18,92.1,0,21,35.3,5,28.1,0.0,0
2023111089,040323-4923597,std_2023111089@dongguk.edu,학생_1089,공과대학,전자전기공학부,3,F,학생부종합(DoDream),2.76,2.94,0.18,18,85.8,0,20,43.9,6,10.0,3.0,0
2023111090,041102-3114864,std_2023111090@dongguk.edu,학생_1090,문과대학,영어영문학전공,3,M,수능위주(정시),1.85,3.03,1.19,15,63.7,1,9,3.5,1,68.6,,1
2022111091,030708-4195933,std_2022111091@dongguk.edu,학생_1091,바이오시스템대학,바이오환경과학과,4,F,수능위주(정시),4.23,4.3,0.07,18,96.0,0,17,14.6,2,50.9,3.0,0
2024111092,051122-3638575,std_2024111092@dongguk.edu,학생_1092,경영대학,경영학과,2,M,학생부종합(DoDream),4.18,3.97,-0.21,18,98.4,0,19,32.6,5,26.3,3.0,0
2023111093,040322-4638291,std_2023111093@dongguk.edu,학생_1093,공과대학,컴퓨터인공지능전공,3,F,수능위주(정시),2.3,4.3,1.71,12,73.0,2,2,1.3,0,58.1,1.0,1
2023111094,040411-3836589,std_2023111094@dongguk.edu,학생_1094,공과대학,전자전기공학부,3,M,교과위주(학교장추천),1.25,2.88,1.62,15,70.8,1,5,3.9,1,63.2,1.0,1
2024111095,050302-4224559,std_2024111095@dongguk.edu,학생_1095,문과대학,철학과,2,F,논술위주,1.43,2.7,1.27,15,64.9,1,3,1.2,0,59.1,,1
2022111096,030710-3902947,std_2022111096@dongguk.edu,학생_1096,사범대학,국어교육과,4,M,수능위주(정시),3.93,3.82,-0.1,18,93.2,0,23,19.0,3,23.1,3.0,0
2024111097,050801-4314463,std_2024111097@dongguk.edu,학생_1097,문과대학,철학과,2,F,수능위주(정시),3.4,3.35,-0.05,18,93.6,0,24,13.8,2,20.8,3.0,0
2021111098,020710-3694318,std_2021111098@dongguk.edu,학생_1098,공과대학,전자전기공학부,4,M,교과위주(학교장추천),3.5,3.88,0.38,18,97.6,0,24,37.2,5,34.3,,0
2023111099,040402-4518246,std_2023111099@dongguk.edu,학생_1099,문과대학,철학과,3,F,학생부종합(DoDream),1.35,2.9,1.55,9,67.4,3,3,3.6,1,54.5,,1
2022111100,030106-3166107,std_2022111100@dongguk.edu,학생_1100,문과대학,국어국문학과,4,M,논술위주,3.44,3.16,-0.28,18,96.7,0,18,31.2,4,36.6,0.0,0
2023111101,040922-4436825,std_2023111101@dongguk.edu,학생_1101,문과대학,영어영문학전공,3,F,논술위주,2.59,2.86,0.27,18,99.9,0,15,30.7,4,35.5,2.0,0
2023111102,040125-3655289,std_2023111102@dongguk.edu,학생_1102,문과대학,사학과,3,M,논술위주,2.93,3.54,0.61,15,88.7,1,25,34.2,5,10.0,3.0,0
2021111103,020323-4811513,std_2021111103@dongguk.edu,학생_1103,공과대학,전자전기공학부,4,F,학생부종합(DoDream),3.59,3.39,-0.2,18,94.3,0,18,24.0,3,38.2,2.0,0
2024111104,050606-3224433,std_2024111104@dongguk.edu,학생_1104,바이오시스템대학,식품생명공학과,2,M,수능위주(정시),3.26,3.61,0.34,18,99.3,0,19,8.2,1,33.5,1.0,0
2024111105,050724-4794873,std_2024111105@dongguk.edu,학생_1105,문과대학,사학과,2,F,학생부종합(DoDream),2.28,2.37,0.09,18,92.5,0,14,9.7,1,58.2,2.0,0
2021111106,020727-3474562,std_2021111106@dongguk.edu,학생_1106,문과대학,사학과,4,M,수능위주(정시),4.09,4.06,-0.03,18,94.5,0,24,37.1,5,21.2,1.0,0
2021111107,020502-4452431,std_2021111107@dongguk.edu,학생_1107,바이오시스템대학,식품생명공학과,4,F,수능위주(정시),3.19,2.97,-0.21,18,92.1,0,24,20.7,3,45.5,0.0,0
2022111108,030716-3776186,std_2022111108@dongguk.edu,학생_1108,바이오시스템대학,바이오환경과학과,4,M,수능위주(정시),2.67,2.71,0.04,18,91.5,0,17,19.0,3,33.6,3.0,0
2022111109,031219-4537372,std_2022111109@dongguk.edu,학생_1109,문과대학,국어국문학과,4,F,논술위주,3.78,3.47,-0.31,18,100.0,0,18,17.6,3,29.6,0.0,0
2024111110,050810-3380348,std_2024111110@dongguk.edu,학생_1110,공과대학,전자전기공학부,2,M,교과위주(학교장추천),2.3,4.3,1.0,15,58.9,1,1,4.6,1,64.9,0.0,1
2022111111,030727-4283707,std_2022111111@dongguk.edu,학생_1111,경영대학,경영정보학과,4,F,논술위주,2.3,3.32,0.99,15,64.3,1,5,0.0,0,57.0,0.0,1
2023111112,040716-3700777,std_2023111112@dongguk.edu,학생_1112,공과대학,컴퓨터인공지능전공,3,M,교과위주(학교장추천),3.31,3.45,0.14,15,92.0,1,16,26.8,4,31.5,0.0,0
2021111113,020118-4837816,std_2021111113@dongguk.edu,학생_1113,공과대학,컴퓨터인공지능전공,4,F,학생부종합(DoDream),3.78,3.47,-0.31,15,95.2,1,16,27.3,4,18.6,2.0,0
2022111114,030213-3543373,std_2022111114@dongguk.edu,학생_1114,공과대학,전자전기공학부,4,M,교과위주(학교장추천),3.45,3.73,0.28,18,90.6,0,17,24.0,3,35.3,2.0,0
2023111115,040104-4298470,std_2023111115@dongguk.edu,학생_1115,사범대학,국어교육과,3,F,논술위주,4.14,3.82,-0.32,18,88.1,0,23,30.0,4,48.6,0.0,0
2023111116,041104-3192814,std_2023111116@dongguk.edu,학생_1116,경영대학,회계학과,3,M,수능위주(정시),3.16,2.93,-0.23,18,89.8,0,18,19.1,3,23.4,1.0,0
2022111117,030819-4668376,std_2022111117@dongguk.edu,학생_1117,공과대학,전자전기공학부,4,F,교과위주(학교장추천),4.23,4.3,0.07,18,88.7,0,19,17.3,2,30.3,3.0,0
2023111118,041126-3367600,std_2023111118@dongguk.edu,학생_1118,사범대학,국어교육과,3,M,교과위주(학교장추천),3.32,3.61,0.3,15,97.9,1,13,27.1,4,24.7,3.0,0
2023111119,040423-4319508,std_2023111119@dongguk.edu,학생_1119,바이오시스템대학,식품생명공학과,3,F,수능위주(정시),3.11,3.01,-0.1,15,93.8,1,21,11.1,2,37.3,3.0,0
2022111120,030816-3209877,std_2022111120@dongguk.edu,학생_1120,경영대학,회계학과,4,M,학생부종합(DoDream),3.01,2.68,-0.33,18,93.9,0,15,19.0,3,37.2,2.0,0
2024111121,050412-4766468,std_2024111121@dongguk.edu,학생_1121,사범대학,교육학과,2,F,교과위주(학교장추천),2.54,2.69,0.16,18,99.0,0,21,20.0,3,10.4,2.0,0
2024111122,050701-3598909,std_2024111122@dongguk.edu,학생_1122,경영대학,경영정보학과,2,M,학생부종합(DoDream),3.76,3.72,-0.03,18,92.2,0,19,20.7,3,20.4,3.0,0
2023111123,040521-4231440,std_2023111123@dongguk.edu,학생_1123,공과대학,전자전기공학부,3,F,교과위주(학교장추천),2.93,2.91,-0.02,18,99.6,0,23,11.1,2,36.6,1.0,0
2022111124,030916-3698685,std_2022111124@dongguk.edu,학생_1124,바이오시스템대학,식품생명공학과,4,M,논술위주,4.18,4.3,0.12,18,96.5,0,21,40.7,6,21.2,1.0,0
2021111125,020517-4127386,std_2021111125@dongguk.edu,학생_1125,사범대학,국어교육과,4,F,수능위주(정시),2.86,2.88,0.02,18,94.9,0,24,16.5,2,27.9,0.0,0
2021111126,020913-3121294,std_2021111126@dongguk.edu,학생_1126,공과대학,기계로봇에너지공학과,4,M,학생부종합(DoDream),2.98,3.55,0.56,18,94.6,0,24,23.4,3,41.4,2.0,0
2023111127,040802-4269271,std_2023111127@dongguk.edu,학생_1127,경영대학,회계학과,3,F,수능위주(정시),3.81,3.71,-0.09,18,95.9,0,21,28.5,4,36.9,1.0,0
2023111128,041101-3256319,std_2023111128@dongguk.edu,학생_1128,공과대학,컴퓨터인공지능전공,3,M,수능위주(정시),2.84,3.15,0.3,18,90.3,0,26,25.9,4,13.4,3.0,0
2023111129,040714-4809009,std_2023111129@dongguk.edu,학생_1129,바이오시스템대학,생명과학과,3,F,학생부종합(DoDream),3.01,3.31,0.29,18,94.3,0,20,19.7,3,30.7,,0
2023111130,041227-3834253,std_2023111130@dongguk.edu,학생_1130,경영대학,회계학과,3,M,수능위주(정시),4.34,4.16,-0.17,18,92.2,0,11,25.0,4,23.7,0.0,0
2021111131,020402-4747585,std_2021111131@dongguk.edu,학생_1131,공과대학,컴퓨터인공지능전공,4,F,학생부종합(DoDream),3.61,3.36,-0.24,18,98.2,0,20,5.0,1,25.5,,0
2023111132,041004-3619657,std_2023111132@dongguk.edu,학생_1132,문과대학,국어국문학과,3,M,학생부종합(DoDream),2.3,3.38,1.06,15,79.2,1,5,2.1,0,50.8,1.0,1
2022111133,030828-4369805,std_2022111133@dongguk.edu,학생_1133,공과대학,전자전기공학부,4,F,논술위주,3.01,3.29,0.28,18,91.9,0,19,20.4,3,37.2,0.0,0
2022111134,030726-3782895,std_2022111134@dongguk.edu,학생_1134,공과대학,정보통신공학과,4,M,논술위주,3.51,4.11,0.6,18,96.5,0,21,36.2,5,14.9,2.0,0
2021111135,020409-4985464,std_2021111135@dongguk.edu,학생_1135,공과대학,전자전기공학부,4,F,학생부종합(DoDream),3.39,3.48,0.08,15,90.5,1,16,14.7,2,13.9,0.0,0
2023111136,040108-3817972,std_2023111136@dongguk.edu,학생_1136,공과대학,컴퓨터인공지능전공,3,M,수능위주(정시),2.97,2.99,0.03,15,88.1,1,15,23.2,3,40.8,2.0,0
2024111137,050902-4994759,std_2024111137@dongguk.edu,학생_1137,공과대학,컴퓨터인공지능전공,2,F,교과위주(학교장추천),1.22,2.65,1.43,6,62.4,4,7,2.9,0,64.2,,1
2023111138,040408-3230731,std_2023111138@dongguk.edu,학생_1138,경영대학,경영정보학과,3,M,논술위주,3.56,3.4,-0.16,18,89.4,0,20,17.5,3,46.5,2.0,0
2021111139,021208-4153565,std_2021111139@dongguk.edu,학생_1139,공과대학,전자전기공학부,4,F,논술위주,2.41,2.87,0.46,18,96.2,0,25,22.5,3,40.2,0.0,0
2023111140,040622-3248010,std_2023111140@dongguk.edu,학생_1140,사범대학,국어교육과,3,M,논술위주,4.11,3.68,-0.43,18,93.4,0,27,23.0,3,36.6,1.0,0
2024111141,051126-4158527,std_2024111141@dongguk.edu,학생_1141,공과대학,기계로봇에너지공학과,2,F,학생부종합(DoDream),3.14,2.91,-0.23,18,94.4,0,26,31.4,4,35.2,2.0,0
2022111142,030512-3907329,std_2022111142@dongguk.edu,학생_1142,공과대학,정보통신공학과,4,M,학생부종합(DoDream),2.76,3.0,0.23,18,98.4,0,20,17.1,2,37.8,3.0,0
2022111143,030324-4182844,std_2022111143@dongguk.edu,학생_1143,경영대학,회계학과,4,F,논술위주,3.12,2.85,-0.27,18,93.4,0,23,22.4,3,17.7,1.0,0
2024111144,051215-3232970,std_2024111144@dongguk.edu,학생_1144,공과대학,기계로봇에너지공학과,2,M,수능위주(정시),4.4,4.01,-0.65,18,94.9,0,18,21.3,3,16.0,0.0,0
2021111145,020223-4890358,std_2021111145@dongguk.edu,학생_1145,경영대학,경영학과,4,F,논술위주,2.67,2.74,0.07,18,100.0,0,19,43.4,6,33.7,2.0,0
2023111146,040816-3998671,std_2023111146@dongguk.edu,학생_1146,사범대학,국어교육과,3,M,학생부종합(DoDream),4.3,4.29,-0.01,18,93.8,0,21,32.2,5,40.0,0.0,0
2021111147,020622-4490721,std_2021111147@dongguk.edu,학생_1147,공과대학,컴퓨터인공지능전공,4,F,수능위주(정시),3.78,3.95,0.17,18,82.0,0,20,20.1,3,41.0,,0
2021111148,020605-3720877,std_2021111148@dongguk.edu,학생_1148,문과대학,국어국문학과,4,M,교과위주(학교장추천),3.14,3.19,0.05,18,89.9,0,21,44.1,6,18.0,2.0,0
2021111149,020522-4609467,std_2021111149@dongguk.edu,학생_1149,공과대학,정보통신공학과,4,F,교과위주(학교장추천),3.4,3.04,-0.36,18,82.6,0,18,16.8,2,33.8,,0
2024111150,051207-3659070,std_2024111150@dongguk.edu,학생_1150,문과대학,철학과,2,M,학생부종합(DoDream),2.2,1.94,0.48,18,95.1,0,14,6.1,1,36.4,3.0,0
2021111151,020223-4699881,std_2021111151@dongguk.edu,학생_1151,경영대학,경영학과,4,F,논술위주,1.31,2.16,0.85,12,72.8,2,5,4.8,1,66.3,0.0,1
2023111152,040221-3667694,std_2023111152@dongguk.edu,학생_1152,공과대학,정보통신공학과,3,M,논술위주,1.0,2.19,1.56,15,59.0,1,6,9.5,1,69.9,,1
2023111153,040109-4223935,std_2023111153@dongguk.edu,학생_1153,경영대학,회계학과,3,F,수능위주(정시),2.2,1.8,0.14,18,97.0,0,21,18.1,3,34.9,1.0,0
2021111154,020323-3394524,std_2021111154@dongguk.edu,학생_1154,경영대학,경영정보학과,4,M,논술위주,3.19,3.18,-0.01,18,90.9,0,23,16.5,2,28.9,3.0,0
2024111155,050824-4776060,std_2024111155@dongguk.edu,학생_1155,바이오시스템대학,식품생명공학과,2,F,학생부종합(DoDream),2.72,2.83,0.11,18,93.2,0,22,5.0,1,29.6,0.0,0
2023111156,040620-3203245,std_2023111156@dongguk.edu,학생_1156,공과대학,컴퓨터인공지능전공,3,M,수능위주(정시),3.31,3.39,0.08,15,87.1,1,16,19.2,3,10.0,3.0,0
2024111157,050318-4565196,std_2024111157@dongguk.edu,학생_1157,바이오시스템대학,식품생명공학과,2,F,학생부종합(DoDream),2.53,3.03,0.5,18,99.1,0,17,19.8,3,26.5,0.0,0
2024111158,050812-3403273,std_2024111158@dongguk.edu,학생_1158,공과대학,전자전기공학부,2,M,수능위주(정시),3.4,3.59,0.19,18,98.0,0,14,5.0,1,33.6,2.0,0
2022111159,030204-4840690,std_2022111159@dongguk.edu,학생_1159,문과대학,국어국문학과,4,F,논술위주,3.53,3.61,0.08,18,97.2,0,20,18.7,3,39.3,1.0,0
2024111160,051104-3816932,std_2024111160@dongguk.edu,학생_1160,바이오시스템대학,바이오환경과학과,2,M,논술위주,3.58,3.31,-0.26,18,91.3,0,19,15.6,2,41.7,3.0,0
2022111161,030827-4316850,std_2022111161@dongguk.edu,학생_1161,공과대학,전자전기공학부,4,F,교과위주(학교장추천),2.66,2.6,-0.06,18,89.0,0,19,10.1,1,45.5,,0
2024111162,050823-3887443,std_2024111162@dongguk.edu,학생_1162,바이오시스템대학,식품생명공학과,2,M,학생부종합(DoDream),3.12,2.95,-0.16,18,97.0,0,17,35.2,5,33.6,2.0,0
2021111163,020920-4733766,std_2021111163@dongguk.edu,학생_1163,바이오시스템대학,생명과학과,4,F,교과위주(학교장추천),2.19,3.58,1.4,9,67.8,3,6,11.6,2,71.7,,1
2021111164,020421-3686834,std_2021111164@dongguk.edu,학생_1164,경영대학,경영정보학과,4,M,학생부종합(DoDream),2.7,2.45,-0.25,18,89.4,0,21,22.5,3,27.3,0.0,0
2023111165,040402-4161852,std_2023111165@dongguk.edu,학생_1165,바이오시스템대학,식품생명공학과,3,F,수능위주(정시),2.3,4.04,1.29,12,71.3,2,5,5.6,1,55.7,,1
2022111166,031122-3926200,std_2022111166@dongguk.edu,학생_1166,경영대학,경영학과,4,M,수능위주(정시),3.36,3.25,-0.11,18,93.7,0,15,11.1,2,32.7,1.0,0
2021111167,020923-4436333,std_2021111167@dongguk.edu,학생_1167,바이오시스템대학,식품생명공학과,4,F,논술위주,2.3,3.42,0.95,15,63.9,1,6,10.3,1,72.0,,1
2024111168,051219-3917679,std_2024111168@dongguk.edu,학생_1168,바이오시스템대학,생명과학과,2,M,교과위주(학교장추천),2.63,2.44,-0.19,18,92.8,0,19,14.1,2,23.9,3.0,0
2023111169,040704-4286955,std_2023111169@dongguk.edu,학생_1169,경영대학,경영정보학과,3,F,학생부종합(DoDream),3.03,2.85,-0.17,18,100.0,0,23,31.4,4,28.6,3.0,0
2023111170,041211-3374557,std_2023111170@dongguk.edu,학생_1170,경영대학,회계학과,3,M,교과위주(학교장추천),3.66,3.56,-0.1,18,96.7,0,15,28.3,4,30.9,1.0,0
2021111171,020802-4747693,std_2021111171@dongguk.edu,학생_1171,공과대학,컴퓨터인공지능전공,4,F,논술위주,3.41,3.29,-0.12,18,94.5,0,22,36.3,5,55.1,1.0,0
2024111172,050425-3756157,std_2024111172@dongguk.edu,학생_1172,문과대학,사학과,2,M,논술위주,2.82,3.14,0.32,18,100.0,0,25,15.9,2,29.3,3.0,0
2023111173,041020-4476279,std_2023111173@dongguk.edu,학생_1173,경영대학,경영정보학과,3,F,교과위주(학교장추천),2.22,3.3,1.08,15,62.1,1,9,2.5,0,75.8,,1
2021111174,020804-3260756,std_2021111174@dongguk.edu,학생_1174,사범대학,교육학과,4,M,논술위주,3.54,3.6,0.06,18,91.2,0,14,31.0,4,33.2,3.0,0
2022111175,031122-4412148,std_2022111175@dongguk.edu,학생_1175,경영대학,회계학과,4,F,수능위주(정시),3.68,3.34,-0.34,18,100.0,0,24,9.5,1,28.2,1.0,0
2021111176,020114-3518761,std_2021111176@dongguk.edu,학생_1176,문과대학,사학과,4,M,논술위주,2.45,2.6,0.16,15,95.0,1,13,23.8,3,24.1,0.0,0
2023111177,040717-4196219,std_2023111177@dongguk.edu,학생_1177,경영대학,회계학과,3,F,학생부종합(DoDream),3.24,3.11,-0.12,15,94.5,1,19,22.5,3,23.9,2.0,0
2023111178,040803-3637240,std_2023111178@dongguk.edu,학생_1178,바이오시스템대학,식품생명공학과,3,M,교과위주(학교장추천),2.4,2.65,0.25,18,92.1,0,18,39.7,6,35.5,1.0,0
2024111179,050412-4304427,std_2024111179@dongguk.edu,학생_1179,공과대학,정보통신공학과,2,F,논술위주,3.21,2.92,-0.29,18,94.7,0,20,34.4,5,22.7,3.0,0
2024111180,051225-3232855,std_2024111180@dongguk.edu,학생_1180,바이오시스템대학,생명과학과,2,M,논술위주,4.12,3.72,-0.39,18,94.6,0,24,20.2,3,41.4,3.0,0
2023111181,040506-4997714,std_2023111181@dongguk.edu,학생_1181,문과대학,국어국문학과,3,F,논술위주,3.1,3.31,0.21,18,94.8,0,22,6.5,1,38.9,0.0,0
2022111182,030407-3686623,std_2022111182@dongguk.edu,학생_1182,경영대학,경영학과,4,M,수능위주(정시),2.53,2.6,0.08,18,90.9,0,12,21.8,3,42.7,2.0,0
2024111183,051125-4218440,std_2024111183@dongguk.edu,학생_1183,공과대학,기계로봇에너지공학과,2,F,학생부종합(DoDream),2.87,3.1,0.23,18,89.0,0,17,22.7,3,38.4,1.0,0
2021111184,020509-3324083,std_2021111184@dongguk.edu,학생_1184,공과대학,정보통신공학과,4,M,논술위주,2.74,3.06,0.31,18,94.6,0,16,14.5,2,28.5,,0
2024111185,050111-4753398,std_2024111185@dongguk.edu,학생_1185,문과대학,철학과,2,F,수능위주(정시),2.9,3.37,0.47,18,85.2,0,21,17.3,2,11.1,2.0,0
2024111186,051102-3777632,std_2024111186@dongguk.edu,학생_1186,공과대학,전자전기공학부,2,M,논술위주,3.26,3.37,0.11,18,91.2,0,15,27.7,4,31.7,1.0,0
2024111187,050523-4457978,std_2024111187@dongguk.edu,학생_1187,경영대학,회계학과,2,F,학생부종합(DoDream),3.13,2.79,-0.34,18,92.2,0,21,22.8,3,32.4,1.0,0
2022111188,030603-3838880,std_2022111188@dongguk.edu,학생_1188,공과대학,정보통신공학과,4,M,학생부종합(DoDream),2.61,2.51,-0.1,18,94.7,0,16,21.3,3,35.0,2.0,0
2021111189,020322-4315555,std_2021111189@dongguk.edu,학생_1189,공과대학,기계로봇에너지공학과,4,F,교과위주(학교장추천),1.44,2.65,1.22,9,67.9,3,10,6.2,1,70.7,1.0,1
2022111190,030413-3357789,std_2022111190@dongguk.edu,학생_1190,경영대학,회계학과,4,M,논술위주,3.68,3.36,-0.32,18,90.6,0,25,20.4,3,20.6,2.0,0
2022111191,031214-4326286,std_2022111191@dongguk.edu,학생_1191,사범대학,국어교육과,4,F,교과위주(학교장추천),3.6,3.39,-0.21,18,84.3,0,26,39.3,6,38.5,3.0,0
2023111192,040308-3645607,std_2023111192@dongguk.edu,학생_1192,공과대학,전자전기공학부,3,M,수능위주(정시),2.13,3.08,0.95,12,63.4,2,6,4.7,1,77.8,0.0,1
2023111193,040514-4951177,std_2023111193@dongguk.edu,학생_1193,문과대학,국어국문학과,3,F,교과위주(학교장추천),2.1,3.88,1.78,15,64.8,1,7,3.1,0,51.5,1.0,1
2024111194,050804-3655824,std_2024111194@dongguk.edu,학생_1194,경영대학,경영정보학과,2,M,논술위주,3.34,3.06,-0.28,18,99.0,0,19,36.1,5,22.3,0.0,0
2024111195,050612-4726945,std_2024111195@dongguk.edu,학생_1195,공과대학,컴퓨터인공지능전공,2,F,수능위주(정시),3.15,3.01,-0.14,18,87.1,0,19,16.6,2,46.9,1.0,0
2024111196,051209-3123549,std_2024111196@dongguk.edu,학생_1196,공과대학,정보통신공학과,2,M,학생부종합(DoDream),2.2,2.62,0.43,18,86.5,0,19,27.7,4,24.9,2.0,0
2023111197,040725-4252007,std_2023111197@dongguk.edu,학생_1197,사범대학,국어교육과,3,F,수능위주(정시),3.23,3.14,-0.09,18,88.5,0,19,18.6,3,24.5,0.0,0
2021111198,021026-3334154,std_2021111198@dongguk.edu,학생_1198,공과대학,기계로봇에너지공학과,4,M,논술위주,3.19,3.47,0.28,18,95.5,0,20,16.8,2,24.2,0.0,0
2021111199,020923-4365245,std_2021111199@dongguk.edu,학생_1199,문과대학,사학과,4,F,교과위주(학교장추천),2.97,2.53,-0.44,18,92.0,0,20,13.1,2,31.4,0.0,0
2024111200,050904-3162977,std_2024111200@dongguk.edu,학생_1200,경영대학,경영학과,2,M,논술위주,2.93,3.07,0.14,18,89.4,0,17,20.8,3,38.0,0.0,0
2023111201,040907-4824294,std_2023111201@dongguk.edu,학생_1201,바이오시스템대학,생명과학과,3,F,수능위주(정시),3.45,3.41,-0.04,18,97.1,0,19,24.5,4,36.6,2.0,0
2023111202,040519-3312213,std_2023111202@dongguk.edu,학생_1202,바이오시스템대학,생명과학과,3,M,학생부종합(DoDream),3.88,3.31,-0.57,18,88.9,0,26,12.4,2,10.0,2.0,0
2022111203,031204-4144377,std_2022111203@dongguk.edu,학생_1203,문과대학,국어국문학과,4,F,학생부종합(DoDream),3.93,3.68,-0.25,18,95.1,0,19,26.1,4,18.0,,0
2021111204,021019-3826309,std_2021111204@dongguk.edu,학생_1204,공과대학,전자전기공학부,4,M,논술위주,2.99,2.77,-0.22,18,99.1,0,18,21.9,3,44.7,,0
2022111205,030217-4693170,std_2022111205@dongguk.edu,학생_1205,사범대학,수학교육과,4,F,교과위주(학교장추천),2.83,2.99,0.16,18,100.0,0,15,28.7,4,42.6,,0
2022111206,031110-3166500,std_2022111206@dongguk.edu,학생_1206,공과대학,컴퓨터인공지능전공,4,M,교과위주(학교장추천),4.4,3.95,-0.62,18,94.7,0,12,33.2,5,24.9,3.0,0
2023111207,040406-4926083,std_2023111207@dongguk.edu,학생_1207,사범대학,교육학과,3,F,교과위주(학교장추천),2.3,2.31,0.01,15,94.6,1,16,6.9,1,32.1,3.0,0
2024111208,050306-3636296,std_2024111208@dongguk.edu,학생_1208,문과대학,국어국문학과,2,M,학생부종합(DoDream),3.9,3.44,-0.46,18,89.5,0,15,23.0,3,30.0,0.0,0
2022111209,030310-4865378,std_2022111209@dongguk.edu,학생_1209,경영대학,회계학과,4,F,교과위주(학교장추천),4.22,4.3,0.08,18,100.0,0,16,38.5,6,11.5,1.0,0
2024111210,050613-3148215,std_2024111210@dongguk.edu,학생_1210,경영대학,경영정보학과,2,M,학생부종합(DoDream),3.1,3.33,0.23,18,97.6,0,20,10.5,2,18.2,2.0,0
2024111211,050909-4658549,std_2024111211@dongguk.edu,학생_1211,바이오시스템대학,생명과학과,2,F,교과위주(학교장추천),1.0,1.95,1.79,12,73.3,2,9,0.0,0,78.8,,1
2023111212,041016-3293607,std_2023111212@dongguk.edu,학생_1212,문과대학,철학과,3,M,논술위주,3.17,3.12,-0.05,18,97.3,0,25,26.2,4,30.0,2.0,0
2024111213,050507-4930852,std_2024111213@dongguk.edu,학생_1213,경영대학,경영정보학과,2,F,논술위주,3.01,3.18,0.18,18,99.8,0,15,33.9,5,30.6,,0
2022111214,030813-3885344,std_2022111214@dongguk.edu,학생_1214,사범대학,수학교육과,4,M,수능위주(정시),4.1,3.86,-0.24,18,92.6,0,12,22.0,3,15.4,2.0,0
2021111215,020627-4314798,std_2021111215@dongguk.edu,학생_1215,문과대학,영어영문학전공,4,F,수능위주(정시),2.75,2.98,0.23,18,87.5,0,24,32.5,5,34.5,0.0,0
2024111216,050902-3129105,std_2024111216@dongguk.edu,학생_1216,공과대학,컴퓨터인공지능전공,2,M,학생부종합(DoDream),4.0,4.1,0.11,15,91.7,1,16,41.4,6,19.2,3.0,0
2023111217,040908-4614080,std_2023111217@dongguk.edu,학생_1217,사범대학,국어교육과,3,F,교과위주(학교장추천),3.54,3.14,-0.39,18,94.1,0,24,16.6,2,31.1,1.0,0
2024111218,050526-3487364,std_2024111218@dongguk.edu,학생_1218,공과대학,컴퓨터인공지능전공,2,M,교과위주(학교장추천),2.29,2.39,0.1,18,93.6,0,18,32.5,5,30.9,0.0,0
2023111219,040725-4353199,std_2023111219@dongguk.edu,학생_1219,공과대학,컴퓨터인공지능전공,3,F,수능위주(정시),2.93,3.15,0.22,18,89.9,0,22,14.3,2,30.2,,0
2024111220,050817-3112746,std_2024111220@dongguk.edu,학생_1220,사범대학,수학교육과,2,M,수능위주(정시),3.16,2.97,-0.2,18,84.8,0,21,25.6,4,32.5,0.0,0
2021111221,021128-4421456,std_2021111221@dongguk.edu,학생_1221,공과대학,전자전기공학부,4,F,학생부종합(DoDream),3.4,3.53,0.14,18,94.4,0,26,28.3,4,55.5,1.0,0
2022111222,030110-3131528,std_2022111222@dongguk.edu,학생_1222,공과대학,정보통신공학과,4,M,학생부종합(DoDream),2.82,2.75,-0.08,18,89.8,0,18,21.5,3,29.2,1.0,0
2022111223,031007-4998102,std_2022111223@dongguk.edu,학생_1223,바이오시스템대학,생명과학과,4,F,교과위주(학교장추천),1.7,3.22,1.52,12,85.0,2,4,9.0,1,62.7,,1
2021111224,020622-3462163,std_2021111224@dongguk.edu,학생_1224,문과대학,영어영문학전공,4,M,학생부종합(DoDream),1.8,3.36,1.56,15,71.4,1,2,3.5,1,58.5,1.0,1
2022111225,031023-4369719,std_2022111225@dongguk.edu,학생_1225,바이오시스템대학,생명과학과,4,F,학생부종합(DoDream),4.05,3.71,-0.34,18,95.7,0,15,17.8,3,20.6,1.0,0
2024111226,050906-3333403,std_2024111226@dongguk.edu,학생_1226,경영대학,경영학과,2,M,학생부종합(DoDream),3.01,3.38,0.37,18,87.1,0,15,35.1,5,25.7,,0
2022111227,031202-4319832,std_2022111227@dongguk.edu,학생_1227,공과대학,정보통신공학과,4,F,학생부종합(DoDream),3.87,3.62,-0.25,18,95.5,0,22,24.3,3,25.8,3.0,0
2023111228,040702-3535644,std_2023111228@dongguk.edu,학생_1228,경영대학,경영정보학과,3,M,수능위주(정시),3.16,2.98,-0.19,15,100.0,1,23,13.8,2,41.5,0.0,0
2023111229,040913-4869733,std_2023111229@dongguk.edu,학생_1229,사범대학,수학교육과,3,F,논술위주,3.69,3.64,-0.05,18,93.6,0,24,13.6,2,35.8,3.0,0
2021111230,020127-3296150,std_2021111230@dongguk.edu,학생_1230,바이오시스템대학,식품생명공학과,4,M,논술위주,4.27,4.25,-0.03,18,91.4,0,21,44.9,6,31.3,0.0,0
2022111231,031005-4796974,std_2022111231@dongguk.edu,학생_1231,공과대학,컴퓨터인공지능전공,4,F,학생부종합(DoDream),2.93,2.85,-0.08,18,89.0,0,27,38.4,5,30.7,1.0,0
2022111232,030222-3287130,std_2022111232@dongguk.edu,학생_1232,공과대학,전자전기공학부,4,M,논술위주,4.31,4.03,-0.28,18,95.5,0,20,13.1,2,46.1,3.0,0
2021111233,021115-4941112,std_2021111233@dongguk.edu,학생_1233,경영대학,경영학과,4,F,교과위주(학교장추천),3.58,3.87,0.29,18,100.0,0,25,17.9,3,34.1,0.0,0
2021111234,020418-3184104,std_2021111234@dongguk.edu,학생_1234,바이오시스템대학,생명과학과,4,M,학생부종합(DoDream),2.3,3.38,0.97,12,72.7,2,5,1.5,0,59.4,0.0,1
2024111235,050216-4345258,std_2024111235@dongguk.edu,학생_1235,문과대학,사학과,2,F,학생부종합(DoDream),3.47,3.36,-0.11,18,85.2,0,17,29.2,4,33.6,2.0,0
2023111236,041101-3515973,std_2023111236@dongguk.edu,학생_1236,문과대학,국어국문학과,3,M,학생부종합(DoDream),3.88,3.76,-0.12,18,94.2,0,16,30.2,4,28.2,2.0,0
2023111237,040327-4909699,std_2023111237@dongguk.edu,학생_1237,바이오시스템대학,생명과학과,3,F,논술위주,3.87,3.6,-0.27,18,93.4,0,16,43.7,6,32.5,1.0,0
2024111238,050216-3189628,std_2024111238@dongguk.edu,학생_1238,공과대학,정보통신공학과,2,M,교과위주(학교장추천),3.31,3.22,-0.09,15,96.6,1,19,19.4,3,25.3,1.0,0
2022111239,031121-4606087,std_2022111239@dongguk.edu,학생_1239,문과대학,영어영문학전공,4,F,논술위주,1.99,3.72,1.73,12,85.0,2,5,0.5,0,65.2,0.0,1
2024111240,051227-3643489,std_2024111240@dongguk.edu,학생_1240,공과대학,정보통신공학과,2,M,논술위주,2.3,4.28,1.35,15,61.4,1,7,6.9,1,52.9,0.0,1
2024111241,050524-4258937,std_2024111241@dongguk.edu,학생_1241,경영대학,경영정보학과,2,F,논술위주,2.56,2.41,-0.15,18,97.4,0,13,5.0,1,31.1,3.0,0
2024111242,051113-3607914,std_2024111242@dongguk.edu,학생_1242,공과대학,기계로봇에너지공학과,2,M,학생부종합(DoDream),1.0,1.91,1.59,6,69.4,4,10,3.8,1,76.3,1.0,1
2024111243,050904-4216322,std_2024111243@dongguk.edu,학생_1243,공과대학,컴퓨터인공지능전공,2,F,교과위주(학교장추천),3.62,3.63,0.01,18,97.7,0,20,16.6,2,22.5,1.0,0
2021111244,020918-3462981,std_2021111244@dongguk.edu,학생_1244,공과대학,기계로봇에너지공학과,4,M,교과위주(학교장추천),2.88,3.11,0.23,18,93.6,0,23,25.7,4,18.6,3.0,0
2022111245,030526-4940281,std_2022111245@dongguk.edu,학생_1245,공과대학,정보통신공학과,4,F,논술위주,2.84,2.81,-0.03,18,96.9,0,18,18.3,3,14.1,2.0,0
2023111246,040522-3518144,std_2023111246@dongguk.edu,학생_1246,경영대학,회계학과,3,M,수능위주(정시),3.63,3.09,-0.54,18,98.0,0,20,22.2,3,37.1,,0
2024111247,050307-4539528,std_2024111247@dongguk.edu,학생_1247,사범대학,교육학과,2,F,수능위주(정시),2.4,2.84,0.44,18,94.3,0,16,26.2,4,31.2,2.0,0
2022111248,030101-3379405,std_2022111248@dongguk.edu,학생_1248,경영대학,회계학과,4,M,학생부종합(DoDream),2.8,2.64,-0.16,18,95.8,0,17,22.7,3,25.1,0.0,0
2022111249,030923-4775918,std_2022111249@dongguk.edu,학생_1249,바이오시스템대학,바이오환경과학과,4,F,논술위주,2.62,2.55,-0.07,18,95.3,0,13,14.3,2,24.1,0.0,0
2023111250,040501-3258532,std_2023111250@dongguk.edu,학생_1250,사범대학,교육학과,3,M,수능위주(정시),2.6,2.8,0.2,18,84.8,0,17,20.4,3,21.1,2.0,0
2023111251,040201-4231238,std_2023111251@dongguk.edu,학생_1251,공과대학,컴퓨터인공지능전공,3,F,수능위주(정시),4.13,4.13,-0.0,18,95.3,0,18,16.1,2,42.4,3.0,0
2023111252,040219-3813037,std_2023111252@dongguk.edu,학생_1252,사범대학,국어교육과,3,M,수능위주(정시),1.0,2.46,1.52,9,67.7,3,6,5.0,1,56.1,0.0,1
2022111253,030104-4633671,std_2022111253@dongguk.edu,학생_1253,공과대학,정보통신공학과,4,F,수능위주(정시),2.6,2.74,0.13,18,92.7,0,15,38.3,5,25.7,0.0,0
2021111254,020827-3923638,std_2021111254@dongguk.edu,학생_1254,공과대학,컴퓨터인공지능전공,4,M,학생부종합(DoDream),2.65,2.61,-0.04,18,94.7,0,17,12.9,2,26.6,2.0,0
2023111255,040521-4336929,std_2023111255@dongguk.edu,학생_1255,문과대학,사학과,3,F,교과위주(학교장추천),2.94,3.25,0.31,18,95.4,0,20,25.7,4,31.0,2.0,0
2023111256,041216-3156436,std_2023111256@dongguk.edu,학생_1256,바이오시스템대학,식품생명공학과,3,M,수능위주(정시),2.2,2.02,-0.09,18,92.6,0,24,21.1,3,17.6,2.0,0
2022111257,030908-4983478,std_2022111257@dongguk.edu,학생_1257,공과대학,전자전기공학부,4,F,학생부종합(DoDream),1.69,3.14,1.45,12,66.9,2,13,1.5,0,66.8,1.0,1
2024111258,050202-3478471,std_2024111258@dongguk.edu,학생_1258,공과대학,정보통신공학과,2,M,논술위주,4.08,4.18,0.1,18,89.2,0,24,45.3,6,37.5,3.0,0
2023111259,040604-4538330,std_2023111259@dongguk.edu,학생_1259,사범대학,국어교육과,3,F,논술위주,1.64,3.28,1.64,12,73.5,2,4,6.9,1,84.1,1.0,1
2023111260,040113-3725038,std_2023111260@dongguk.edu,학생_1260,공과대학,전자전기공학부,3,M,교과위주(학교장추천),2.62,2.61,-0.01,18,94.9,0,24,28.5,4,25.7,2.0,0
2023111261,041024-4628290,std_2023111261@dongguk.edu,학생_1261,문과대학,국어국문학과,3,F,교과위주(학교장추천),4.11,4.22,0.11,18,89.4,0,22,13.1,2,29.4,0.0,0
2021111262,020405-3606122,std_2021111262@dongguk.edu,학생_1262,문과대학,영어영문학전공,4,M,수능위주(정시),3.07,3.53,0.46,18,95.3,0,23,34.5,5,23.4,2.0,0
2022111263,030525-4168309,std_2022111263@dongguk.edu,학생_1263,공과대학,정보통신공학과,4,F,학생부종합(DoDream),3.56,3.33,-0.24,18,96.8,0,19,27.9,4,26.4,2.0,0
2021111264,020808-3664973,std_2021111264@dongguk.edu,학생_1264,경영대학,회계학과,4,M,학생부종합(DoDream),3.56,3.1,-0.46,18,90.6,0,21,19.0,3,40.4,2.0,0
2024111265,050424-4360226,std_2024111265@dongguk.edu,학생_1265,바이오시스템대학,생명과학과,2,F,학생부종합(DoDream),1.44,2.84,1.4,12,66.0,2,8,9.2,1,60.6,0.0,1
2024111266,050515-3336871,std_2024111266@dongguk.edu,학생_1266,공과대학,기계로봇에너지공학과,2,M,학생부종합(DoDream),3.46,3.21,-0.25,18,91.9,0,20,5.0,1,37.1,1.0,0
2024111267,050313-4733186,std_2024111267@dongguk.edu,학생_1267,문과대학,영어영문학전공,2,F,학생부종합(DoDream),2.4,2.95,0.55,18,89.3,0,22,34.8,5,10.0,3.0,0
2021111268,020206-3120098,std_2021111268@dongguk.edu,학생_1268,공과대학,컴퓨터인공지능전공,4,M,교과위주(학교장추천),3.52,3.24,-0.28,18,95.8,0,19,24.9,4,34.4,0.0,0
2023111269,040516-4890790,std_2023111269@dongguk.edu,학생_1269,문과대학,영어영문학전공,3,F,수능위주(정시),2.2,2.06,0.15,18,88.8,0,25,29.8,4,17.6,,0
2022111270,030918-3600475,std_2022111270@dongguk.edu,학생_1270,공과대학,정보통신공학과,4,M,학생부종합(DoDream),2.96,3.48,0.52,18,99.3,0,17,40.8,6,22.1,0.0,0
2023111271,040421-4707637,std_2023111271@dongguk.edu,학생_1271,경영대학,회계학과,3,F,교과위주(학교장추천),2.93,3.1,0.17,18,96.1,0,22,34.8,5,34.5,2.0,0
2021111272,021012-3600651,std_2021111272@dongguk.edu,학생_1272,공과대학,전자전기공학부,4,M,수능위주(정시),3.12,3.17,0.05,15,90.6,1,17,35.6,5,28.4,2.0,0
2024111273,051217-4107859,std_2024111273@dongguk.edu,학생_1273,공과대학,컴퓨터인공지능전공,2,F,수능위주(정시),3.18,2.82,-0.35,18,90.8,0,26,5.0,1,26.4,3.0,0
2023111274,041124-3941188,std_2023111274@dongguk.edu,학생_1274,바이오시스템대학,바이오환경과학과,3,M,교과위주(학교장추천),3.4,3.01,-0.39,18,97.5,0,20,41.8,6,33.1,1.0,0
2024111275,050706-4283863,std_2024111275@dongguk.edu,학생_1275,사범대학,국어교육과,2,F,학생부종합(DoDream),3.04,2.79,-0.25,18,100.0,0,23,23.3,3,20.8,,0
2023111276,040114-3624966,std_2023111276@dongguk.edu,학생_1276,공과대학,정보통신공학과,3,M,논술위주,3.67,3.61,-0.05,18,89.5,0,23,28.2,4,34.0,1.0,0
2024111277,051223-4159382,std_2024111277@dongguk.edu,학생_1277,공과대학,컴퓨터인공지능전공,2,F,교과위주(학교장추천),3.83,3.74,-0.09,18,98.1,0,25,16.6,2,17.9,0.0,0
2023111278,040327-3182774,std_2023111278@dongguk.edu,학생_1278,경영대학,경영정보학과,3,M,학생부종합(DoDream),3.67,3.38,-0.29,18,93.2,0,16,23.3,3,20.2,,0
2024111279,050307-4956152,std_2024111279@dongguk.edu,학생_1279,공과대학,컴퓨터인공지능전공,2,F,논술위주,3.91,3.86,-0.06,18,93.1,0,22,48.2,7,29.0,1.0,0
2024111280,050417-3195597,std_2024111280@dongguk.edu,학생_1280,경영대학,경영학과,2,M,교과위주(학교장추천),2.98,2.83,-0.15,18,93.4,0,23,41.1,6,39.6,1.0,0
2023111281,040114-4105337,std_2023111281@dongguk.edu,학생_1281,경영대학,경영정보학과,3,F,수능위주(정시),2.75,2.87,0.12,15,99.8,1,19,13.0,2,37.9,1.0,0
2021111282,021013-3487529,std_2021111282@dongguk.edu,학생_1282,바이오시스템대학,생명과학과,4,M,학생부종합(DoDream),2.57,3.0,0.43,18,99.9,0,15,5.0,1,40.1,2.0,0
2022111283,031203-4779839,std_2022111283@dongguk.edu,학생_1283,문과대학,영어영문학전공,4,F,수능위주(정시),3.82,4.0,0.18,18,99.8,0,19,45.8,7,26.1,3.0,0
2023111284,040411-3107736,std_2023111284@dongguk.edu,학생_1284,공과대학,기계로봇에너지공학과,3,M,교과위주(학교장추천),2.3,4.07,1.6,6,85.0,4,2,6.9,1,55.5,0.0,1
2022111285,030903-4895795,std_2022111285@dongguk.edu,학생_1285,바이오시스템대학,바이오환경과학과,4,F,교과위주(학교장추천),3.09,3.14,0.05,18,100.0,0,25,6.0,1,38.3,1.0,0
2021111286,021212-3523801,std_2021111286@dongguk.edu,학생_1286,공과대학,기계로봇에너지공학과,4,M,논술위주,3.59,3.76,0.17,18,94.7,0,23,28.2,4,27.8,0.0,0
2024111287,051217-4408302,std_2024111287@dongguk.edu,학생_1287,공과대학,기계로봇에너지공학과,2,F,학생부종합(DoDream),3.02,2.9,-0.12,18,90.6,0,18,32.1,5,16.6,0.0,0
2024111288,050704-3903657,std_2024111288@dongguk.edu,학생_1288,공과대학,기계로봇에너지공학과,2,M,학생부종합(DoDream),2.27,2.03,-0.23,15,93.6,1,15,23.2,3,31.4,1.0,0
2023111289,040326-4442355,std_2023111289@dongguk.edu,학생_1289,공과대학,정보통신공학과,3,F,학생부종합(DoDream),1.24,2.36,1.12,9,71.7,3,13,4.5,1,65.5,,1
2023111290,040318-3652592,std_2023111290@dongguk.edu,학생_1290,문과대학,영어영문학전공,3,M,교과위주(학교장추천),3.98,3.62,-0.36,18,93.3,0,15,26.1,4,27.3,0.0,0
2024111291,050614-4933096,std_2024111291@dongguk.edu,학생_1291,공과대학,정보통신공학과,2,F,논술위주,2.8,2.7,-0.1,18,97.9,0,23,20.8,3,20.8,2.0,0
2022111292,030605-3883821,std_2022111292@dongguk.edu,학생_1292,공과대학,기계로봇에너지공학과,4,M,교과위주(학교장추천),4.03,3.6,-0.43,18,95.1,0,15,28.3,4,27.0,2.0,0
2022111293,030515-4753332,std_2022111293@dongguk.edu,학생_1293,문과대학,영어영문학전공,4,F,학생부종합(DoDream),3.15,3.14,-0.01,15,98.3,1,17,33.7,5,25.7,0.0,0
2022111294,031018-3607432,std_2022111294@dongguk.edu,학생_1294,공과대학,기계로봇에너지공학과,4,M,교과위주(학교장추천),2.85,2.65,-0.2,18,95.3,0,14,32.7,5,24.8,2.0,0
2024111295,050516-4354435,std_2024111295@dongguk.edu,학생_1295,바이오시스템대학,식품생명공학과,2,F,논술위주,2.03,3.46,1.43,15,65.1,1,7,5.1,1,70.1,,1
2023111296,040323-3177261,std_2023111296@dongguk.edu,학생_1296,경영대학,경영학과,3,M,논술위주,2.2,2.01,-0.09,18,91.4,0,23,39.5,6,32.4,0.0,0
2024111297,050420-4517502,std_2024111297@dongguk.edu,학생_1297,경영대학,경영학과,2,F,교과위주(학교장추천),2.31,2.32,0.01,18,90.4,0,18,6.4,1,34.3,0.0,0
2021111298,021017-3490206,std_2021111298@dongguk.edu,학생_1298,공과대학,기계로봇에너지공학과,4,M,교과위주(학교장추천),3.08,3.28,0.2,18,90.5,0,25,12.8,2,21.7,3.0,0
2023111299,040903-4565765,std_2023111299@dongguk.edu,학생_1299,바이오시스템대학,생명과학과,3,F,수능위주(정시),3.27,3.45,0.18,18,95.8,0,15,23.9,3,38.4,0.0,0
2024111300,050306-3256226,std_2024111300@dongguk.edu,학생_1300,문과대학,철학과,2,M,교과위주(학교장추천),3.27,3.43,0.16,18,90.5,0,10,16.3,2,37.5,0.0,0
2024111301,050426-4315796,std_2024111301@dongguk.edu,학생_1301,문과대학,국어국문학과,2,F,논술위주,2.71,2.84,0.13,18,89.4,0,28,35.3,5,26.3,2.0,0
2022111302,030513-3276800,std_2022111302@dongguk.edu,학생_1302,문과대학,국어국문학과,4,M,수능위주(정시),3.47,2.97,-0.51,18,93.6,0,18,30.8,4,14.0,2.0,0
2021111303,020911-4849497,std_2021111303@dongguk.edu,학생_1303,공과대학,정보통신공학과,4,F,교과위주(학교장추천),2.11,3.29,1.18,12,85.0,2,2,5.7,1,64.4,,1
2022111304,030616-3482231,std_2022111304@dongguk.edu,학생_1304,경영대학,경영정보학과,4,M,학생부종합(DoDream),1.74,3.46,1.72,9,80.8,3,5,5.6,1,60.8,0.0,1
2024111305,050911-4740253,std_2024111305@dongguk.edu,학생_1305,바이오시스템대학,바이오환경과학과,2,F,교과위주(학교장추천),2.64,2.49,-0.15,18,95.6,0,19,9.3,1,26.8,0.0,0
2021111306,020313-3637669,std_2021111306@dongguk.edu,학생_1306,공과대학,전자전기공학부,4,M,교과위주(학교장추천),3.25,3.19,-0.06,15,97.5,1,24,33.3,5,30.1,2.0,0
2021111307,020325-4219614,std_2021111307@dongguk.edu,학생_1307,경영대학,경영학과,4,F,교과위주(학교장추천),2.04,2.89,0.85,12,84.4,2,10,4.9,1,42.1,0.0,1
2022111308,031224-3292958,std_2022111308@dongguk.edu,학생_1308,사범대학,수학교육과,4,M,학생부종합(DoDream),3.34,3.52,0.18,15,90.6,1,17,18.7,3,21.6,1.0,0
2024111309,050704-4475561,std_2024111309@dongguk.edu,학생_1309,공과대학,기계로봇에너지공학과,2,F,논술위주,3.71,3.73,0.02,18,95.8,0,21,36.3,5,16.6,3.0,0
2024111310,051009-3111990,std_2024111310@dongguk.edu,학생_1310,바이오시스템대학,바이오환경과학과,2,M,교과위주(학교장추천),2.57,2.72,0.14,18,90.0,0,24,37.3,5,31.2,2.0,0
2024111311,050706-4722317,std_2024111311@dongguk.edu,학생_1311,공과대학,기계로봇에너지공학과,2,F,논술위주,3.17,3.27,0.1,18,90.3,0,18,18.8,3,23.0,3.0,0
2022111312,030325-3933800,std_2022111312@dongguk.edu,학생_1312,공과대학,컴퓨터인공지능전공,4,M,교과위주(학교장추천),2.04,3.16,1.12,15,75.8,1,2,7.0,1,55.3,,1
2023111313,040702-4954706,std_2023111313@dongguk.edu,학생_1313,공과대학,컴퓨터인공지능전공,3,F,교과위주(학교장추천),2.3,3.82,1.46,9,79.4,3,9,5.0,1,50.3,1.0,1
2024111314,050712-3485518,std_2024111314@dongguk.edu,학생_1314,공과대학,컴퓨터인공지능전공,2,M,논술위주,3.05,3.12,0.07,15,95.2,1,19,30.9,4,18.7,2.0,0
2023111315,040906-4531224,std_2023111315@dongguk.edu,학생_1315,바이오시스템대학,생명과학과,3,F,논술위주,4.05,4.01,-0.04,18,99.3,0,19,27.4,4,36.2,0.0,0
2024111316,050620-3250013,std_2024111316@dongguk.edu,학생_1316,공과대학,전자전기공학부,2,M,학생부종합(DoDream),4.4,4.3,-0.29,18,89.0,0,27,5.0,1,44.2,,0
2024111317,050701-4744813,std_2024111317@dongguk.edu,학생_1317,문과대학,사학과,2,F,수능위주(정시),3.48,3.66,0.17,18,92.9,0,14,17.1,2,33.3,1.0,0
2023111318,041226-3727844,std_2023111318@dongguk.edu,학생_1318,공과대학,기계로봇에너지공학과,3,M,학생부종합(DoDream),3.08,2.99,-0.09,18,94.0,0,21,7.7,1,37.5,3.0,0
2022111319,031015-4415309,std_2022111319@dongguk.edu,학생_1319,공과대학,기계로봇에너지공학과,4,F,교과위주(학교장추천),2.3,3.57,0.89,9,84.9,3,6,2.2,0,58.3,,1
2021111320,021003-3569671,std_2021111320@dongguk.edu,학생_1320,사범대학,교육학과,4,M,교과위주(학교장추천),3.06,2.64,-0.42,18,92.4,0,16,45.3,6,11.5,0.0,0
2023111321,040105-4159871,std_2023111321@dongguk.edu,학생_1321,경영대학,경영학과,3,F,수능위주(정시),2.85,2.56,-0.3,18,91.9,0,22,11.0,2,31.3,1.0,0
2024111322,050806-3628706,std_2024111322@dongguk.edu,학생_1322,바이오시스템대학,식품생명공학과,2,M,수능위주(정시),2.77,3.0,0.22,18,94.4,0,17,32.9,5,17.8,3.0,0
2024111323,050803-4536436,std_2024111323@dongguk.edu,학생_1323,바이오시스템대학,바이오환경과학과,2,F,논술위주,3.36,3.33,-0.02,18,89.1,0,21,29.4,4,28.4,3.0,0
2022111324,030911-3553604,std_2022111324@dongguk.edu,학생_1324,사범대학,교육학과,4,M,논술위주,2.3,3.71,1.02,9,85.0,3,11,4.1,1,58.8,0.0,1
2022111325,031204-4798421,std_2022111325@dongguk.edu,학생_1325,문과대학,영어영문학전공,4,F,논술위주,1.56,3.15,1.59,15,65.8,1,4,4.3,1,68.0,1.0,1
2022111326,031008-3334855,std_2022111326@dongguk.edu,학생_1326,공과대학,전자전기공학부,4,M,수능위주(정시),3.67,4.02,0.35,18,93.5,0,17,28.7,4,27.0,2.0,0
2024111327,050507-4514526,std_2024111327@dongguk.edu,학생_1327,공과대학,전자전기공학부,2,F,논술위주,3.26,3.35,0.08,18,85.8,0,18,35.0,5,40.5,1.0,0
2021111328,020227-3622203,std_2021111328@dongguk.edu,학생_1328,문과대학,철학과,4,M,수능위주(정시),3.57,3.73,0.17,18,94.0,0,23,31.9,5,39.9,1.0,0
2023111329,040406-4810361,std_2023111329@dongguk.edu,학생_1329,공과대학,기계로봇에너지공학과,3,F,교과위주(학교장추천),3.12,3.3,0.18,18,97.5,0,23,19.5,3,28.9,,0
2024111330,051120-3344465,std_2024111330@dongguk.edu,학생_1330,문과대학,철학과,2,M,학생부종합(DoDream),3.73,4.03,0.3,18,94.6,0,15,14.2,2,26.1,2.0,0
2023111331,041105-4790663,std_2023111331@dongguk.edu,학생_1331,문과대학,영어영문학전공,3,F,학생부종합(DoDream),2.17,3.66,1.49,15,83.9,1,7,4.5,1,71.9,1.0,1
2023111332,040904-3741224,std_2023111332@dongguk.edu,학생_1332,문과대학,철학과,3,M,교과위주(학교장추천),3.08,2.91,-0.17,15,95.1,1,21,33.5,5,36.7,0.0,0
2023111333,040520-4581121,std_2023111333@dongguk.edu,학생_1333,공과대학,기계로봇에너지공학과,3,F,수능위주(정시),1.56,2.87,1.32,12,75.6,2,5,2.5,0,55.6,,1
2021111334,021104-3984315,std_2021111334@dongguk.edu,학생_1334,바이오시스템대학,생명과학과,4,M,수능위주(정시),2.6,3.06,0.46,18,100.0,0,25,6.1,1,20.3,,0
2022111335,030714-4113144,std_2022111335@dongguk.edu,학생_1335,사범대학,국어교육과,4,F,논술위주,2.05,3.33,1.29,9,64.0,3,8,5.3,1,66.6,0.0,1
2022111336,030602-3345365,std_2022111336@dongguk.edu,학생_1336,사범대학,수학교육과,4,M,논술위주,2.5,2.63,0.13,18,99.8,0,27,21.3,3,25.7,1.0,0
2023111337,040506-4702725,std_2023111337@dongguk.edu,학생_1337,공과대학,컴퓨터인공지능전공,3,F,수능위주(정시),3.57,3.47,-0.1,18,97.1,0,14,25.0,4,19.9,0.0,0
2023111338,041026-3380969,std_2023111338@dongguk.edu,학생_1338,경영대학,회계학과,3,M,교과위주(학교장추천),2.11,3.71,1.6,15,70.1,1,3,0.0,0,73.7,1.0,1
2022111339,030811-4502137,std_2022111339@dongguk.edu,학생_1339,공과대학,컴퓨터인공지능전공,4,F,논술위주,3.57,3.24,-0.33,18,99.2,0,14,22.7,3,27.2,0.0,0
2024111340,050915-3319450,std_2024111340@dongguk.edu,학생_1340,바이오시스템대학,생명과학과,2,M,교과위주(학교장추천),2.78,2.89,0.12,18,98.8,0,20,39.8,6,37.0,0.0,0
2024111341,051015-4662631,std_2024111341@dongguk.edu,학생_1341,바이오시스템대학,생명과학과,2,F,학생부종합(DoDream),2.2,2.63,0.44,18,89.7,0,21,22.3,3,25.1,1.0,0
2024111342,050122-3306120,std_2024111342@dongguk.edu,학생_1342,공과대학,전자전기공학부,2,M,수능위주(정시),4.28,3.61,-0.67,18,97.9,0,19,27.5,4,24.6,0.0,0
2023111343,040920-4122878,std_2023111343@dongguk.edu,학생_1343,경영대학,경영학과,3,F,수능위주(정시),3.0,3.11,0.1,18,88.8,0,14,17.2,2,34.6,0.0,0
2021111344,020418-3820820,std_2021111344@dongguk.edu,학생_1344,공과대학,정보통신공학과,4,M,학생부종합(DoDream),3.19,3.14,-0.05,15,90.6,1,20,32.2,5,34.9,1.0,0
2024111345,050521-4109778,std_2024111345@dongguk.edu,학생_1345,바이오시스템대학,생명과학과,2,F,교과위주(학교장추천),2.77,2.75,-0.03,18,97.9,0,17,9.9,1,40.7,3.0,0
2024111346,051119-3494057,std_2024111346@dongguk.edu,학생_1346,문과대학,영어영문학전공,2,M,학생부종합(DoDream),3.55,3.34,-0.21,18,96.4,0,20,19.7,3,11.4,,0
2022111347,030906-4792789,std_2022111347@dongguk.edu,학생_1347,경영대학,회계학과,4,F,수능위주(정시),3.19,3.01,-0.18,18,90.5,0,19,56.7,8,19.8,0.0,0
2024111348,050703-3799229,std_2024111348@dongguk.edu,학생_1348,경영대학,경영정보학과,2,M,교과위주(학교장추천),2.88,3.1,0.22,18,92.8,0,18,24.7,4,22.0,0.0,0
2023111349,040524-4896059,std_2023111349@dongguk.edu,학생_1349,문과대학,국어국문학과,3,F,수능위주(정시),2.59,2.8,0.21,18,95.1,0,17,20.1,3,16.9,3.0,0
2024111350,050218-3767241,std_2024111350@dongguk.edu,학생_1350,공과대학,정보통신공학과,2,M,교과위주(학교장추천),3.58,3.37,-0.21,18,93.5,0,18,34.4,5,23.6,1.0,0
2024111351,051227-4763851,std_2024111351@dongguk.edu,학생_1351,바이오시스템대학,바이오환경과학과,2,F,수능위주(정시),2.97,3.2,0.23,15,96.7,1,23,26.5,4,34.2,1.0,0
2022111352,031105-3858974,std_2022111352@dongguk.edu,학생_1352,공과대학,전자전기공학부,4,M,수능위주(정시),3.09,2.87,-0.22,18,87.9,0,27,34.5,5,33.6,,0
2021111353,020210-4838356,std_2021111353@dongguk.edu,학생_1353,공과대학,전자전기공학부,4,F,교과위주(학교장추천),1.38,2.23,0.85,15,68.3,1,5,4.8,1,51.3,1.0,1
2023111354,040211-3555563,std_2023111354@dongguk.edu,학생_1354,경영대학,경영학과,3,M,교과위주(학교장추천),2.2,2.02,-0.05,18,94.0,0,12,15.0,2,28.6,0.0,0
2021111355,021012-4852731,std_2021111355@dongguk.edu,학생_1355,공과대학,정보통신공학과,4,F,수능위주(정시),3.26,3.39,0.13,18,94.8,0,24,32.5,5,26.8,,0
2022111356,030826-3619038,std_2022111356@dongguk.edu,학생_1356,공과대학,정보통신공학과,4,M,수능위주(정시),2.7,2.79,0.1,15,90.5,1,19,14.1,2,35.7,3.0,0
2023111357,041215-4689325,std_2023111357@dongguk.edu,학생_1357,사범대학,수학교육과,3,F,수능위주(정시),2.69,2.78,0.09,18,95.1,0,20,27.2,4,19.8,3.0,0
2022111358,030816-3730134,std_2022111358@dongguk.edu,학생_1358,공과대학,전자전기공학부,4,M,교과위주(학교장추천),4.14,4.3,0.16,18,99.9,0,27,28.5,4,40.3,2.0,0
2024111359,051113-4174514,std_2024111359@dongguk.edu,학생_1359,바이오시스템대학,생명과학과,2,F,논술위주,2.26,2.3,0.04,18,98.4,0,25,32.6,5,15.2,0.0,0
2022111360,031221-3819507,std_2022111360@dongguk.edu,학생_1360,공과대학,전자전기공학부,4,M,논술위주,3.68,4.09,0.4,18,90.5,0,22,24.1,3,29.0,1.0,0
2022111361,030227-4950140,std_2022111361@dongguk.edu,학생_1361,경영대학,경영정보학과,4,F,교과위주(학교장추천),2.3,3.6,1.16,15,77.3,1,8,0.0,0,75.8,0.0,1
2021111362,020624-3657580,std_2021111362@dongguk.edu,학생_1362,공과대학,정보통신공학과,4,M,학생부종합(DoDream),1.07,1.89,0.82,12,75.1,2,7,1.4,0,66.7,,1
2024111363,051003-4948339,std_2024111363@dongguk.edu,학생_1363,공과대학,컴퓨터인공지능전공,2,F,교과위주(학교장추천),2.75,2.72,-0.03,18,93.5,0,22,13.5,2,35.1,0.0,0
2023111364,040802-3432737,std_2023111364@dongguk.edu,학생_1364,공과대학,컴퓨터인공지능전공,3,M,수능위주(정시),2.12,3.66,1.54,12,77.6,2,6,4.3,1,65.4,1.0,1
2024111365,050227-4971970,std_2024111365@dongguk.edu,학생_1365,공과대학,전자전기공학부,2,F,학생부종합(DoDream),2.3,4.01,1.26,9,75.3,3,4,1.7,0,51.8,1.0,1
2024111366,050727-3852137,std_2024111366@dongguk.edu,학생_1366,문과대학,사학과,2,M,교과위주(학교장추천),4.28,3.89,-0.4,18,88.2,0,22,30.6,4,22.0,0.0,0
2024111367,050327-4197435,std_2024111367@dongguk.edu,학생_1367,공과대학,컴퓨터인공지능전공,2,F,수능위주(정시),3.41,3.49,0.08,18,90.9,0,21,17.7,3,26.0,0.0,0
2022111368,031223-3101229,std_2022111368@dongguk.edu,학생_1368,문과대학,철학과,4,M,논술위주,3.55,3.45,-0.1,18,97.1,0,25,21.2,3,30.8,3.0,0
2024111369,050728-4540186,std_2024111369@dongguk.edu,학생_1369,문과대학,철학과,2,F,교과위주(학교장추천),2.81,3.15,0.33,18,95.1,0,19,26.9,4,48.0,3.0,0
2021111370,020704-3600487,std_2021111370@dongguk.edu,학생_1370,경영대학,회계학과,4,M,교과위주(학교장추천),3.76,3.74,-0.02,18,100.0,0,22,21.5,3,24.5,2.0,0
2023111371,040103-4693489,std_2023111371@dongguk.edu,학생_1371,바이오시스템대학,식품생명공학과,3,F,논술위주,4.4,4.3,-0.17,18,98.5,0,14,16.3,2,22.4,0.0,0
2024111372,050222-3709518,std_2024111372@dongguk.edu,학생_1372,경영대학,경영학과,2,M,논술위주,3.81,3.81,-0.01,18,95.4,0,16,9.4,1,25.5,2.0,0
2022111373,031025-4311997,std_2022111373@dongguk.edu,학생_1373,문과대학,영어영문학전공,4,F,교과위주(학교장추천),2.61,2.87,0.26,15,99.1,1,15,39.9,6,20.3,0.0,0
2024111374,051121-3579243,std_2024111374@dongguk.edu,학생_1374,문과대학,국어국문학과,2,M,논술위주,3.1,3.17,0.07,18,100.0,0,28,13.3,2,29.9,0.0,0
2023111375,040605-4129483,std_2023111375@dongguk.edu,학생_1375,경영대학,회계학과,3,F,논술위주,2.95,2.76,-0.19,18,91.6,0,15,13.6,2,20.5,3.0,0
2023111376,041105-3156898,std_2023111376@dongguk.edu,학생_1376,공과대학,컴퓨터인공지능전공,3,M,논술위주,1.67,2.79,1.12,15,85.0,1,5,2.2,0,56.8,0.0,1
2024111377,050622-4418957,std_2024111377@dongguk.edu,학생_1377,공과대학,전자전기공학부,2,F,학생부종합(DoDream),3.46,3.99,0.53,18,91.0,0,19,12.2,2,36.3,2.0,0
2024111378,050511-3160108,std_2024111378@dongguk.edu,학생_1378,경영대학,경영정보학과,2,M,학생부종합(DoDream),2.99,3.3,0.3,15,95.3,1,16,29.0,4,23.1,3.0,0
2022111379,030819-4774719,std_2022111379@dongguk.edu,학생_1379,경영대학,경영학과,4,F,교과위주(학교장추천),2.18,3.87,1.69,9,78.4,3,5,4.6,1,53.1,1.0,1
2021111380,021115-3911428,std_2021111380@dongguk.edu,학생_1380,공과대학,정보통신공학과,4,M,학생부종합(DoDream),2.74,2.94,0.21,18,99.3,0,24,43.2,6,42.6,1.0,0
2022111381,030911-4567876,std_2022111381@dongguk.edu,학생_1381,문과대학,국어국문학과,4,F,수능위주(정시),2.79,3.15,0.36,18,95.8,0,20,39.4,6,29.5,1.0,0
2023111382,040920-3385241,std_2023111382@dongguk.edu,학생_1382,공과대학,정보통신공학과,3,M,수능위주(정시),3.3,3.34,0.04,18,93.9,0,27,28.8,4,22.8,,0
2023111383,041219-4446482,std_2023111383@dongguk.edu,학생_1383,공과대학,컴퓨터인공지능전공,3,F,학생부종합(DoDream),2.61,2.53,-0.08,18,96.0,0,18,26.3,4,40.5,0.0,0
2024111384,050309-3732828,std_2024111384@dongguk.edu,학생_1384,사범대학,수학교육과,2,M,학생부종합(DoDream),2.83,3.09,0.26,18,96.0,0,19,29.8,4,35.6,1.0,0
2022111385,030723-4159722,std_2022111385@dongguk.edu,학생_1385,공과대학,기계로봇에너지공학과,4,F,학생부종합(DoDream),3.74,3.77,0.03,15,100.0,1,17,38.4,5,23.6,1.0,0
2022111386,030919-3745113,std_2022111386@dongguk.edu,학생_1386,공과대학,컴퓨터인공지능전공,4,M,교과위주(학교장추천),3.95,3.7,-0.25,18,99.3,0,27,29.7,4,36.3,3.0,0
2024111387,050119-4354962,std_2024111387@dongguk.edu,학생_1387,문과대학,국어국문학과,2,F,교과위주(학교장추천),2.67,2.7,0.03,18,100.0,0,17,18.7,3,39.8,1.0,0
2024111388,050108-3778087,std_2024111388@dongguk.edu,학생_1388,공과대학,정보통신공학과,2,M,교과위주(학교장추천),3.74,3.63,-0.11,18,90.7,0,21,5.0,1,46.4,2.0,0
2024111389,050713-4430608,std_2024111389@dongguk.edu,학생_1389,경영대학,경영정보학과,2,F,논술위주,3.67,3.5,-0.17,18,96.0,0,22,16.8,2,28.9,2.0,0
2023111390,040623-3325843,std_2023111390@dongguk.edu,학생_1390,공과대학,전자전기공학부,3,M,논술위주,2.52,2.32,-0.2,18,96.5,0,13,31.2,4,28.4,0.0,0
2022111391,031023-4681541,std_2022111391@dongguk.edu,학생_1391,공과대학,전자전기공학부,4,F,논술위주,2.83,2.96,0.13,18,99.5,0,21,35.3,5,33.5,1.0,0
2022111392,031203-3692340,std_2022111392@dongguk.edu,학생_1392,문과대학,사학과,4,M,교과위주(학교장추천),2.2,2.42,0.25,18,100.0,0,16,39.5,6,26.7,0.0,0
2023111393,041023-4621424,std_2023111393@dongguk.edu,학생_1393,바이오시스템대학,바이오환경과학과,3,F,수능위주(정시),3.8,3.72,-0.08,18,94.8,0,21,23.9,3,28.5,3.0,0
2021111394,020324-3883517,std_2021111394@dongguk.edu,학생_1394,경영대학,경영학과,4,M,교과위주(학교장추천),2.2,3.15,1.04,18,90.7,0,22,18.9,3,10.0,1.0,0
2022111395,030221-4476890,std_2022111395@dongguk.edu,학생_1395,공과대학,정보통신공학과,4,F,논술위주,1.34,2.72,1.38,9,69.3,3,1,3.6,1,58.8,,1
2021111396,020628-3297855,std_2021111396@dongguk.edu,학생_1396,공과대학,정보통신공학과,4,M,논술위주,3.32,3.39,0.07,18,93.5,0,25,35.6,5,60.0,2.0,0
2023111397,040125-4919253,std_2023111397@dongguk.edu,학생_1397,경영대학,회계학과,3,F,학생부종합(DoDream),3.31,3.24,-0.06,18,99.2,0,23,19.0,3,57.1,0.0,0
2022111398,031108-3660837,std_2022111398@dongguk.edu,학생_1398,문과대학,철학과,4,M,논술위주,3.8,3.79,-0.01,18,89.6,0,19,18.6,3,29.3,2.0,0
2022111399,031205-4493308,std_2022111399@dongguk.edu,학생_1399,바이오시스템대학,생명과학과,4,F,수능위주(정시),3.57,3.65,0.08,18,92.1,0,23,25.5,4,25.9,2.0,0
2021111400,021116-3208159,std_2021111400@dongguk.edu,학생_1400,바이오시스템대학,생명과학과,4,M,논술위주,3.12,3.41,0.29,18,91.2,0,17,35.7,5,20.5,2.0,0
2023111401,040928-4862644,std_2023111401@dongguk.edu,학생_1401,경영대학,경영학과,3,F,교과위주(학교장추천),1.4,2.86,1.45,12,76.7,2,5,0.0,0,71.9,0.0,1
2023111402,040414-3459873,std_2023111402@dongguk.edu,학생_1402,공과대학,기계로봇에너지공학과,3,M,수능위주(정시),1.9,2.85,0.95,15,72.5,1,7,2.9,0,67.0,1.0,1
2023111403,040513-4837190,std_2023111403@dongguk.edu,학생_1403,공과대학,정보통신공학과,3,F,교과위주(학교장추천),2.7,2.83,0.13,18,94.0,0,17,23.6,3,23.2,0.0,0
2022111404,030609-3392042,std_2022111404@dongguk.edu,학생_1404,사범대학,교육학과,4,M,학생부종합(DoDream),2.23,3.48,1.25,12,73.7,2,6,5.0,1,54.6,1.0,1
2023111405,040212-4581994,std_2023111405@dongguk.edu,학생_1405,사범대학,교육학과,3,F,수능위주(정시),2.77,3.04,0.27,18,89.5,0,24,16.1,2,24.8,1.0,0
2023111406,040923-3299261,std_2023111406@dongguk.edu,학생_1406,경영대학,경영정보학과,3,M,수능위주(정시),2.25,2.55,0.3,18,92.4,0,21,55.3,8,26.9,1.0,0
2023111407,040226-4659273,std_2023111407@dongguk.edu,학생_1407,공과대학,정보통신공학과,3,F,논술위주,2.24,3.09,0.85,6,66.4,4,8,6.9,1,79.1,,1
2022111408,030525-3370649,std_2022111408@dongguk.edu,학생_1408,바이오시스템대학,생명과학과,4,M,수능위주(정시),3.36,3.38,0.02,18,90.4,0,23,23.6,3,14.3,0.0,0
2022111409,030905-4129764,std_2022111409@dongguk.edu,학생_1409,바이오시스템대학,바이오환경과학과,4,F,학생부종합(DoDream),2.67,2.79,0.12,18,100.0,0,17,5.0,1,36.0,3.0,0
2023111410,040711-3780175,std_2023111410@dongguk.edu,학생_1410,공과대학,컴퓨터인공지능전공,3,M,교과위주(학교장추천),3.16,3.13,-0.03,18,97.4,0,21,41.2,6,35.8,2.0,0
2024111411,050518-4174266,std_2024111411@dongguk.edu,학생_1411,경영대학,경영정보학과,2,F,수능위주(정시),3.1,3.05,-0.05,18,100.0,0,20,14.6,2,30.8,0.0,0
2021111412,020516-3102078,std_2021111412@dongguk.edu,학생_1412,공과대학,정보통신공학과,4,M,논술위주,2.59,2.54,-0.05,18,96.2,0,17,31.8,5,26.1,0.0,0
2023111413,040604-4742446,std_2023111413@dongguk.edu,학생_1413,문과대학,영어영문학전공,3,F,학생부종합(DoDream),3.08,2.88,-0.2,18,96.5,0,25,51.3,7,20.6,2.0,0
2023111414,040412-3177969,std_2023111414@dongguk.edu,학생_1414,공과대학,컴퓨터인공지능전공,3,M,학생부종합(DoDream),3.36,3.6,0.24,18,94.1,0,14,26.9,4,37.5,2.0,0
2022111415,030701-4335614,std_2022111415@dongguk.edu,학생_1415,사범대학,수학교육과,4,F,수능위주(정시),3.1,3.25,0.15,18,90.5,0,15,23.3,3,45.7,0.0,0
2023111416,041125-3714975,std_2023111416@dongguk.edu,학생_1416,경영대학,경영정보학과,3,M,수능위주(정시),3.12,2.68,-0.44,18,86.1,0,22,19.1,3,34.3,2.0,0
2024111417,050516-4741988,std_2024111417@dongguk.edu,학생_1417,경영대학,경영정보학과,2,F,논술위주,2.3,3.72,1.33,12,70.8,2,5,2.4,0,83.2,1.0,1
2023111418,041024-3208051,std_2023111418@dongguk.edu,학생_1418,공과대학,정보통신공학과,3,M,학생부종합(DoDream),2.89,3.37,0.48,18,99.7,0,19,21.9,3,35.9,2.0,0
2023111419,040812-4958964,std_2023111419@dongguk.edu,학생_1419,사범대학,수학교육과,3,F,학생부종합(DoDream),3.19,3.39,0.19,18,96.9,0,19,9.2,1,25.9,1.0,0
2024111420,050903-3849337,std_2024111420@dongguk.edu,학생_1420,경영대학,회계학과,2,M,학생부종합(DoDream),3.44,3.59,0.15,18,89.2,0,20,20.5,3,30.6,0.0,0
2022111421,030109-4638760,std_2022111421@dongguk.edu,학생_1421,사범대학,국어교육과,4,F,교과위주(학교장추천),3.04,3.09,0.05,18,93.3,0,16,7.4,1,26.5,,0
2022111422,030418-3756350,std_2022111422@dongguk.edu,학생_1422,사범대학,수학교육과,4,M,수능위주(정시),3.72,3.65,-0.07,18,91.9,0,19,13.1,2,37.2,1.0,0
2024111423,050316-4808814,std_2024111423@dongguk.edu,학생_1423,공과대학,정보통신공학과,2,F,교과위주(학교장추천),3.26,3.1,-0.15,18,91.3,0,23,30.6,4,31.0,3.0,0
2022111424,030104-3447175,std_2022111424@dongguk.edu,학생_1424,바이오시스템대학,식품생명공학과,4,M,교과위주(학교장추천),2.94,2.72,-0.22,18,96.8,0,15,22.2,3,12.1,,0
2023111425,040921-4234883,std_2023111425@dongguk.edu,학생_1425,바이오시스템대학,생명과학과,3,F,수능위주(정시),3.35,3.28,-0.07,18,89.4,0,19,33.5,5,23.6,0.0,0
2023111426,041213-3895936,std_2023111426@dongguk.edu,학생_1426,공과대학,기계로봇에너지공학과,3,M,논술위주,3.9,4.0,0.1,18,85.6,0,22,40.9,6,32.3,0.0,0
2023111427,041019-4162637,std_2023111427@dongguk.edu,학생_1427,공과대학,컴퓨터인공지능전공,3,F,학생부종합(DoDream),3.32,3.21,-0.11,15,83.9,1,20,16.4,2,21.6,1.0,0
2021111428,020124-3532153,std_2021111428@dongguk.edu,학생_1428,문과대학,철학과,4,M,교과위주(학교장추천),2.55,2.6,0.05,18,91.4,0,17,22.0,3,19.3,2.0,0
2024111429,050426-4755815,std_2024111429@dongguk.edu,학생_1429,문과대학,국어국문학과,2,F,교과위주(학교장추천),3.98,3.9,-0.08,18,94.5,0,21,15.7,2,39.2,3.0,0
2022111430,030921-3375677,std_2022111430@dongguk.edu,학생_1430,공과대학,정보통신공학과,4,M,수능위주(정시),3.42,3.51,0.09,18,89.1,0,25,15.7,2,18.3,2.0,0
2023111431,040316-4732065,std_2023111431@dongguk.edu,학생_1431,문과대학,철학과,3,F,학생부종합(DoDream),3.71,3.9,0.19,15,97.7,1,9,23.2,3,34.4,2.0,0
2024111432,050815-3147114,std_2024111432@dongguk.edu,학생_1432,문과대학,철학과,2,M,논술위주,3.49,3.36,-0.13,18,100.0,0,21,28.6,4,39.0,,0
2023111433,041008-4892594,std_2023111433@dongguk.edu,학생_1433,문과대학,영어영문학전공,3,F,수능위주(정시),2.87,3.04,0.17,18,91.1,0,20,21.5,3,33.9,1.0,0
2024111434,050410-3687093,std_2024111434@dongguk.edu,학생_1434,경영대학,경영정보학과,2,M,교과위주(학교장추천),3.18,3.29,0.11,18,96.2,0,21,15.8,2,18.8,2.0,0
2023111435,041102-4622845,std_2023111435@dongguk.edu,학생_1435,문과대학,영어영문학전공,3,F,학생부종합(DoDream),2.2,2.2,0.22,18,99.8,0,25,15.7,2,11.4,,0
2024111436,050906-3196856,std_2024111436@dongguk.edu,학생_1436,공과대학,전자전기공학부,2,M,논술위주,2.5,2.5,-0.01,15,93.4,1,16,21.8,3,29.8,1.0,0
2021111437,020911-4749488,std_2021111437@dongguk.edu,학생_1437,공과대학,전자전기공학부,4,F,교과위주(학교장추천),2.2,1.89,0.29,18,91.8,0,21,20.8,3,25.0,0.0,0
2023111438,041002-3111865,std_2023111438@dongguk.edu,학생_1438,경영대학,경영학과,3,M,논술위주,3.39,3.38,-0.02,18,96.5,0,27,24.0,3,39.5,,0
2023111439,040121-4523658,std_2023111439@dongguk.edu,학생_1439,바이오시스템대학,생명과학과,3,F,학생부종합(DoDream),3.14,3.13,-0.01,18,94.1,0,21,27.6,4,29.6,0.0,0
2022111440,030726-3628199,std_2022111440@dongguk.edu,학생_1440,바이오시스템대학,식품생명공학과,4,M,논술위주,3.13,3.57,0.45,18,86.6,0,21,22.9,3,35.9,3.0,0
2023111441,040124-4344561,std_2023111441@dongguk.edu,학생_1441,문과대학,철학과,3,F,수능위주(정시),2.82,3.19,0.37,15,91.5,1,17,16.5,2,29.3,0.0,0
2023111442,040515-3794385,std_2023111442@dongguk.edu,학생_1442,문과대학,영어영문학전공,3,M,교과위주(학교장추천),2.85,2.75,-0.1,18,93.6,0,20,18.6,3,14.2,0.0,0
2022111443,030507-4817566,std_2022111443@dongguk.edu,학생_1443,문과대학,영어영문학전공,4,F,수능위주(정시),3.47,2.9,-0.57,18,94.4,0,19,36.4,5,19.7,0.0,0
2023111444,040111-3280626,std_2023111444@dongguk.edu,학생_1444,바이오시스템대학,식품생명공학과,3,M,논술위주,3.13,3.04,-0.1,18,99.1,0,23,14.0,2,25.5,0.0,0
2022111445,030703-4216151,std_2022111445@dongguk.edu,학생_1445,바이오시스템대학,생명과학과,4,F,교과위주(학교장추천),3.74,3.84,0.1,18,95.5,0,25,34.0,5,24.7,0.0,0
2022111446,031121-3375037,std_2022111446@dongguk.edu,학생_1446,경영대학,회계학과,4,M,학생부종합(DoDream),3.19,3.2,0.01,15,98.5,1,25,29.7,4,13.4,0.0,0
2023111447,041110-4328402,std_2023111447@dongguk.edu,학생_1447,문과대학,사학과,3,F,논술위주,2.87,3.04,0.17,18,87.0,0,15,5.4,1,34.0,0.0,0
2021111448,020805-3557092,std_2021111448@dongguk.edu,학생_1448,경영대학,경영정보학과,4,M,학생부종합(DoDream),2.98,3.15,0.18,18,89.7,0,14,16.1,2,27.7,0.0,0
2021111449,020805-4350565,std_2021111449@dongguk.edu,학생_1449,공과대학,기계로봇에너지공학과,4,F,교과위주(학교장추천),2.68,2.62,-0.06,18,100.0,0,23,31.1,4,24.3,2.0,0
2022111450,030209-3172739,std_2022111450@dongguk.edu,학생_1450,문과대학,국어국문학과,4,M,논술위주,2.85,2.93,0.08,18,94.2,0,18,22.6,3,31.2,2.0,0
2021111451,020811-4409880,std_2021111451@dongguk.edu,학생_1451,공과대학,전자전기공학부,4,F,수능위주(정시),2.3,3.42,1.03,15,66.4,1,6,5.3,1,75.8,,1
2023111452,040827-3595994,std_2023111452@dongguk.edu,학생_1452,문과대학,국어국문학과,3,M,수능위주(정시),2.3,4.02,1.0,12,84.5,2,8,0.0,0,76.8,1.0,1
2022111453,030718-4297152,std_2022111453@dongguk.edu,학생_1453,문과대학,철학과,4,F,논술위주,3.91,3.83,-0.08,18,90.2,0,22,13.1,2,20.3,2.0,0
2021111454,020627-3157804,std_2021111454@dongguk.edu,학생_1454,공과대학,컴퓨터인공지능전공,4,M,교과위주(학교장추천),1.75,3.23,1.48,9,71.1,3,9,6.0,1,78.2,0.0,1
2021111455,020904-4656876,std_2021111455@dongguk.edu,학생_1455,바이오시스템대학,바이오환경과학과,4,F,논술위주,2.79,2.69,-0.11,18,98.5,0,16,41.1,6,37.5,0.0,0
2023111456,040111-3872856,std_2023111456@dongguk.edu,학생_1456,문과대학,국어국문학과,3,M,교과위주(학교장추천),3.59,3.38,-0.21,18,89.7,0,16,25.0,4,22.9,3.0,0
2023111457,040517-4561631,std_2023111457@dongguk.edu,학생_1457,공과대학,정보통신공학과,3,F,교과위주(학교장추천),4.27,4.14,-0.13,18,98.3,0,18,48.6,7,20.5,3.0,0
2023111458,040524-3437655,std_2023111458@dongguk.edu,학생_1458,경영대학,경영정보학과,3,M,수능위주(정시),3.66,3.33,-0.33,18,94.5,0,20,39.7,6,23.9,3.0,0
2024111459,050718-4238944,std_2024111459@dongguk.edu,학생_1459,경영대학,경영학과,2,F,학생부종합(DoDream),3.66,3.71,0.05,18,94.9,0,22,12.9,2,12.3,0.0,0
2021111460,021204-3804724,std_2021111460@dongguk.edu,학생_1460,공과대학,기계로봇에너지공학과,4,M,수능위주(정시),2.79,3.15,0.36,18,95.1,0,25,42.6,6,25.3,2.0,0
2023111461,041206-4845401,std_2023111461@dongguk.edu,학생_1461,공과대학,정보통신공학과,3,F,교과위주(학교장추천),2.87,3.02,0.14,18,100.0,0,12,21.8,3,28.3,2.0,0
2022111462,030128-3314185,std_2022111462@dongguk.edu,학생_1462,공과대학,정보통신공학과,4,M,학생부종합(DoDream),3.62,3.25,-0.37,18,94.2,0,24,29.7,4,24.5,0.0,0
2022111463,030719-4153475,std_2022111463@dongguk.edu,학생_1463,사범대학,교육학과,4,F,수능위주(정시),2.51,2.52,0.01,18,93.5,0,21,11.4,2,31.9,3.0,0
2024111464,050925-3275759,std_2024111464@dongguk.edu,학생_1464,공과대학,기계로봇에너지공학과,2,M,교과위주(학교장추천),3.27,3.29,0.02,18,97.2,0,20,19.7,3,52.6,0.0,0
2024111465,050907-4840637,std_2024111465@dongguk.edu,학생_1465,공과대학,전자전기공학부,2,F,논술위주,2.2,2.03,0.02,15,98.3,1,19,31.6,5,24.7,2.0,0
2023111466,040111-3908415,std_2023111466@dongguk.edu,학생_1466,공과대학,컴퓨터인공지능전공,3,M,학생부종합(DoDream),2.91,3.03,0.11,18,95.1,0,16,18.3,3,23.7,2.0,0
2022111467,030910-4707908,std_2022111467@dongguk.edu,학생_1467,문과대학,영어영문학전공,4,F,논술위주,3.59,3.36,-0.24,15,97.6,1,16,41.6,6,20.9,3.0,0
2024111468,051128-3648645,std_2024111468@dongguk.edu,학생_1468,공과대학,전자전기공학부,2,M,수능위주(정시),4.4,4.3,-0.33,18,100.0,0,19,38.8,6,28.2,2.0,0
2024111469,050822-4384949,std_2024111469@dongguk.edu,학생_1469,경영대학,경영학과,2,F,학생부종합(DoDream),2.81,2.98,0.16,18,93.9,0,20,9.7,1,34.8,2.0,0
2022111470,030101-3357826,std_2022111470@dongguk.edu,학생_1470,공과대학,정보통신공학과,4,M,학생부종합(DoDream),2.3,3.64,1.17,12,85.0,2,2,7.0,1,64.0,,1
2022111471,030627-4738454,std_2022111471@dongguk.edu,학생_1471,공과대학,기계로봇에너지공학과,4,F,교과위주(학교장추천),3.62,3.64,0.02,18,96.9,0,22,17.4,2,38.1,0.0,0
2024111472,050419-3528753,std_2024111472@dongguk.edu,학생_1472,경영대학,회계학과,2,M,논술위주,3.07,2.86,-0.21,18,93.3,0,22,5.0,1,22.7,0.0,0
2024111473,050507-4202326,std_2024111473@dongguk.edu,학생_1473,공과대학,기계로봇에너지공학과,2,F,교과위주(학교장추천),2.44,2.51,0.07,18,92.3,0,16,29.9,4,20.4,0.0,0
2022111474,030204-3386704,std_2022111474@dongguk.edu,학생_1474,경영대학,경영학과,4,M,교과위주(학교장추천),3.2,3.21,0.02,18,87.2,0,18,5.0,1,36.9,3.0,0
2022111475,030316-4110111,std_2022111475@dongguk.edu,학생_1475,사범대학,교육학과,4,F,학생부종합(DoDream),2.86,2.82,-0.03,18,97.2,0,24,26.4,4,17.6,3.0,0
2022111476,031203-3651030,std_2022111476@dongguk.edu,학생_1476,공과대학,기계로봇에너지공학과,4,M,학생부종합(DoDream),1.0,2.64,1.71,15,63.5,1,8,6.4,1,73.1,,1
2024111477,050624-4636809,std_2024111477@dongguk.edu,학생_1477,공과대학,전자전기공학부,2,F,논술위주,2.2,2.11,-0.03,18,94.2,0,19,17.3,2,10.0,2.0,0
2023111478,041211-3471902,std_2023111478@dongguk.edu,학생_1478,문과대학,사학과,3,M,학생부종합(DoDream),3.15,3.05,-0.1,18,98.0,0,15,16.6,2,19.7,1.0,0
2021111479,020912-4544790,std_2021111479@dongguk.edu,학생_1479,문과대학,국어국문학과,4,F,교과위주(학교장추천),4.08,3.97,-0.11,18,100.0,0,10,28.5,4,37.5,1.0,0
2023111480,040603-3440352,std_2023111480@dongguk.edu,학생_1480,바이오시스템대학,식품생명공학과,3,M,교과위주(학교장추천),2.65,2.68,0.03,18,95.4,0,21,21.1,3,40.1,3.0,0
2023111481,040503-4747059,std_2023111481@dongguk.edu,학생_1481,경영대학,회계학과,3,F,교과위주(학교장추천),2.72,2.7,-0.03,18,95.5,0,16,42.2,6,52.1,,0
2023111482,041210-3444137,std_2023111482@dongguk.edu,학생_1482,공과대학,정보통신공학과,3,M,교과위주(학교장추천),2.3,3.68,1.21,9,64.9,3,10,0.0,0,60.3,1.0,1
2024111483,050419-4340514,std_2024111483@dongguk.edu,학생_1483,경영대학,경영학과,2,F,수능위주(정시),2.44,2.75,0.31,15,90.0,1,23,28.3,4,36.2,,0
2023111484,040517-3511973,std_2023111484@dongguk.edu,학생_1484,공과대학,전자전기공학부,3,M,학생부종합(DoDream),3.08,2.56,-0.52,18,92.6,0,21,23.2,3,36.6,3.0,0
2023111485,040412-4715275,std_2023111485@dongguk.edu,학생_1485,경영대학,경영정보학과,3,F,논술위주,1.48,2.84,1.36,6,68.4,4,5,6.7,1,92.8,,1
2023111486,040317-3227744,std_2023111486@dongguk.edu,학생_1486,경영대학,경영학과,3,M,논술위주,2.43,2.76,0.32,15,89.2,1,24,28.3,4,17.2,3.0,0
2022111487,030402-4996731,std_2022111487@dongguk.edu,학생_1487,공과대학,컴퓨터인공지능전공,4,F,논술위주,3.38,3.34,-0.04,18,89.9,0,14,35.6,5,28.0,0.0,0
2022111488,030320-3521386,std_2022111488@dongguk.edu,학생_1488,공과대학,기계로봇에너지공학과,4,M,수능위주(정시),3.22,3.16,-0.06,18,91.3,0,25,18.7,3,33.9,2.0,0
2022111489,030126-4377874,std_2022111489@dongguk.edu,학생_1489,문과대학,영어영문학전공,4,F,수능위주(정시),2.2,2.29,0.29,18,98.6,0,18,29.5,4,45.0,0.0,0
2021111490,020408-3879177,std_2021111490@dongguk.edu,학생_1490,경영대학,경영학과,4,M,학생부종합(DoDream),3.02,2.88,-0.13,18,88.6,0,16,22.9,3,16.6,0.0,0
2024111491,050206-4274620,std_2024111491@dongguk.edu,학생_1491,공과대학,전자전기공학부,2,F,수능위주(정시),2.95,3.24,0.29,18,90.6,0,15,12.4,2,30.3,1.0,0
2023111492,040628-3253233,std_2023111492@dongguk.edu,학생_1492,경영대학,경영학과,3,M,논술위주,1.12,2.03,0.91,15,63.4,1,6,2.0,0,64.0,1.0,1
2022111493,030121-4163470,std_2022111493@dongguk.edu,학생_1493,문과대학,영어영문학전공,4,F,논술위주,3.93,3.59,-0.33,18,94.6,0,18,19.5,3,31.5,,0
2021111494,021115-3272632,std_2021111494@dongguk.edu,학생_1494,경영대학,경영정보학과,4,M,논술위주,1.17,2.93,1.77,15,85.0,1,1,1.8,0,72.4,0.0,1
2023111495,040612-4113825,std_2023111495@dongguk.edu,학생_1495,바이오시스템대학,바이오환경과학과,3,F,교과위주(학교장추천),3.29,3.13,-0.15,18,100.0,0,12,32.7,5,30.0,2.0,0
2024111496,050127-3957479,std_2024111496@dongguk.edu,학생_1496,공과대학,기계로봇에너지공학과,2,M,교과위주(학교장추천),1.71,3.18,1.47,15,67.9,1,11,0.0,0,79.6,0.0,1
2021111497,020313-4997917,std_2021111497@dongguk.edu,학생_1497,공과대학,정보통신공학과,4,F,수능위주(정시),3.37,2.89,-0.48,18,90.3,0,28,25.3,4,32.8,0.0,0
2023111498,040402-3300307,std_2023111498@dongguk.edu,학생_1498,바이오시스템대학,바이오환경과학과,3,M,수능위주(정시),3.28,3.07,-0.21,18,89.9,0,20,23.8,3,28.7,2.0,0
2022111499,030803-4674154,std_2022111499@dongguk.edu,학생_1499,사범대학,교육학과,4,F,수능위주(정시),1.06,2.4,1.33,6,68.9,4,2,8.3,1,66.1,1.0,1
2024111500,051122-3745991,std_2024111500@dongguk.edu,학생_1500,경영대학,경영정보학과,2,M,학생부종합(DoDream),1.37,3.09,1.72,15,72.7,1,8,3.7,1,61.0,,1
2024111501,050814-4469277,std_2024111501@dongguk.edu,학생_1501,경영대학,경영학과,2,F,논술위주,3.92,3.77,-0.15,18,89.7,0,20,23.8,3,44.4,0.0,0
2024111502,050304-3529810,std_2024111502@dongguk.edu,학생_1502,공과대학,기계로봇에너지공학과,2,M,논술위주,3.22,3.17,-0.06,18,91.5,0,16,25.3,4,37.1,1.0,0
2024111503,051026-4123719,std_2024111503@dongguk.edu,학생_1503,경영대학,경영정보학과,2,F,수능위주(정시),3.47,3.35,-0.12,18,90.7,0,11,17.4,2,27.4,3.0,0
2023111504,041017-3665263,std_2023111504@dongguk.edu,학생_1504,바이오시스템대학,생명과학과,3,M,교과위주(학교장추천),2.07,3.7,1.63,15,85.0,1,3,0.8,0,75.2,,1
2024111505,050124-4925845,std_2024111505@dongguk.edu,학생_1505,문과대학,사학과,2,F,학생부종합(DoDream),2.77,2.98,0.21,18,92.1,0,14,30.2,4,19.9,0.0,0
2023111506,041216-3195847,std_2023111506@dongguk.edu,학생_1506,문과대학,영어영문학전공,3,M,교과위주(학교장추천),4.13,3.86,-0.27,18,96.9,0,21,31.1,4,25.4,2.0,0
2021111507,021226-4763650,std_2021111507@dongguk.edu,학생_1507,바이오시스템대학,생명과학과,4,F,논술위주,4.16,3.95,-0.2,18,98.2,0,28,20.7,3,23.4,2.0,0
2022111508,030302-3371747,std_2022111508@dongguk.edu,학생_1508,바이오시스템대학,바이오환경과학과,4,M,학생부종합(DoDream),3.42,3.44,0.02,18,89.9,0,16,39.5,6,32.5,1.0,0
2021111509,021228-4512619,std_2021111509@dongguk.edu,학생_1509,사범대학,교육학과,4,F,논술위주,3.38,2.99,-0.4,15,91.9,1,20,34.6,5,28.5,0.0,0
2023111510,041002-3608062,std_2023111510@dongguk.edu,학생_1510,바이오시스템대학,생명과학과,3,M,학생부종합(DoDream),3.13,3.52,0.38,18,91.9,0,20,11.5,2,40.1,3.0,0
2022111511,030109-4800566,std_2022111511@dongguk.edu,학생_1511,문과대학,철학과,4,F,교과위주(학교장추천),3.19,2.95,-0.24,18,94.5,0,20,26.4,4,24.0,3.0,0
2021111512,020705-3137853,std_2021111512@dongguk.edu,학생_1512,바이오시스템대학,생명과학과,4,M,교과위주(학교장추천),2.58,2.45,-0.13,15,97.3,1,22,7.2,1,33.4,2.0,0
2024111513,050324-4589095,std_2024111513@dongguk.edu,학생_1513,바이오시스템대학,식품생명공학과,2,F,수능위주(정시),2.44,2.36,-0.08,18,98.6,0,19,27.7,4,34.9,2.0,0
2023111514,041219-3807535,std_2023111514@dongguk.edu,학생_1514,바이오시스템대학,식품생명공학과,3,M,교과위주(학교장추천),3.5,3.47,-0.03,18,99.4,0,27,31.3,4,16.5,2.0,0
2023111515,041123-4483574,std_2023111515@dongguk.edu,학생_1515,공과대학,전자전기공학부,3,F,학생부종합(DoDream),2.74,2.93,0.19,15,94.5,1,12,36.9,5,32.2,,0
2022111516,030718-3418169,std_2022111516@dongguk.edu,학생_1516,바이오시스템대학,바이오환경과학과,4,M,교과위주(학교장추천),3.68,3.47,-0.2,18,89.9,0,12,21.5,3,22.9,2.0,0
2023111517,040815-4161045,std_2023111517@dongguk.edu,학생_1517,공과대학,컴퓨터인공지능전공,3,F,교과위주(학교장추천),2.2,2.25,0.28,18,92.8,0,27,29.8,4,30.7,0.0,0
2024111518,050723-3783610,std_2024111518@dongguk.edu,학생_1518,경영대학,회계학과,2,M,수능위주(정시),2.44,2.2,-0.24,15,96.8,1,16,20.6,3,34.4,,0
2024111519,050325-4743068,std_2024111519@dongguk.edu,학생_1519,바이오시스템대학,바이오환경과학과,2,F,수능위주(정시),2.46,2.36,-0.1,18,91.7,0,26,10.6,2,53.3,0.0,0
2024111520,050105-3585583,std_2024111520@dongguk.edu,학생_1520,공과대학,정보통신공학과,2,M,학생부종합(DoDream),3.96,4.18,0.23,18,94.1,0,19,5.0,1,36.3,2.0,0
2023111521,040417-4592709,std_2023111521@dongguk.edu,학생_1521,경영대학,경영학과,3,F,수능위주(정시),3.75,3.3,-0.45,18,88.3,0,20,35.2,5,10.0,3.0,0
2021111522,020107-3789377,std_2021111522@dongguk.edu,학생_1522,문과대학,철학과,4,M,교과위주(학교장추천),3.95,3.64,-0.3,18,90.2,0,15,40.6,6,12.9,2.0,0
2024111523,051024-4118302,std_2024111523@dongguk.edu,학생_1523,공과대학,기계로봇에너지공학과,2,F,수능위주(정시),4.11,4.16,0.05,15,98.7,1,18,23.0,3,31.1,0.0,0
2022111524,030612-3789638,std_2022111524@dongguk.edu,학생_1524,경영대학,경영학과,4,M,교과위주(학교장추천),3.35,3.48,0.12,18,98.8,0,18,24.0,3,19.6,1.0,0
2023111525,041125-4767885,std_2023111525@dongguk.edu,학생_1525,문과대학,사학과,3,F,논술위주,3.59,3.53,-0.06,18,92.4,0,21,5.0,1,29.3,2.0,0
2023111526,040425-3159397,std_2023111526@dongguk.edu,학생_1526,공과대학,컴퓨터인공지능전공,3,M,논술위주,3.57,3.92,0.35,18,92.8,0,27,26.9,4,28.4,0.0,0
2024111527,050119-4743203,std_2024111527@dongguk.edu,학생_1527,공과대학,기계로봇에너지공학과,2,F,논술위주,3.36,3.13,-0.22,18,96.4,0,22,37.5,5,44.9,,0
2023111528,040111-3507644,std_2023111528@dongguk.edu,학생_1528,경영대학,경영학과,3,M,수능위주(정시),4.03,3.95,-0.08,18,95.2,0,22,27.4,4,40.2,3.0,0
2023111529,040612-4807758,std_2023111529@dongguk.edu,학생_1529,문과대학,영어영문학전공,3,F,수능위주(정시),3.78,4.07,0.29,18,95.6,0,23,30.8,4,10.9,,0
2024111530,050202-3665810,std_2024111530@dongguk.edu,학생_1530,공과대학,정보통신공학과,2,M,논술위주,2.74,2.99,0.25,18,95.1,0,15,16.1,2,33.3,2.0,0
2023111531,040907-4108429,std_2023111531@dongguk.edu,학생_1531,경영대학,경영정보학과,3,F,수능위주(정시),3.32,2.94,-0.38,18,94.4,0,19,28.7,4,19.1,3.0,0
2024111532,050915-3887378,std_2024111532@dongguk.edu,학생_1532,공과대학,정보통신공학과,2,M,학생부종합(DoDream),2.99,3.18,0.19,18,90.5,0,26,13.4,2,45.1,3.0,0
2023111533,040625-4957646,std_2023111533@dongguk.edu,학생_1533,문과대학,영어영문학전공,3,F,교과위주(학교장추천),1.65,2.93,1.28,6,84.4,4,3,1.9,0,71.7,1.0,1
2022111534,031022-3660393,std_2022111534@dongguk.edu,학생_1534,공과대학,기계로봇에너지공학과,4,M,수능위주(정시),3.11,3.26,0.16,18,96.7,0,24,34.3,5,50.4,0.0,0
2022111535,030805-4271954,std_2022111535@dongguk.edu,학생_1535,바이오시스템대학,바이오환경과학과,4,F,수능위주(정시),2.3,3.73,1.08,6,69.2,4,8,0.3,0,68.0,1.0,1
2022111536,030212-3421821,std_2022111536@dongguk.edu,학생_1536,경영대학,회계학과,4,M,교과위주(학교장추천),2.3,2.56,0.26,18,97.3,0,17,17.9,3,36.4,1.0,0
2022111537,030913-4147756,std_2022111537@dongguk.edu,학생_1537,공과대학,정보통신공학과,4,F,교과위주(학교장추천),3.76,3.89,0.13,18,88.3,0,22,22.5,3,29.2,1.0,0
2021111538,020511-3268925,std_2021111538@dongguk.edu,학생_1538,공과대학,기계로봇에너지공학과,4,M,학생부종합(DoDream),2.56,2.85,0.3,18,88.3,0,15,40.3,6,30.2,0.0,0
2022111539,030615-4642710,std_2022111539@dongguk.edu,학생_1539,공과대학,정보통신공학과,4,F,논술위주,3.09,2.97,-0.12,18,92.1,0,22,28.8,4,37.0,2.0,0
2024111540,051121-3632274,std_2024111540@dongguk.edu,학생_1540,문과대학,영어영문학전공,2,M,논술위주,3.26,3.13,-0.13,18,91.5,0,15,30.6,4,51.3,2.0,0
2022111541,030502-4401998,std_2022111541@dongguk.edu,학생_1541,공과대학,전자전기공학부,4,F,교과위주(학교장추천),2.86,2.97,0.11,18,93.6,0,22,27.8,4,30.5,2.0,0
2023111542,041002-3449570,std_2023111542@dongguk.edu,학생_1542,공과대학,전자전기공학부,3,M,학생부종합(DoDream),3.67,3.61,-0.06,18,92.8,0,13,29.9,4,29.3,2.0,0
2022111543,030827-4888162,std_2022111543@dongguk.edu,학생_1543,경영대학,경영정보학과,4,F,논술위주,2.53,2.69,0.16,18,94.8,0,14,20.2,3,22.0,0.0,0
2024111544,050907-3334597,std_2024111544@dongguk.edu,학생_1544,경영대학,경영정보학과,2,M,수능위주(정시),3.16,3.22,0.06,18,95.3,0,15,11.3,2,22.1,1.0,0
2024111545,050314-4209273,std_2024111545@dongguk.edu,학생_1545,바이오시스템대학,생명과학과,2,F,교과위주(학교장추천),3.38,3.55,0.16,15,89.1,1,26,23.7,3,27.4,2.0,0
2023111546,040508-3117255,std_2023111546@dongguk.edu,학생_1546,문과대학,국어국문학과,3,M,수능위주(정시),1.14,2.53,1.4,9,75.8,3,3,8.6,1,67.4,1.0,1
2023111547,040812-4704992,std_2023111547@dongguk.edu,학생_1547,문과대학,국어국문학과,3,F,학생부종합(DoDream),3.31,3.1,-0.21,18,98.9,0,14,8.1,1,36.9,3.0,0
2022111548,031002-3851149,std_2022111548@dongguk.edu,학생_1548,사범대학,수학교육과,4,M,학생부종합(DoDream),2.3,4.08,0.92,6,78.5,4,6,3.0,0,52.3,,1
2023111549,041023-4863593,std_2023111549@dongguk.edu,학생_1549,문과대학,사학과,3,F,교과위주(학교장추천),2.89,3.18,0.29,18,96.5,0,21,37.9,5,31.5,0.0,0
2024111550,050524-3278805,std_2024111550@dongguk.edu,학생_1550,공과대학,정보통신공학과,2,M,교과위주(학교장추천),4.06,3.72,-0.33,15,95.3,1,21,34.1,5,32.9,0.0,0
2024111551,051027-4704903,std_2024111551@dongguk.edu,학생_1551,바이오시스템대학,바이오환경과학과,2,F,교과위주(학교장추천),2.27,2.29,0.02,18,90.8,0,24,5.0,1,22.5,2.0,0
2021111552,020203-3702547,std_2021111552@dongguk.edu,학생_1552,경영대학,경영정보학과,4,M,수능위주(정시),2.2,1.7,-0.46,18,92.4,0,26,14.6,2,37.3,,0
2023111553,040620-4962435,std_2023111553@dongguk.edu,학생_1553,공과대학,기계로봇에너지공학과,3,F,교과위주(학교장추천),3.71,3.5,-0.21,18,93.7,0,17,15.3,2,34.5,1.0,0
2021111554,020510-3145054,std_2021111554@dongguk.edu,학생_1554,바이오시스템대학,생명과학과,4,M,수능위주(정시),3.84,3.7,-0.14,18,93.3,0,11,19.8,3,24.8,,0
2024111555,050107-4682507,std_2024111555@dongguk.edu,학생_1555,경영대학,회계학과,2,F,교과위주(학교장추천),2.22,3.81,1.58,6,85.0,4,6,5.4,1,70.4,,1
2023111556,040818-3797418,std_2023111556@dongguk.edu,학생_1556,공과대학,전자전기공학부,3,M,수능위주(정시),3.12,3.3,0.18,18,92.5,0,27,32.9,5,24.1,2.0,0
2024111557,050125-4850699,std_2024111557@dongguk.edu,학생_1557,문과대학,국어국문학과,2,F,수능위주(정시),1.07,2.35,1.28,12,71.1,2,4,4.5,1,50.1,0.0,1
2023111558,040417-3898623,std_2023111558@dongguk.edu,학생_1558,문과대학,사학과,3,M,논술위주,3.76,3.78,0.02,18,87.6,0,18,12.3,2,36.8,,0
2023111559,040712-4103917,std_2023111559@dongguk.edu,학생_1559,사범대학,수학교육과,3,F,논술위주,3.6,3.81,0.21,18,100.0,0,24,19.9,3,16.9,0.0,0
2024111560,051022-3482423,std_2024111560@dongguk.edu,학생_1560,바이오시스템대학,생명과학과,2,M,논술위주,3.94,3.84,-0.1,18,94.3,0,21,37.6,5,31.9,1.0,0
2023111561,040416-4779885,std_2023111561@dongguk.edu,학생_1561,공과대학,정보통신공학과,3,F,논술위주,4.4,3.99,-0.47,18,96.8,0,16,28.5,4,30.6,0.0,0
2023111562,040811-3180383,std_2023111562@dongguk.edu,학생_1562,바이오시스템대학,식품생명공학과,3,M,교과위주(학교장추천),3.94,3.53,-0.42,18,97.2,0,17,28.8,4,28.9,0.0,0
2023111563,040526-4716498,std_2023111563@dongguk.edu,학생_1563,문과대학,국어국문학과,3,F,논술위주,2.2,2.35,0.45,18,94.8,0,15,25.7,4,41.1,1.0,0
2023111564,040720-3617863,std_2023111564@dongguk.edu,학생_1564,경영대학,회계학과,3,M,학생부종합(DoDream),1.0,2.51,1.79,15,58.9,1,7,5.5,1,64.9,0.0,1
2024111565,050522-4312880,std_2024111565@dongguk.edu,학생_1565,공과대학,정보통신공학과,2,F,수능위주(정시),2.87,2.96,0.09,18,94.1,0,19,32.5,5,20.5,0.0,0
2023111566,040305-3291733,std_2023111566@dongguk.edu,학생_1566,공과대학,정보통신공학과,3,M,논술위주,3.06,3.26,0.2,18,94.1,0,21,31.0,4,43.6,1.0,0
2022111567,031023-4172304,std_2022111567@dongguk.edu,학생_1567,경영대학,경영학과,4,F,학생부종합(DoDream),2.71,2.89,0.18,18,96.0,0,21,25.5,4,22.5,1.0,0
2023111568,040125-3983385,std_2023111568@dongguk.edu,학생_1568,공과대학,컴퓨터인공지능전공,3,M,수능위주(정시),4.36,4.13,-0.23,18,95.3,0,19,24.4,3,44.3,3.0,0
2023111569,040427-4768838,std_2023111569@dongguk.edu,학생_1569,문과대학,영어영문학전공,3,F,교과위주(학교장추천),2.3,4.17,0.88,15,63.3,1,4,7.6,1,73.9,,1
2022111570,031202-3698016,std_2022111570@dongguk.edu,학생_1570,경영대학,회계학과,4,M,수능위주(정시),3.07,2.99,-0.07,18,94.8,0,20,31.8,5,50.0,0.0,0
2022111571,030914-4420996,std_2022111571@dongguk.edu,학생_1571,바이오시스템대학,식품생명공학과,4,F,교과위주(학교장추천),3.36,3.41,0.05,18,85.6,0,13,17.3,2,44.5,0.0,0
2023111572,040604-3167975,std_2023111572@dongguk.edu,학생_1572,경영대학,경영정보학과,3,M,학생부종합(DoDream),1.05,2.64,1.6,15,66.5,1,7,0.8,0,71.8,,1
2022111573,030510-4577293,std_2022111573@dongguk.edu,학생_1573,바이오시스템대학,생명과학과,4,F,논술위주,3.84,3.89,0.05,15,89.6,1,17,21.9,3,32.7,0.0,0
2024111574,050421-3665538,std_2024111574@dongguk.edu,학생_1574,경영대학,경영정보학과,2,M,수능위주(정시),2.72,2.92,0.2,18,100.0,0,20,31.1,4,30.6,3.0,0
2021111575,020616-4257079,std_2021111575@dongguk.edu,학생_1575,경영대학,경영정보학과,4,F,논술위주,3.35,3.51,0.17,18,93.0,0,11,19.8,3,27.4,3.0,0
2024111576,051106-3636092,std_2024111576@dongguk.edu,학생_1576,문과대학,국어국문학과,2,M,수능위주(정시),3.65,3.4,-0.24,18,96.3,0,28,21.0,3,28.2,0.0,0
2022111577,030803-4605750,std_2022111577@dongguk.edu,학생_1577,문과대학,영어영문학전공,4,F,논술위주,1.57,3.34,1.77,9,62.1,3,9,4.9,1,63.0,0.0,1
2024111578,050924-3335417,std_2024111578@dongguk.edu,학생_1578,공과대학,전자전기공학부,2,M,논술위주,3.28,2.91,-0.37,18,97.7,0,23,37.6,5,24.7,1.0,0
2022111579,031207-4256588,std_2022111579@dongguk.edu,학생_1579,공과대학,컴퓨터인공지능전공,4,F,학생부종합(DoDream),2.2,2.19,0.45,18,92.8,0,12,28.5,4,42.2,2.0,0
2024111580,050610-3641349,std_2024111580@dongguk.edu,학생_1580,문과대학,국어국문학과,2,M,학생부종합(DoDream),2.2,2.19,0.17,18,92.8,0,20,28.2,4,30.9,1.0,0
2021111581,020506-4864870,std_2021111581@dongguk.edu,학생_1581,공과대학,전자전기공학부,4,F,교과위주(학교장추천),2.78,2.91,0.13,18,96.4,0,17,27.4,4,10.0,3.0,0
2024111582,050102-3371592,std_2024111582@dongguk.edu,학생_1582,사범대학,국어교육과,2,M,학생부종합(DoDream),3.77,3.81,0.04,18,94.0,0,15,36.5,5,44.1,,0
2022111583,030403-4885195,std_2022111583@dongguk.edu,학생_1583,경영대학,회계학과,4,F,교과위주(학교장추천),3.93,3.88,-0.05,18,83.9,0,21,29.1,4,23.0,0.0,0
2023111584,040125-3957932,std_2023111584@dongguk.edu,학생_1584,공과대학,정보통신공학과,3,M,수능위주(정시),2.91,3.21,0.3,18,97.8,0,11,5.0,1,10.0,0.0,0
2022111585,031107-4874088,std_2022111585@dongguk.edu,학생_1585,공과대학,기계로봇에너지공학과,4,F,수능위주(정시),3.28,3.24,-0.05,18,92.7,0,17,27.4,4,24.1,1.0,0
2024111586,051128-3622678,std_2024111586@dongguk.edu,학생_1586,공과대학,기계로봇에너지공학과,2,M,수능위주(정시),4.12,3.73,-0.39,18,95.1,0,15,16.7,2,27.8,2.0,0
2024111587,050517-4300879,std_2024111587@dongguk.edu,학생_1587,바이오시스템대학,바이오환경과학과,2,F,수능위주(정시),2.2,2.39,0.23,18,93.5,0,22,22.6,3,33.5,2.0,0
2023111588,040611-3968284,std_2023111588@dongguk.edu,학생_1588,공과대학,전자전기공학부,3,M,수능위주(정시),2.65,2.56,-0.09,18,91.0,0,15,11.7,2,30.6,1.0,0
2021111589,020806-4834701,std_2021111589@dongguk.edu,학생_1589,경영대학,경영학과,4,F,교과위주(학교장추천),3.69,3.41,-0.28,18,93.4,0,22,28.1,4,31.0,1.0,0
2024111590,050112-3636251,std_2024111590@dongguk.edu,학생_1590,공과대학,정보통신공학과,2,M,논술위주,2.45,2.05,-0.4,18,93.6,0,9,26.8,4,20.1,0.0,0
2023111591,040701-4467148,std_2023111591@dongguk.edu,학생_1591,경영대학,경영학과,3,F,논술위주,3.49,3.03,-0.46,18,93.2,0,19,14.5,2,26.5,2.0,0
2024111592,050702-3852185,std_2024111592@dongguk.edu,학생_1592,공과대학,전자전기공학부,2,M,학생부종합(DoDream),2.91,2.87,-0.04,18,97.0,0,19,18.9,3,43.5,0.0,0
2024111593,050116-4122365,std_2024111593@dongguk.edu,학생_1593,공과대학,정보통신공학과,2,F,수능위주(정시),4.12,3.88,-0.24,18,97.9,0,24,34.7,5,32.9,1.0,0
2023111594,040923-3769987,std_2023111594@dongguk.edu,학생_1594,사범대학,교육학과,3,M,학생부종합(DoDream),2.53,2.45,-0.07,18,97.6,0,14,9.3,1,28.6,3.0,0
2022111595,030411-4478945,std_2022111595@dongguk.edu,학생_1595,사범대학,교육학과,4,F,학생부종합(DoDream),2.89,2.93,0.03,18,95.8,0,18,25.3,4,23.8,1.0,0
2023111596,040524-3453194,std_2023111596@dongguk.edu,학생_1596,사범대학,교육학과,3,M,논술위주,2.59,2.38,-0.22,15,86.4,1,14,41.1,6,10.0,1.0,0
2021111597,020911-4782784,std_2021111597@dongguk.edu,학생_1597,경영대학,경영정보학과,4,F,논술위주,2.36,2.75,0.39,18,89.2,0,20,5.0,1,38.2,2.0,0
2021111598,020103-3175529,std_2021111598@dongguk.edu,학생_1598,문과대학,국어국문학과,4,M,수능위주(정시),3.66,3.77,0.11,15,92.5,1,19,25.7,4,23.3,1.0,0
2024111599,050417-4583007,std_2024111599@dongguk.edu,학생_1599,문과대학,영어영문학전공,2,F,교과위주(학교장추천),3.19,3.2,0.01,18,97.6,0,19,10.8,2,31.1,3.0,0
2023111600,040424-3498458,std_2023111600@dongguk.edu,학생_1600,공과대학,기계로봇에너지공학과,3,M,교과위주(학교장추천),2.3,3.91,1.58,12,73.0,2,7,3.7,1,66.8,,1
2023111601,040217-4498494,std_2023111601@dongguk.edu,학생_1601,경영대학,회계학과,3,F,수능위주(정시),1.0,2.51,1.59,12,80.4,2,4,7.4,1,66.7,,1
2024111602,050421-3446743,std_2024111602@dongguk.edu,학생_1602,사범대학,수학교육과,2,M,교과위주(학교장추천),2.38,2.81,0.42,18,93.3,0,19,28.8,4,40.4,1.0,0
2022111603,030511-4555438,std_2022111603@dongguk.edu,학생_1603,문과대학,사학과,4,F,논술위주,2.6,2.83,0.23,18,99.1,0,21,16.3,2,19.1,2.0,0
2024111604,050907-3383655,std_2024111604@dongguk.edu,학생_1604,공과대학,전자전기공학부,2,M,학생부종합(DoDream),3.75,3.66,-0.09,18,93.6,0,20,35.3,5,15.1,1.0,0
2023111605,040323-4906418,std_2023111605@dongguk.edu,학생_1605,문과대학,사학과,3,F,학생부종합(DoDream),3.88,3.73,-0.15,18,92.5,0,12,13.7,2,26.8,,0
2022111606,030518-3384024,std_2022111606@dongguk.edu,학생_1606,문과대학,국어국문학과,4,M,교과위주(학교장추천),4.28,3.99,-0.29,18,91.8,0,22,42.4,6,48.2,2.0,0
2023111607,040923-4224945,std_2023111607@dongguk.edu,학생_1607,공과대학,기계로봇에너지공학과,3,F,학생부종합(DoDream),4.4,4.3,-0.28,18,91.5,0,19,28.3,4,28.2,0.0,0
2022111608,030725-3514031,std_2022111608@dongguk.edu,학생_1608,공과대학,전자전기공학부,4,M,논술위주,3.64,3.63,-0.01,15,87.0,1,23,5.0,1,38.4,,0
2023111609,040215-4646947,std_2023111609@dongguk.edu,학생_1609,문과대학,영어영문학전공,3,F,학생부종합(DoDream),3.77,3.8,0.03,18,87.2,0,23,21.9,3,24.6,0.0,0
2023111610,041217-3886927,std_2023111610@dongguk.edu,학생_1610,문과대학,사학과,3,M,학생부종합(DoDream),1.31,3.07,1.76,15,72.9,1,6,0.0,0,70.1,0.0,1
2022111611,030611-4597656,std_2022111611@dongguk.edu,학생_1611,경영대학,경영정보학과,4,F,교과위주(학교장추천),4.39,4.23,-0.16,18,97.9,0,8,40.9,6,28.7,2.0,0
2023111612,040212-3412751,std_2023111612@dongguk.edu,학생_1612,바이오시스템대학,바이오환경과학과,3,M,논술위주,3.83,3.69,-0.14,18,97.8,0,16,38.4,5,52.1,3.0,0
2022111613,031217-4927908,std_2022111613@dongguk.edu,학생_1613,공과대학,기계로봇에너지공학과,4,F,교과위주(학교장추천),3.52,3.36,-0.16,15,94.7,1,16,19.3,3,21.0,1.0,0
2022111614,030723-3848210,std_2022111614@dongguk.edu,학생_1614,경영대학,회계학과,4,M,논술위주,2.87,2.8,-0.07,18,94.1,0,15,24.5,3,30.0,1.0,0
2021111615,021217-4700216,std_2021111615@dongguk.edu,학생_1615,공과대학,기계로봇에너지공학과,4,F,논술위주,2.2,2.12,0.27,15,100.0,1,15,9.3,1,24.6,2.0,0
2024111616,050906-3656945,std_2024111616@dongguk.edu,학생_1616,사범대학,교육학과,2,M,학생부종합(DoDream),3.15,2.81,-0.34,18,92.5,0,23,24.2,3,25.1,0.0,0
2021111617,020227-4523438,std_2021111617@dongguk.edu,학생_1617,경영대학,경영학과,4,F,논술위주,2.58,2.8,0.21,18,93.1,0,20,28.5,4,29.5,0.0,0
2022111618,030803-3284125,std_2022111618@dongguk.edu,학생_1618,경영대학,경영정보학과,4,M,논술위주,3.29,3.19,-0.1,18,90.3,0,20,13.8,2,16.4,1.0,0
2022111619,030726-4180922,std_2022111619@dongguk.edu,학생_1619,공과대학,전자전기공학부,4,F,수능위주(정시),4.13,3.92,-0.21,18,95.9,0,17,29.2,4,10.5,1.0,0
2023111620,041219-3195106,std_2023111620@dongguk.edu,학생_1620,바이오시스템대학,생명과학과,3,M,논술위주,2.88,2.9,0.02,18,98.5,0,21,21.0,3,52.4,3.0,0
2024111621,050605-4256673,std_2024111621@dongguk.edu,학생_1621,경영대학,회계학과,2,F,수능위주(정시),2.6,3.19,0.59,18,94.1,0,25,27.6,4,26.2,2.0,0
2023111622,041206-3559246,std_2023111622@dongguk.edu,학생_1622,문과대학,사학과,3,M,학생부종합(DoDream),2.52,2.74,0.23,18,90.8,0,17,23.5,3,25.3,0.0,0
2024111623,050827-4983065,std_2024111623@dongguk.edu,학생_1623,사범대학,국어교육과,2,F,논술위주,1.92,3.11,1.19,12,67.0,2,6,6.0,1,56.4,,1
2024111624,050821-3598488,std_2024111624@dongguk.edu,학생_1624,공과대학,전자전기공학부,2,M,학생부종합(DoDream),3.41,3.74,0.34,18,90.2,0,18,20.0,3,13.1,2.0,0
2024111625,050106-4155509,std_2024111625@dongguk.edu,학생_1625,경영대학,경영학과,2,F,학생부종합(DoDream),3.82,3.59,-0.23,18,95.3,0,15,24.6,4,30.1,0.0,0
2024111626,050618-3239667,std_2024111626@dongguk.edu,학생_1626,공과대학,컴퓨터인공지능전공,2,M,논술위주,1.93,3.65,1.71,12,63.2,2,9,5.9,1,56.8,0.0,1
2024111627,050812-4877092,std_2024111627@dongguk.edu,학생_1627,바이오시스템대학,생명과학과,2,F,수능위주(정시),3.25,3.38,0.13,18,92.3,0,19,19.2,3,10.0,3.0,0
2023111628,040409-3727606,std_2023111628@dongguk.edu,학생_1628,바이오시스템대학,바이오환경과학과,3,M,학생부종합(DoDream),3.58,3.21,-0.37,18,95.2,0,16,13.5,2,28.2,,0
2023111629,040811-4978727,std_2023111629@dongguk.edu,학생_1629,바이오시스템대학,식품생명공학과,3,F,논술위주,3.39,3.21,-0.18,18,91.6,0,19,25.7,4,20.3,1.0,0
2023111630,040624-3332796,std_2023111630@dongguk.edu,학생_1630,경영대학,회계학과,3,M,교과위주(학교장추천),3.24,3.31,0.08,18,93.8,0,12,11.5,2,28.2,1.0,0
2023111631,040408-4462416,std_2023111631@dongguk.edu,학생_1631,바이오시스템대학,생명과학과,3,F,학생부종합(DoDream),3.42,3.39,-0.03,18,95.5,0,15,19.4,3,28.9,0.0,0
2024111632,050508-3602600,std_2024111632@dongguk.edu,학생_1632,공과대학,컴퓨터인공지능전공,2,M,교과위주(학교장추천),4.4,4.3,-0.18,18,98.0,0,17,7.7,1,35.5,0.0,0
2024111633,050114-4964986,std_2024111633@dongguk.edu,학생_1633,공과대학,기계로봇에너지공학과,2,F,학생부종합(DoDream),3.2,2.94,-0.26,18,99.9,0,20,8.1,1,20.8,1.0,0
2023111634,040610-3989744,std_2023111634@dongguk.edu,학생_1634,공과대학,정보통신공학과,3,M,학생부종합(DoDream),3.97,4.3,0.33,18,93.3,0,14,27.6,4,40.2,2.0,0
2024111635,050307-4254226,std_2024111635@dongguk.edu,학생_1635,공과대학,정보통신공학과,2,F,논술위주,3.52,3.2,-0.32,18,92.6,0,11,22.6,3,33.5,1.0,0
2023111636,040613-3798734,std_2023111636@dongguk.edu,학생_1636,경영대학,경영학과,3,M,학생부종합(DoDream),3.16,3.39,0.23,18,93.5,0,23,23.6,3,23.8,2.0,0
2023111637,040716-4191607,std_2023111637@dongguk.edu,학생_1637,바이오시스템대학,생명과학과,3,F,학생부종합(DoDream),3.17,3.4,0.22,18,92.9,0,23,26.0,4,30.1,3.0,0
2022111638,030728-3312130,std_2022111638@dongguk.edu,학생_1638,바이오시스템대학,바이오환경과학과,4,M,교과위주(학교장추천),2.3,3.47,1.03,12,76.9,2,3,2.5,0,56.8,0.0,1
2022111639,030219-4857914,std_2022111639@dongguk.edu,학생_1639,공과대학,정보통신공학과,4,F,학생부종합(DoDream),3.7,4.11,0.4,18,94.0,0,19,19.0,3,36.3,2.0,0
2024111640,050412-3389915,std_2024111640@dongguk.edu,학생_1640,공과대학,컴퓨터인공지능전공,2,M,교과위주(학교장추천),1.65,2.66,1.01,9,79.3,3,1,5.0,1,69.7,0.0,1
2024111641,050706-4299394,std_2024111641@dongguk.edu,학생_1641,경영대학,경영학과,2,F,학생부종합(DoDream),2.2,2.27,0.5,18,92.2,0,23,24.9,4,36.3,0.0,0
2023111642,040210-3984336,std_2023111642@dongguk.edu,학생_1642,경영대학,회계학과,3,M,교과위주(학교장추천),3.94,3.6,-0.34,18,100.0,0,18,26.1,4,10.0,3.0,0
2021111643,020905-4960364,std_2021111643@dongguk.edu,학생_1643,사범대학,국어교육과,4,F,교과위주(학교장추천),3.32,3.02,-0.29,18,93.2,0,28,15.5,2,38.6,3.0,0
2023111644,040917-3743428,std_2023111644@dongguk.edu,학생_1644,경영대학,회계학과,3,M,논술위주,3.04,3.54,0.5,18,95.0,0,19,25.8,4,26.9,3.0,0
2021111645,020518-4536894,std_2021111645@dongguk.edu,학생_1645,사범대학,교육학과,4,F,수능위주(정시),3.66,3.59,-0.07,15,92.0,1,19,29.1,4,32.2,2.0,0
2023111646,040517-3250634,std_2023111646@dongguk.edu,학생_1646,사범대학,국어교육과,3,M,교과위주(학교장추천),2.98,2.99,0.01,18,90.5,0,28,36.7,5,41.2,0.0,0
2023111647,040403-4356632,std_2023111647@dongguk.edu,학생_1647,공과대학,전자전기공학부,3,F,학생부종합(DoDream),2.07,3.18,1.11,15,69.4,1,1,4.2,1,51.2,0.0,1
2022111648,031006-3722347,std_2022111648@dongguk.edu,학생_1648,공과대학,컴퓨터인공지능전공,4,M,학생부종합(DoDream),3.09,3.52,0.43,18,92.0,0,16,5.0,1,51.3,3.0,0
2024111649,051119-4702185,std_2024111649@dongguk.edu,학생_1649,공과대학,정보통신공학과,2,F,수능위주(정시),2.3,3.6,1.17,15,76.8,1,12,0.8,0,63.4,,1
2022111650,030614-3524829,std_2022111650@dongguk.edu,학생_1650,경영대학,경영정보학과,4,M,논술위주,3.26,3.47,0.21,18,93.9,0,17,33.3,5,43.6,1.0,0
2022111651,030205-4915185,std_2022111651@dongguk.edu,학생_1651,공과대학,컴퓨터인공지능전공,4,F,수능위주(정시),2.26,3.1,0.84,9,62.1,3,14,2.6,0,53.4,0.0,1
2024111652,051101-3614744,std_2024111652@dongguk.edu,학생_1652,바이오시스템대학,생명과학과,2,M,교과위주(학교장추천),3.1,3.13,0.04,18,99.4,0,25,38.0,5,41.5,0.0,0
2022111653,031013-4628508,std_2022111653@dongguk.edu,학생_1653,공과대학,전자전기공학부,4,F,학생부종합(DoDream),2.87,2.51,-0.35,18,98.0,0,25,30.9,4,36.5,1.0,0
2022111654,031011-3865588,std_2022111654@dongguk.edu,학생_1654,경영대학,경영학과,4,M,논술위주,3.75,3.47,-0.29,18,100.0,0,16,34.6,5,10.0,1.0,0
2023111655,040419-4235221,std_2023111655@dongguk.edu,학생_1655,문과대학,국어국문학과,3,F,학생부종합(DoDream),1.8,3.04,1.25,6,78.3,4,7,2.2,0,54.2,0.0,1
2023111656,040820-3811142,std_2023111656@dongguk.edu,학생_1656,문과대학,국어국문학과,3,M,수능위주(정시),2.2,2.31,0.35,18,95.7,0,12,14.5,2,29.0,1.0,0
2022111657,030825-4881801,std_2022111657@dongguk.edu,학생_1657,공과대학,전자전기공학부,4,F,학생부종합(DoDream),2.28,2.12,-0.16,18,94.8,0,21,21.1,3,23.0,,0
2024111658,050626-3267454,std_2024111658@dongguk.edu,학생_1658,공과대학,기계로봇에너지공학과,2,M,논술위주,2.62,3.09,0.47,18,86.7,0,17,6.7,1,35.6,,0
2022111659,030726-4827174,std_2022111659@dongguk.edu,학생_1659,공과대학,정보통신공학과,4,F,교과위주(학교장추천),2.62,2.86,0.23,18,90.8,0,18,36.3,5,33.0,1.0,0
2022111660,030721-3590055,std_2022111660@dongguk.edu,학생_1660,바이오시스템대학,바이오환경과학과,4,M,교과위주(학교장추천),2.72,2.59,-0.13,18,91.2,0,20,33.5,5,10.0,2.0,0
2024111661,051007-4868553,std_2024111661@dongguk.edu,학생_1661,공과대학,전자전기공학부,2,F,교과위주(학교장추천),2.74,2.41,-0.33,18,100.0,0,27,17.7,3,11.9,3.0,0
2024111662,051019-3766140,std_2024111662@dongguk.edu,학생_1662,사범대학,수학교육과,2,M,교과위주(학교장추천),1.2,2.0,0.8,12,70.6,2,6,4.1,1,53.2,0.0,1
2024111663,050124-4966158,std_2024111663@dongguk.edu,학생_1663,공과대학,기계로봇에너지공학과,2,F,수능위주(정시),2.3,4.12,0.86,12,80.0,2,3,3.6,1,49.1,0.0,1
2023111664,041004-3905235,std_2023111664@dongguk.edu,학생_1664,경영대학,경영학과,3,M,교과위주(학교장추천),3.64,3.58,-0.06,18,99.8,0,17,32.8,5,28.6,2.0,0
2022111665,031006-4867394,std_2022111665@dongguk.edu,학생_1665,바이오시스템대학,식품생명공학과,4,F,논술위주,3.02,2.99,-0.03,18,91.9,0,16,5.3,1,29.9,2.0,0
2024111666,050209-3585280,std_2024111666@dongguk.edu,학생_1666,공과대학,전자전기공학부,2,M,수능위주(정시),1.21,2.54,1.33,15,81.2,1,3,4.0,1,56.6,0.0,1
2021111667,021227-4464025,std_2021111667@dongguk.edu,학생_1667,문과대학,영어영문학전공,4,F,교과위주(학교장추천),2.23,3.2,0.97,9,74.1,3,9,5.5,1,70.5,0.0,1
2024111668,050826-3468969,std_2024111668@dongguk.edu,학생_1668,문과대학,영어영문학전공,2,M,논술위주,2.3,4.3,0.83,12,65.2,2,7,5.1,1,65.4,0.0,1
2024111669,050324-4768165,std_2024111669@dongguk.edu,학생_1669,바이오시스템대학,식품생명공학과,2,F,수능위주(정시),2.6,2.54,-0.06,18,93.9,0,18,35.9,5,17.3,0.0,0
2023111670,040422-3830270,std_2023111670@dongguk.edu,학생_1670,공과대학,전자전기공학부,3,M,교과위주(학교장추천),3.51,3.56,0.05,18,89.1,0,23,17.7,3,36.0,3.0,0
2021111671,020626-4849742,std_2021111671@dongguk.edu,학생_1671,문과대학,국어국문학과,4,F,교과위주(학교장추천),2.48,2.57,0.09,18,94.1,0,14,37.6,5,22.2,2.0,0
2023111672,040215-3221914,std_2023111672@dongguk.edu,학생_1672,바이오시스템대학,식품생명공학과,3,M,교과위주(학교장추천),3.75,3.88,0.13,18,94.7,0,27,36.9,5,42.7,0.0,0
2024111673,050814-4177564,std_2024111673@dongguk.edu,학생_1673,경영대학,경영정보학과,2,F,학생부종합(DoDream),3.71,3.74,0.03,18,98.9,0,20,16.5,2,51.7,1.0,0
2021111674,020613-3122716,std_2021111674@dongguk.edu,학생_1674,바이오시스템대학,식품생명공학과,4,M,수능위주(정시),2.22,3.87,1.65,9,74.3,3,1,4.1,1,70.0,,1
2023111675,040215-4670363,std_2023111675@dongguk.edu,학생_1675,문과대학,사학과,3,F,학생부종합(DoDream),3.71,3.4,-0.31,18,91.3,0,20,36.0,5,19.9,0.0,0
2023111676,041007-3944622,std_2023111676@dongguk.edu,학생_1676,공과대학,기계로봇에너지공학과,3,M,논술위주,3.15,2.95,-0.19,18,94.3,0,17,31.5,5,17.0,2.0,0
2023111677,040420-4357176,std_2023111677@dongguk.edu,학생_1677,공과대학,컴퓨터인공지능전공,3,F,논술위주,2.06,3.56,1.51,6,62.5,4,5,0.9,0,75.8,0.0,1
2022111678,030913-3257471,std_2022111678@dongguk.edu,학생_1678,문과대학,철학과,4,M,논술위주,2.93,2.82,-0.12,18,98.0,0,15,26.7,4,16.6,0.0,0
2022111679,030408-4832182,std_2022111679@dongguk.edu,학생_1679,공과대학,전자전기공학부,4,F,수능위주(정시),2.81,2.85,0.04,18,90.0,0,22,11.6,2,29.6,0.0,0
2023111680,040906-3901620,std_2023111680@dongguk.edu,학생_1680,사범대학,교육학과,3,M,교과위주(학교장추천),2.31,2.18,-0.13,18,96.6,0,12,18.3,3,26.8,3.0,0
2023111681,040427-4847111,std_2023111681@dongguk.edu,학생_1681,바이오시스템대학,생명과학과,3,F,논술위주,3.26,3.41,0.15,18,89.0,0,23,14.2,2,35.0,1.0,0
2023111682,040826-3196574,std_2023111682@dongguk.edu,학생_1682,공과대학,컴퓨터인공지능전공,3,M,교과위주(학교장추천),3.15,2.76,-0.4,18,89.6,0,21,9.6,1,33.3,3.0,0
2024111683,050126-4402516,std_2024111683@dongguk.edu,학생_1683,문과대학,철학과,2,F,수능위주(정시),3.74,3.24,-0.5,18,91.4,0,22,12.6,2,28.2,3.0,0
2023111684,041101-3313268,std_2023111684@dongguk.edu,학생_1684,공과대학,컴퓨터인공지능전공,3,M,교과위주(학교장추천),2.01,3.68,1.67,9,74.8,3,4,8.9,1,60.8,1.0,1
2024111685,050620-4514203,std_2024111685@dongguk.edu,학생_1685,경영대학,경영학과,2,F,학생부종합(DoDream),3.81,4.08,0.27,18,92.9,0,21,22.9,3,23.5,3.0,0
2023111686,040115-3934647,std_2023111686@dongguk.edu,학생_1686,바이오시스템대학,생명과학과,3,M,수능위주(정시),3.41,3.16,-0.25,18,97.6,0,21,28.1,4,47.1,3.0,0
2024111687,050523-4686694,std_2024111687@dongguk.edu,학생_1687,공과대학,기계로봇에너지공학과,2,F,논술위주,2.3,3.66,1.09,9,69.3,3,1,5.3,1,47.3,,1
2023111688,040728-3714564,std_2023111688@dongguk.edu,학생_1688,경영대학,경영학과,3,M,수능위주(정시),2.61,2.88,0.27,15,100.0,1,20,29.2,4,38.0,3.0,0
2024111689,051207-4492507,std_2024111689@dongguk.edu,학생_1689,문과대학,사학과,2,F,수능위주(정시),2.53,3.07,0.54,18,89.8,0,22,31.6,5,30.0,1.0,0
2023111690,040214-3995934,std_2023111690@dongguk.edu,학생_1690,문과대학,사학과,3,M,논술위주,3.13,3.84,0.7,18,89.0,0,20,34.2,5,19.8,2.0,0
2023111691,040814-4970148,std_2023111691@dongguk.edu,학생_1691,공과대학,전자전기공학부,3,F,학생부종합(DoDream),3.08,3.48,0.4,18,93.1,0,16,19.8,3,32.5,0.0,0
2023111692,041204-3575966,std_2023111692@dongguk.edu,학생_1692,경영대학,경영정보학과,3,M,교과위주(학교장추천),2.98,3.08,0.09,18,99.2,0,27,16.3,2,30.4,3.0,0
2023111693,040205-4418783,std_2023111693@dongguk.edu,학생_1693,공과대학,컴퓨터인공지능전공,3,F,학생부종합(DoDream),3.11,2.73,-0.37,18,89.0,0,19,15.7,2,30.0,1.0,0
2023111694,040527-3177622,std_2023111694@dongguk.edu,학생_1694,바이오시스템대학,바이오환경과학과,3,M,수능위주(정시),1.34,3.11,1.77,15,76.2,1,7,5.0,1,59.0,0.0,1
2024111695,050811-4966671,std_2024111695@dongguk.edu,학생_1695,문과대학,사학과,2,F,학생부종합(DoDream),2.85,2.66,-0.19,18,85.7,0,19,40.6,6,26.7,0.0,0
2022111696,030804-3512774,std_2022111696@dongguk.edu,학생_1696,문과대학,사학과,4,M,학생부종합(DoDream),2.2,2.55,0.38,18,94.7,0,21,23.4,3,28.3,2.0,0
2024111697,051226-4676993,std_2024111697@dongguk.edu,학생_1697,바이오시스템대학,생명과학과,2,F,수능위주(정시),2.63,2.76,0.13,18,89.9,0,16,27.5,4,46.1,0.0,0
2022111698,031012-3414710,std_2022111698@dongguk.edu,학생_1698,공과대학,컴퓨터인공지능전공,4,M,학생부종합(DoDream),3.84,3.83,-0.01,18,100.0,0,13,36.4,5,28.5,0.0,0
2023111699,041006-4660610,std_2023111699@dongguk.edu,학생_1699,바이오시스템대학,바이오환경과학과,3,F,교과위주(학교장추천),2.95,2.89,-0.06,18,91.8,0,22,20.5,3,35.3,3.0,0
2022111700,030324-3134487,std_2022111700@dongguk.edu,학생_1700,바이오시스템대학,바이오환경과학과,4,M,교과위주(학교장추천),3.42,3.77,0.35,18,96.3,0,19,18.0,3,18.1,2.0,0
2024111701,051210-4886750,std_2024111701@dongguk.edu,학생_1701,공과대학,정보통신공학과,2,F,논술위주,2.3,3.61,1.03,6,75.9,4,7,3.5,1,54.3,,1
2021111702,020223-3642632,std_2021111702@dongguk.edu,학생_1702,사범대학,교육학과,4,M,논술위주,2.7,2.93,0.23,18,92.0,0,14,27.6,4,38.3,3.0,0
2022111703,030301-4471559,std_2022111703@dongguk.edu,학생_1703,공과대학,정보통신공학과,4,F,교과위주(학교장추천),4.4,4.3,-0.4,18,86.9,0,19,20.1,3,34.0,,0
2023111704,041228-3771514,std_2023111704@dongguk.edu,학생_1704,공과대학,기계로봇에너지공학과,3,M,논술위주,3.8,3.29,-0.51,18,97.1,0,24,27.4,4,12.0,3.0,0
2024111705,050826-4459696,std_2024111705@dongguk.edu,학생_1705,공과대학,기계로봇에너지공학과,2,F,학생부종합(DoDream),3.15,3.1,-0.06,18,94.7,0,19,13.7,2,30.2,2.0,0
2021111706,020825-3445629,std_2021111706@dongguk.edu,학생_1706,공과대학,컴퓨터인공지능전공,4,M,교과위주(학교장추천),1.82,2.72,0.9,6,61.1,4,4,0.9,0,39.5,1.0,1
2021111707,021211-4487081,std_2021111707@dongguk.edu,학생_1707,공과대학,정보통신공학과,4,F,학생부종합(DoDream),3.77,3.33,-0.45,18,88.7,0,18,19.1,3,45.7,3.0,0
2021111708,020612-3159328,std_2021111708@dongguk.edu,학생_1708,사범대학,국어교육과,4,M,수능위주(정시),3.8,3.69,-0.1,18,99.4,0,25,9.4,1,53.1,0.0,0
2023111709,040423-4955820,std_2023111709@dongguk.edu,학생_1709,공과대학,컴퓨터인공지능전공,3,F,논술위주,3.07,2.91,-0.16,18,87.8,0,23,10.1,1,44.5,1.0,0
2023111710,040309-3960210,std_2023111710@dongguk.edu,학생_1710,사범대학,수학교육과,3,M,논술위주,3.04,2.88,-0.16,18,97.8,0,19,38.9,6,27.7,1.0,0
2023111711,040621-4694225,std_2023111711@dongguk.edu,학생_1711,경영대학,회계학과,3,F,수능위주(정시),2.71,2.89,0.18,18,95.6,0,15,37.7,5,17.3,2.0,0
2022111712,030415-3171634,std_2022111712@dongguk.edu,학생_1712,경영대학,경영학과,4,M,수능위주(정시),3.2,3.13,-0.07,18,90.3,0,19,5.0,1,37.7,2.0,0
2024111713,050501-4470432,std_2024111713@dongguk.edu,학생_1713,문과대학,철학과,2,F,교과위주(학교장추천),2.2,1.78,0.24,18,93.7,0,18,24.1,3,25.9,1.0,0
2022111714,030824-3198163,std_2022111714@dongguk.edu,학생_1714,문과대학,국어국문학과,4,M,학생부종합(DoDream),4.03,3.73,-0.3,18,99.5,0,24,13.6,2,18.7,0.0,0
2024111715,051204-4403553,std_2024111715@dongguk.edu,학생_1715,사범대학,국어교육과,2,F,학생부종합(DoDream),2.6,2.88,0.28,18,96.2,0,17,31.9,5,24.4,0.0,0
2023111716,040910-3342717,std_2023111716@dongguk.edu,학생_1716,경영대학,경영정보학과,3,M,논술위주,4.16,3.99,-0.17,15,94.4,1,19,18.4,3,32.5,0.0,0
2024111717,051118-4789415,std_2024111717@dongguk.edu,학생_1717,공과대학,기계로봇에너지공학과,2,F,수능위주(정시),2.73,2.81,0.09,15,99.0,1,23,24.8,4,36.8,0.0,0
2023111718,040728-3458327,std_2023111718@dongguk.edu,학생_1718,사범대학,수학교육과,3,M,논술위주,2.44,2.41,-0.03,18,90.3,0,19,16.8,2,22.5,1.0,0
2022111719,030414-4554346,std_2022111719@dongguk.edu,학생_1719,문과대학,영어영문학전공,4,F,학생부종합(DoDream),3.2,3.2,-0.0,18,94.5,0,19,7.1,1,35.7,2.0,0
2022111720,030818-3669865,std_2022111720@dongguk.edu,학생_1720,문과대학,국어국문학과,4,M,교과위주(학교장추천),1.56,2.5,0.95,15,73.6,1,7,0.0,0,74.5,1.0,1
2024111721,050826-4890855,std_2024111721@dongguk.edu,학생_1721,바이오시스템대학,식품생명공학과,2,F,논술위주,3.61,3.82,0.21,18,89.4,0,15,38.1,5,22.9,3.0,0
2023111722,040124-3137473,std_2023111722@dongguk.edu,학생_1722,공과대학,기계로봇에너지공학과,3,M,교과위주(학교장추천),1.6,3.19,1.59,15,75.5,1,5,0.0,0,69.7,0.0,1
2022111723,030208-4239262,std_2022111723@dongguk.edu,학생_1723,공과대학,전자전기공학부,4,F,논술위주,1.73,3.31,1.58,9,73.2,3,2,9.8,1,70.8,1.0,1
2023111724,040624-3807502,std_2023111724@dongguk.edu,학생_1724,공과대학,정보통신공학과,3,M,논술위주,3.29,3.31,0.02,18,93.7,0,15,5.0,1,27.6,3.0,0
2021111725,020413-4375899,std_2021111725@dongguk.edu,학생_1725,바이오시스템대학,바이오환경과학과,4,F,논술위주,3.87,4.06,0.19,18,92.2,0,27,33.1,5,34.4,3.0,0
2023111726,040922-3155546,std_2023111726@dongguk.edu,학생_1726,경영대학,회계학과,3,M,학생부종합(DoDream),3.8,3.63,-0.17,18,96.0,0,20,29.3,4,36.4,2.0,0
2022111727,030115-4712852,std_2022111727@dongguk.edu,학생_1727,바이오시스템대학,바이오환경과학과,4,F,논술위주,1.4,3.02,1.62,15,76.0,1,1,3.9,1,69.8,0.0,1
2021111728,020920-3623175,std_2021111728@dongguk.edu,학생_1728,공과대학,전자전기공학부,4,M,수능위주(정시),2.75,2.48,-0.27,18,94.1,0,19,31.0,4,33.0,3.0,0
2023111729,040120-4603390,std_2023111729@dongguk.edu,학생_1729,공과대학,컴퓨터인공지능전공,3,F,학생부종합(DoDream),1.35,3.03,1.67,15,73.7,1,3,0.0,0,58.8,1.0,1
2021111730,021215-3479616,std_2021111730@dongguk.edu,학생_1730,공과대학,정보통신공학과,4,M,교과위주(학교장추천),3.4,3.39,-0.01,18,97.1,0,23,20.0,3,47.5,1.0,0
2023111731,040222-4452785,std_2023111731@dongguk.edu,학생_1731,문과대학,국어국문학과,3,F,수능위주(정시),3.24,3.65,0.41,18,90.2,0,21,21.3,3,32.0,3.0,0
2022111732,030523-3454482,std_2022111732@dongguk.edu,학생_1732,문과대학,영어영문학전공,4,M,교과위주(학교장추천),3.18,3.47,0.29,18,97.8,0,16,39.2,6,24.2,0.0,0
2022111733,030106-4495121,std_2022111733@dongguk.edu,학생_1733,문과대학,사학과,4,F,논술위주,3.35,3.06,-0.29,18,93.7,0,20,30.6,4,35.2,2.0,0
2024111734,050706-3236164,std_2024111734@dongguk.edu,학생_1734,공과대학,컴퓨터인공지능전공,2,M,수능위주(정시),4.17,3.82,-0.36,18,89.8,0,20,44.0,6,45.1,1.0,0
2024111735,051115-4189771,std_2024111735@dongguk.edu,학생_1735,공과대학,컴퓨터인공지능전공,2,F,논술위주,3.16,2.91,-0.25,18,92.0,0,26,21.4,3,28.4,0.0,0
2023111736,041119-3110237,std_2023111736@dongguk.edu,학생_1736,사범대학,국어교육과,3,M,학생부종합(DoDream),2.86,2.96,0.1,18,96.6,0,20,28.5,4,54.8,2.0,0
2023111737,041001-4959629,std_2023111737@dongguk.edu,학생_1737,공과대학,정보통신공학과,3,F,논술위주,3.02,3.42,0.4,18,99.4,0,28,14.7,2,36.7,3.0,0
2023111738,040401-3609189,std_2023111738@dongguk.edu,학생_1738,바이오시스템대학,생명과학과,3,M,수능위주(정시),3.31,3.4,0.08,18,89.4,0,18,38.1,5,34.6,2.0,0
2023111739,040521-4799684,std_2023111739@dongguk.edu,학생_1739,바이오시스템대학,식품생명공학과,3,F,교과위주(학교장추천),3.52,3.49,-0.03,18,88.8,0,25,24.8,4,19.3,3.0,0
2024111740,050628-3666347,std_2024111740@dongguk.edu,학생_1740,경영대학,경영정보학과,2,M,교과위주(학교장추천),3.52,3.73,0.21,18,82.0,0,19,20.0,3,40.9,,0
2023111741,040920-4431402,std_2023111741@dongguk.edu,학생_1741,공과대학,기계로봇에너지공학과,3,F,논술위주,2.94,3.08,0.14,18,94.1,0,19,30.9,4,42.1,2.0,0
2024111742,050821-3292789,std_2024111742@dongguk.edu,학생_1742,공과대학,정보통신공학과,2,M,학생부종합(DoDream),3.47,3.38,-0.09,18,99.4,0,15,9.0,1,15.6,2.0,0
2022111743,030825-4359113,std_2022111743@dongguk.edu,학생_1743,공과대학,컴퓨터인공지능전공,4,F,학생부종합(DoDream),3.14,2.96,-0.18,18,100.0,0,19,24.8,4,13.7,0.0,0
2024111744,050509-3409930,std_2024111744@dongguk.edu,학생_1744,경영대학,경영정보학과,2,M,교과위주(학교장추천),1.01,2.14,1.13,12,72.5,2,3,0.0,0,53.9,,1
2022111745,031116-4838577,std_2022111745@dongguk.edu,학생_1745,사범대학,수학교육과,4,F,수능위주(정시),2.9,2.86,-0.04,18,93.0,0,19,34.7,5,24.2,0.0,0
2022111746,030617-3243291,std_2022111746@dongguk.edu,학생_1746,공과대학,정보통신공학과,4,M,교과위주(학교장추천),3.22,2.81,-0.42,15,90.2,1,21,23.0,3,39.2,1.0,0
2022111747,030125-4556972,std_2022111747@dongguk.edu,학생_1747,사범대학,교육학과,4,F,교과위주(학교장추천),4.13,3.7,-0.43,18,93.2,0,27,5.0,1,29.5,2.0,0
2024111748,051003-3100910,std_2024111748@dongguk.edu,학생_1748,문과대학,사학과,2,M,수능위주(정시),2.64,2.43,-0.21,18,91.7,0,27,33.9,5,41.9,0.0,0
2023111749,040714-4747882,std_2023111749@dongguk.edu,학생_1749,문과대학,사학과,3,F,수능위주(정시),1.6,3.0,1.4,9,62.3,3,4,2.7,0,65.2,1.0,1
2021111750,020819-3539436,std_2021111750@dongguk.edu,학생_1750,바이오시스템대학,생명과학과,4,M,학생부종합(DoDream),2.81,3.09,0.28,18,91.4,0,20,37.4,5,21.5,3.0,0
2021111751,020311-4614154,std_2021111751@dongguk.edu,학생_1751,경영대학,경영정보학과,4,F,논술위주,2.3,3.23,0.88,12,72.2,2,5,3.8,1,63.0,1.0,1
2024111752,051220-3995005,std_2024111752@dongguk.edu,학생_1752,공과대학,컴퓨터인공지능전공,2,M,수능위주(정시),1.0,2.27,1.48,15,77.3,1,2,7.1,1,61.1,1.0,1
2022111753,030824-4738979,std_2022111753@dongguk.edu,학생_1753,문과대학,영어영문학전공,4,F,논술위주,2.3,3.92,0.92,12,60.1,2,4,5.6,1,64.4,,1
2023111754,040513-3637032,std_2023111754@dongguk.edu,학생_1754,공과대학,전자전기공학부,3,M,논술위주,3.98,3.78,-0.2,18,95.6,0,17,9.3,1,31.8,0.0,0
2024111755,050709-4533762,std_2024111755@dongguk.edu,학생_1755,공과대학,정보통신공학과,2,F,논술위주,2.3,3.64,1.08,12,68.1,2,7,0.8,0,60.3,,1
2022111756,031126-3677801,std_2022111756@dongguk.edu,학생_1756,문과대학,영어영문학전공,4,M,학생부종합(DoDream),3.18,3.22,0.04,18,89.8,0,21,32.0,5,31.6,2.0,0
2023111757,041003-4151376,std_2023111757@dongguk.edu,학생_1757,공과대학,기계로봇에너지공학과,3,F,교과위주(학교장추천),3.89,3.93,0.04,18,92.4,0,18,17.2,2,32.0,0.0,0
2021111758,020614-3517000,std_2021111758@dongguk.edu,학생_1758,문과대학,영어영문학전공,4,M,수능위주(정시),2.8,2.9,0.1,15,98.2,1,17,20.4,3,45.4,3.0,0
2021111759,020108-4330964,std_2021111759@dongguk.edu,학생_1759,사범대학,국어교육과,4,F,논술위주,3.67,3.81,0.14,15,94.9,1,21,32.5,5,20.4,0.0,0
2023111760,040227-3988215,std_2023111760@dongguk.edu,학생_1760,공과대학,기계로봇에너지공학과,3,M,교과위주(학교장추천),1.66,2.65,0.99,12,71.5,2,6,1.5,0,60.9,1.0,1
2023111761,041024-4439972,std_2023111761@dongguk.edu,학생_1761,사범대학,교육학과,3,F,교과위주(학교장추천),2.98,3.05,0.08,18,97.7,0,17,22.4,3,33.8,3.0,0
2024111762,050216-3530158,std_2024111762@dongguk.edu,학생_1762,사범대학,교육학과,2,M,학생부종합(DoDream),2.2,2.44,0.26,18,90.7,0,15,24.7,4,19.8,1.0,0
2022111763,030618-4545637,std_2022111763@dongguk.edu,학생_1763,공과대학,기계로봇에너지공학과,4,F,학생부종합(DoDream),3.03,2.9,-0.13,18,96.3,0,15,11.9,2,28.5,1.0,0
2024111764,050813-3380242,std_2024111764@dongguk.edu,학생_1764,문과대학,철학과,2,M,교과위주(학교장추천),2.87,2.52,-0.36,18,100.0,0,17,28.8,4,32.8,0.0,0
2023111765,040715-4296211,std_2023111765@dongguk.edu,학생_1765,경영대학,회계학과,3,F,학생부종합(DoDream),3.15,2.86,-0.29,18,98.4,0,22,29.6,4,33.1,1.0,0
2023111766,041001-3733879,std_2023111766@dongguk.edu,학생_1766,바이오시스템대학,식품생명공학과,3,M,논술위주,3.5,3.76,0.25,18,96.0,0,25,5.0,1,24.3,,0
2021111767,020404-4688820,std_2021111767@dongguk.edu,학생_1767,경영대학,경영정보학과,4,F,학생부종합(DoDream),2.85,2.81,-0.04,18,96.8,0,21,27.2,4,47.6,2.0,0
2022111768,030721-3787027,std_2022111768@dongguk.edu,학생_1768,경영대학,회계학과,4,M,교과위주(학교장추천),3.4,3.21,-0.19,18,92.1,0,16,23.7,3,36.6,3.0,0
2024111769,051116-4380476,std_2024111769@dongguk.edu,학생_1769,문과대학,국어국문학과,2,F,교과위주(학교장추천),4.38,4.1,-0.28,18,87.2,0,17,17.0,2,18.0,2.0,0
2022111770,030326-3731263,std_2022111770@dongguk.edu,학생_1770,공과대학,전자전기공학부,4,M,교과위주(학교장추천),3.46,3.33,-0.13,18,96.8,0,20,20.1,3,24.5,0.0,0
2023111771,040526-4471483,std_2023111771@dongguk.edu,학생_1771,바이오시스템대학,바이오환경과학과,3,F,교과위주(학교장추천),2.75,2.56,-0.19,18,97.4,0,20,25.1,4,24.3,,0
2022111772,030624-3455620,std_2022111772@dongguk.edu,학생_1772,공과대학,기계로봇에너지공학과,4,M,수능위주(정시),3.01,3.17,0.17,18,88.5,0,20,17.5,3,30.3,1.0,0
2024111773,050614-4967427,std_2024111773@dongguk.edu,학생_1773,경영대학,경영정보학과,2,F,학생부종합(DoDream),3.08,3.02,-0.06,18,90.2,0,14,20.3,3,14.0,2.0,0
2021111774,020203-3385537,std_2021111774@dongguk.edu,학생_1774,문과대학,사학과,4,M,교과위주(학교장추천),3.66,3.67,0.01,18,97.3,0,21,5.0,1,49.4,3.0,0
2021111775,020710-4851689,std_2021111775@dongguk.edu,학생_1775,문과대학,영어영문학전공,4,F,교과위주(학교장추천),3.11,3.25,0.14,18,92.5,0,15,30.2,4,23.0,3.0,0
2023111776,040602-3606900,std_2023111776@dongguk.edu,학생_1776,문과대학,영어영문학전공,3,M,학생부종합(DoDream),3.56,3.55,-0.0,18,88.7,0,19,30.1,4,25.0,1.0,0
2022111777,031019-4962737,std_2022111777@dongguk.edu,학생_1777,바이오시스템대학,바이오환경과학과,4,F,교과위주(학교장추천),3.7,3.45,-0.25,18,95.8,0,21,23.5,3,28.2,1.0,0
2022111778,031206-3208464,std_2022111778@dongguk.edu,학생_1778,공과대학,컴퓨터인공지능전공,4,M,학생부종합(DoDream),3.73,3.88,0.15,18,95.3,0,21,15.4,2,33.2,1.0,0
2023111779,040301-4427370,std_2023111779@dongguk.edu,학생_1779,문과대학,국어국문학과,3,F,학생부종합(DoDream),2.3,3.76,1.42,12,77.7,2,5,6.5,1,71.2,0.0,1
2023111780,040903-3596605,std_2023111780@dongguk.edu,학생_1780,공과대학,정보통신공학과,3,M,학생부종합(DoDream),3.31,3.17,-0.13,18,96.9,0,20,12.2,2,32.7,2.0,0
2024111781,051108-4918769,std_2024111781@dongguk.edu,학생_1781,공과대학,전자전기공학부,2,F,교과위주(학교장추천),3.81,3.52,-0.29,18,89.3,0,25,22.7,3,30.0,3.0,0
2024111782,050314-3795429,std_2024111782@dongguk.edu,학생_1782,바이오시스템대학,식품생명공학과,2,M,교과위주(학교장추천),4.27,3.97,-0.29,18,92.5,0,26,17.2,2,41.7,3.0,0
2023111783,041213-4534076,std_2023111783@dongguk.edu,학생_1783,바이오시스템대학,생명과학과,3,F,학생부종합(DoDream),3.49,3.38,-0.1,18,87.2,0,20,17.5,2,35.8,0.0,0
2023111784,041015-3278264,std_2023111784@dongguk.edu,학생_1784,문과대학,사학과,3,M,논술위주,2.2,2.14,0.67,18,90.1,0,14,29.0,4,23.9,2.0,0
2023111785,040824-4127122,std_2023111785@dongguk.edu,학생_1785,공과대학,기계로봇에너지공학과,3,F,수능위주(정시),2.5,2.71,0.22,18,95.3,0,18,35.2,5,33.4,,0
2024111786,050412-3290128,std_2024111786@dongguk.edu,학생_1786,문과대학,영어영문학전공,2,M,수능위주(정시),3.16,3.1,-0.06,18,91.9,0,21,15.0,2,28.2,1.0,0
2022111787,030214-4191006,std_2022111787@dongguk.edu,학생_1787,문과대학,사학과,4,F,수능위주(정시),3.02,2.97,-0.05,15,92.8,1,23,23.1,3,25.5,3.0,0
2023111788,041017-3214952,std_2023111788@dongguk.edu,학생_1788,사범대학,교육학과,3,M,교과위주(학교장추천),3.3,3.27,-0.03,18,96.2,0,22,16.3,2,21.2,1.0,0
2023111789,040703-4176687,std_2023111789@dongguk.edu,학생_1789,경영대학,경영정보학과,3,F,수능위주(정시),1.54,2.38,0.84,6,81.7,4,5,7.1,1,70.9,1.0,1
2024111790,050724-3812724,std_2024111790@dongguk.edu,학생_1790,문과대학,사학과,2,M,논술위주,3.07,2.93,-0.14,18,98.9,0,20,31.5,5,53.2,3.0,0
2024111791,050808-4824443,std_2024111791@dongguk.edu,학생_1791,사범대학,교육학과,2,F,교과위주(학교장추천),2.52,2.55,0.03,18,100.0,0,24,20.3,3,15.3,,0
2021111792,020909-3460201,std_2021111792@dongguk.edu,학생_1792,문과대학,철학과,4,M,수능위주(정시),2.4,2.56,0.16,18,90.1,0,22,26.6,4,27.6,2.0,0
2024111793,050912-4514194,std_2024111793@dongguk.edu,학생_1793,바이오시스템대학,식품생명공학과,2,F,논술위주,2.95,3.04,0.09,18,94.3,0,20,28.5,4,21.8,1.0,0
2023111794,041109-3182435,std_2023111794@dongguk.edu,학생_1794,공과대학,전자전기공학부,3,M,수능위주(정시),2.95,3.0,0.05,18,93.6,0,20,18.3,3,23.0,0.0,0
2022111795,030823-4518764,std_2022111795@dongguk.edu,학생_1795,바이오시스템대학,바이오환경과학과,4,F,학생부종합(DoDream),3.68,3.54,-0.14,18,100.0,0,20,29.4,4,28.7,2.0,0
2023111796,040402-3603994,std_2023111796@dongguk.edu,학생_1796,바이오시스템대학,생명과학과,3,M,학생부종합(DoDream),2.89,2.81,-0.08,18,89.2,0,21,24.3,3,25.5,2.0,0
2022111797,030207-4662514,std_2022111797@dongguk.edu,학생_1797,공과대학,컴퓨터인공지능전공,4,F,수능위주(정시),3.19,3.39,0.2,18,91.9,0,18,16.3,2,32.1,3.0,0
2023111798,040503-3674083,std_2023111798@dongguk.edu,학생_1798,사범대학,교육학과,3,M,논술위주,3.26,3.25,-0.01,18,87.8,0,15,38.5,6,25.7,0.0,0
2022111799,030901-4765236,std_2022111799@dongguk.edu,학생_1799,공과대학,컴퓨터인공지능전공,4,F,논술위주,2.68,2.5,-0.18,18,86.0,0,22,11.9,2,27.9,1.0,0
2023111800,041212-3239344,std_2023111800@dongguk.edu,학생_1800,공과대학,컴퓨터인공지능전공,3,M,학생부종합(DoDream),2.21,3.53,1.31,15,73.5,1,9,3.8,1,65.9,,1
2022111801,030926-4599257,std_2022111801@dongguk.edu,학생_1801,문과대학,국어국문학과,4,F,수능위주(정시),3.15,3.31,0.15,18,94.3,0,18,33.3,5,33.6,3.0,0
2023111802,040228-3797671,std_2023111802@dongguk.edu,학생_1802,문과대학,영어영문학전공,3,M,수능위주(정시),3.19,3.26,0.07,18,96.7,0,20,12.1,2,45.4,2.0,0
2024111803,050610-4952035,std_2024111803@dongguk.edu,학생_1803,경영대학,회계학과,2,F,논술위주,1.03,2.28,1.25,9,70.0,3,6,4.6,1,48.5,,1
2024111804,050621-3822633,std_2024111804@dongguk.edu,학생_1804,공과대학,기계로봇에너지공학과,2,M,학생부종합(DoDream),3.22,3.35,0.13,18,94.0,0,17,21.2,3,41.2,1.0,0
2021111805,020922-4115860,std_2021111805@dongguk.edu,학생_1805,공과대학,전자전기공학부,4,F,논술위주,3.19,3.17,-0.02,18,91.3,0,26,16.6,2,30.6,3.0,0
2024111806,050102-3988339,std_2024111806@dongguk.edu,학생_1806,경영대학,경영학과,2,M,수능위주(정시),4.24,4.06,-0.17,18,94.3,0,13,14.0,2,30.0,3.0,0
2022111807,030125-4900542,std_2022111807@dongguk.edu,학생_1807,경영대학,회계학과,4,F,학생부종합(DoDream),3.67,3.58,-0.09,15,91.0,1,11,23.4,3,28.3,1.0,0
2021111808,020705-3642906,std_2021111808@dongguk.edu,학생_1808,공과대학,기계로봇에너지공학과,4,M,수능위주(정시),3.24,3.4,0.16,18,96.6,0,19,18.9,3,30.0,3.0,0
2023111809,040405-4473516,std_2023111809@dongguk.edu,학생_1809,공과대학,컴퓨터인공지능전공,3,F,수능위주(정시),2.91,3.19,0.29,18,95.5,0,22,18.3,3,36.7,3.0,0
2023111810,041020-3866109,std_2023111810@dongguk.edu,학생_1810,공과대학,정보통신공학과,3,M,교과위주(학교장추천),2.94,3.25,0.3,18,91.6,0,24,33.2,5,27.5,0.0,0
2023111811,040222-4366855,std_2023111811@dongguk.edu,학생_1811,사범대학,국어교육과,3,F,학생부종합(DoDream),2.97,3.14,0.17,18,97.0,0,20,36.9,5,33.0,,0
2023111812,040515-3209528,std_2023111812@dongguk.edu,학생_1812,바이오시스템대학,식품생명공학과,3,M,교과위주(학교장추천),3.39,3.19,-0.21,18,91.7,0,26,43.2,6,33.3,2.0,0
2024111813,051119-4568821,std_2024111813@dongguk.edu,학생_1813,공과대학,기계로봇에너지공학과,2,F,교과위주(학교장추천),3.79,3.44,-0.35,18,94.4,0,18,41.5,6,27.3,3.0,0
2024111814,050907-3918281,std_2024111814@dongguk.edu,학생_1814,공과대학,컴퓨터인공지능전공,2,M,수능위주(정시),2.2,2.77,0.65,18,99.3,0,21,22.4,3,22.3,1.0,0
2022111815,031006-4306463,std_2022111815@dongguk.edu,학생_1815,경영대학,경영학과,4,F,교과위주(학교장추천),2.81,2.94,0.13,18,99.5,0,13,12.8,2,26.7,3.0,0
2021111816,020828-3494997,std_2021111816@dongguk.edu,학생_1816,사범대학,교육학과,4,M,수능위주(정시),3.58,3.62,0.04,18,89.6,0,16,5.0,1,13.4,2.0,0
2022111817,030718-4156925,std_2022111817@dongguk.edu,학생_1817,공과대학,정보통신공학과,4,F,수능위주(정시),2.04,3.18,1.14,9,59.9,3,8,3.8,1,73.8,1.0,1
2023111818,040220-3618354,std_2023111818@dongguk.edu,학생_1818,공과대학,기계로봇에너지공학과,3,M,수능위주(정시),2.01,3.58,1.57,15,77.1,1,6,8.2,1,81.9,1.0,1
2023111819,041227-4778138,std_2023111819@dongguk.edu,학생_1819,공과대학,기계로봇에너지공학과,3,F,학생부종합(DoDream),2.75,2.91,0.16,18,92.4,0,23,34.1,5,22.7,3.0,0
2022111820,030601-3602558,std_2022111820@dongguk.edu,학생_1820,사범대학,교육학과,4,M,논술위주,3.31,3.23,-0.07,18,100.0,0,17,22.4,3,29.3,2.0,0
2022111821,030426-4877294,std_2022111821@dongguk.edu,학생_1821,바이오시스템대학,생명과학과,4,F,학생부종합(DoDream),3.59,3.5,-0.09,15,90.3,1,24,13.8,2,44.8,,0
2022111822,030324-3886410,std_2022111822@dongguk.edu,학생_1822,바이오시스템대학,생명과학과,4,M,학생부종합(DoDream),1.95,3.15,1.2,9,67.7,3,10,4.2,1,68.6,,1
2022111823,031227-4902579,std_2022111823@dongguk.edu,학생_1823,공과대학,기계로봇에너지공학과,4,F,논술위주,3.51,3.28,-0.23,18,93.8,0,21,22.6,3,22.1,1.0,0
2022111824,030126-3674971,std_2022111824@dongguk.edu,학생_1824,경영대학,경영학과,4,M,학생부종합(DoDream),3.24,3.36,0.12,18,98.1,0,11,10.1,1,41.4,0.0,0
2024111825,050101-4636605,std_2024111825@dongguk.edu,학생_1825,공과대학,컴퓨터인공지능전공,2,F,논술위주,3.01,2.59,-0.42,18,91.7,0,25,25.5,4,23.6,3.0,0
2022111826,030520-3593073,std_2022111826@dongguk.edu,학생_1826,바이오시스템대학,바이오환경과학과,4,M,수능위주(정시),2.18,3.51,1.33,12,79.6,2,5,8.8,1,62.5,0.0,1
2021111827,020512-4976969,std_2021111827@dongguk.edu,학생_1827,바이오시스템대학,식품생명공학과,4,F,수능위주(정시),3.36,3.04,-0.32,18,83.7,0,20,18.0,3,12.9,2.0,0
2024111828,050604-3692201,std_2024111828@dongguk.edu,학생_1828,경영대학,경영정보학과,2,M,교과위주(학교장추천),2.3,3.49,0.94,15,83.1,1,7,8.6,1,66.8,0.0,1
2022111829,030702-4425897,std_2022111829@dongguk.edu,학생_1829,문과대학,철학과,4,F,교과위주(학교장추천),4.02,3.99,-0.03,18,97.8,0,22,29.8,4,24.0,1.0,0
2024111830,051209-3108104,std_2024111830@dongguk.edu,학생_1830,공과대학,정보통신공학과,2,M,논술위주,3.61,3.69,0.09,18,88.2,0,16,20.3,3,31.1,3.0,0
2021111831,020702-4201856,std_2021111831@dongguk.edu,학생_1831,바이오시스템대학,생명과학과,4,F,수능위주(정시),3.32,3.51,0.19,15,88.5,1,23,36.0,5,25.5,3.0,0
2024111832,050709-3207871,std_2024111832@dongguk.edu,학생_1832,경영대학,경영학과,2,M,수능위주(정시),3.48,3.21,-0.27,18,94.8,0,19,34.0,5,22.7,2.0,0
2021111833,021206-4714458,std_2021111833@dongguk.edu,학생_1833,공과대학,전자전기공학부,4,F,학생부종합(DoDream),3.55,3.8,0.26,18,94.1,0,22,13.9,2,34.5,0.0,0
2022111834,030622-3606991,std_2022111834@dongguk.edu,학생_1834,공과대학,기계로봇에너지공학과,4,M,논술위주,3.44,3.58,0.14,18,90.1,0,22,24.7,4,41.1,2.0,0
2022111835,030825-4347835,std_2022111835@dongguk.edu,학생_1835,공과대학,전자전기공학부,4,F,교과위주(학교장추천),2.88,3.29,0.41,15,92.5,1,23,10.4,1,38.7,2.0,0
2023111836,040513-3761486,std_2023111836@dongguk.edu,학생_1836,경영대학,회계학과,3,M,수능위주(정시),2.56,2.32,-0.24,18,90.8,0,20,13.9,2,15.8,0.0,0
2022111837,030528-4780655,std_2022111837@dongguk.edu,학생_1837,공과대학,정보통신공학과,4,F,논술위주,3.25,3.28,0.02,18,88.4,0,20,24.7,4,37.8,,0
2024111838,050726-3556435,std_2024111838@dongguk.edu,학생_1838,문과대학,철학과,2,M,교과위주(학교장추천),3.56,3.53,-0.03,18,94.2,0,23,30.6,4,30.8,1.0,0
2024111839,050919-4301309,std_2024111839@dongguk.edu,학생_1839,경영대학,경영학과,2,F,수능위주(정시),3.34,3.07,-0.27,18,97.2,0,20,27.8,4,36.4,1.0,0
2022111840,030514-3599260,std_2022111840@dongguk.edu,학생_1840,공과대학,컴퓨터인공지능전공,4,M,논술위주,4.11,4.21,0.1,18,91.1,0,14,25.6,4,31.1,1.0,0
2021111841,020107-4372112,std_2021111841@dongguk.edu,학생_1841,공과대학,전자전기공학부,4,F,학생부종합(DoDream),3.79,3.2,-0.59,18,97.3,0,18,23.8,3,29.1,1.0,0
2023111842,040604-3945760,std_2023111842@dongguk.edu,학생_1842,바이오시스템대학,생명과학과,3,M,논술위주,2.92,3.19,0.27,18,97.2,0,13,27.9,4,48.4,2.0,0
2024111843,051010-4934172,std_2024111843@dongguk.edu,학생_1843,바이오시스템대학,바이오환경과학과,2,F,교과위주(학교장추천),2.2,2.09,0.2,18,85.7,0,15,39.7,6,51.2,,0
2022111844,031227-3261395,std_2022111844@dongguk.edu,학생_1844,공과대학,전자전기공학부,4,M,교과위주(학교장추천),3.48,3.32,-0.16,18,93.7,0,20,30.0,4,30.1,2.0,0
2021111845,021228-4751564,std_2021111845@dongguk.edu,학생_1845,문과대학,국어국문학과,4,F,논술위주,3.88,3.88,0.01,18,93.5,0,24,29.7,4,32.8,0.0,0
2023111846,040323-3877401,std_2023111846@dongguk.edu,학생_1846,공과대학,기계로봇에너지공학과,3,M,학생부종합(DoDream),3.65,3.77,0.12,18,92.9,0,17,9.2,1,15.9,1.0,0
2021111847,020426-4495197,std_2021111847@dongguk.edu,학생_1847,공과대학,컴퓨터인공지능전공,4,F,학생부종합(DoDream),2.27,2.45,0.18,15,87.9,1,28,30.6,4,27.9,3.0,0
2024111848,050204-3931042,std_2024111848@dongguk.edu,학생_1848,바이오시스템대학,바이오환경과학과,2,M,교과위주(학교장추천),3.78,3.65,-0.13,18,100.0,0,20,27.9,4,22.0,1.0,0
2022111849,030121-4303925,std_2022111849@dongguk.edu,학생_1849,공과대학,기계로봇에너지공학과,4,F,교과위주(학교장추천),3.33,3.33,0.0,18,96.4,0,21,13.4,2,35.2,1.0,0
2021111850,020625-3852479,std_2021111850@dongguk.edu,학생_1850,공과대학,전자전기공학부,4,M,교과위주(학교장추천),3.4,3.5,0.1,18,91.5,0,16,11.1,2,12.8,1.0,0
2022111851,031208-4866632,std_2022111851@dongguk.edu,학생_1851,사범대학,국어교육과,4,F,논술위주,3.78,3.32,-0.46,15,93.1,1,22,20.1,3,41.2,0.0,0
2022111852,030722-3322413,std_2022111852@dongguk.edu,학생_1852,바이오시스템대학,생명과학과,4,M,수능위주(정시),3.04,2.8,-0.24,18,93.8,0,17,11.3,2,17.9,3.0,0
2024111853,050417-4875474,std_2024111853@dongguk.edu,학생_1853,문과대학,영어영문학전공,2,F,교과위주(학교장추천),1.76,2.85,1.1,9,70.0,3,6,5.9,1,60.8,0.0,1
2024111854,050113-3632012,std_2024111854@dongguk.edu,학생_1854,경영대학,경영정보학과,2,M,수능위주(정시),3.02,2.72,-0.3,18,92.2,0,18,35.2,5,21.3,2.0,0
2023111855,040414-4250798,std_2023111855@dongguk.edu,학생_1855,문과대학,철학과,3,F,학생부종합(DoDream),1.05,2.46,1.41,15,75.1,1,9,6.7,1,58.4,0.0,1
2024111856,050705-3996344,std_2024111856@dongguk.edu,학생_1856,공과대학,컴퓨터인공지능전공,2,M,수능위주(정시),2.86,3.38,0.52,18,97.7,0,14,29.8,4,30.5,2.0,0
2024111857,050413-4321285,std_2024111857@dongguk.edu,학생_1857,문과대학,국어국문학과,2,F,논술위주,3.61,3.57,-0.04,18,96.8,0,16,6.5,1,32.2,1.0,0
2023111858,041121-3630893,std_2023111858@dongguk.edu,학생_1858,경영대학,경영학과,3,M,수능위주(정시),2.87,2.3,-0.57,18,96.8,0,20,27.2,4,35.7,3.0,0
2022111859,030208-4626920,std_2022111859@dongguk.edu,학생_1859,바이오시스템대학,생명과학과,4,F,학생부종합(DoDream),3.64,3.16,-0.48,18,93.2,0,20,14.6,2,19.0,0.0,0
2024111860,050825-3124054,std_2024111860@dongguk.edu,학생_1860,사범대학,국어교육과,2,M,교과위주(학교장추천),3.39,3.35,-0.04,18,94.2,0,22,5.0,1,24.4,0.0,0
2023111861,040609-4129888,std_2023111861@dongguk.edu,학생_1861,바이오시스템대학,바이오환경과학과,3,F,수능위주(정시),3.6,3.5,-0.1,18,95.1,0,16,24.6,4,24.6,3.0,0
2022111862,030306-3560846,std_2022111862@dongguk.edu,학생_1862,경영대학,회계학과,4,M,학생부종합(DoDream),3.62,3.39,-0.23,18,91.5,0,21,34.5,5,37.7,2.0,0
2022111863,031125-4859799,std_2022111863@dongguk.edu,학생_1863,문과대학,철학과,4,F,수능위주(정시),3.06,2.98,-0.08,18,92.9,0,19,18.6,3,35.0,,0
2023111864,040207-3566691,std_2023111864@dongguk.edu,학생_1864,문과대학,영어영문학전공,3,M,논술위주,2.61,2.66,0.05,18,98.2,0,20,27.6,4,31.2,3.0,0
2023111865,040927-4766626,std_2023111865@dongguk.edu,학생_1865,공과대학,기계로봇에너지공학과,3,F,학생부종합(DoDream),2.82,3.18,0.36,18,94.3,0,18,28.4,4,10.0,2.0,0
2023111866,041226-3883772,std_2023111866@dongguk.edu,학생_1866,경영대학,회계학과,3,M,학생부종합(DoDream),2.4,2.44,0.04,18,100.0,0,19,29.6,4,33.5,3.0,0
2023111867,040313-4154851,std_2023111867@dongguk.edu,학생_1867,바이오시스템대학,생명과학과,3,F,수능위주(정시),3.29,3.24,-0.05,18,98.8,0,11,21.8,3,43.0,2.0,0
2023111868,040910-3211350,std_2023111868@dongguk.edu,학생_1868,공과대학,기계로봇에너지공학과,3,M,교과위주(학교장추천),3.65,3.63,-0.02,18,90.3,0,14,29.5,4,10.0,3.0,0
2022111869,030408-4987536,std_2022111869@dongguk.edu,학생_1869,공과대학,정보통신공학과,4,F,논술위주,2.3,3.94,1.44,15,64.5,1,7,9.8,1,77.2,1.0,1
2022111870,030219-3584873,std_2022111870@dongguk.edu,학생_1870,문과대학,철학과,4,M,수능위주(정시),2.95,2.95,0.0,15,99.4,1,18,18.2,3,20.0,3.0,0
2023111871,040819-4855209,std_2023111871@dongguk.edu,학생_1871,바이오시스템대학,바이오환경과학과,3,F,교과위주(학교장추천),2.2,2.1,0.43,15,100.0,1,17,24.4,3,42.4,2.0,0
2023111872,040516-3532118,std_2023111872@dongguk.edu,학생_1872,문과대학,사학과,3,M,수능위주(정시),2.65,3.15,0.5,18,92.1,0,20,17.1,2,43.2,2.0,0
2022111873,030609-4676296,std_2022111873@dongguk.edu,학생_1873,공과대학,컴퓨터인공지능전공,4,F,논술위주,1.4,2.76,1.37,9,70.3,3,2,0.0,0,78.9,0.0,1
2023111874,041017-3988927,std_2023111874@dongguk.edu,학생_1874,경영대학,회계학과,3,M,학생부종합(DoDream),2.46,2.25,-0.21,18,92.1,0,25,6.7,1,23.5,2.0,0
2021111875,021124-4686359,std_2021111875@dongguk.edu,학생_1875,문과대학,철학과,4,F,교과위주(학교장추천),2.25,2.14,-0.11,18,93.7,0,19,9.7,1,34.4,2.0,0
2021111876,020218-3127277,std_2021111876@dongguk.edu,학생_1876,공과대학,컴퓨터인공지능전공,4,M,교과위주(학교장추천),2.68,3.3,0.62,18,90.1,0,21,30.7,4,53.4,2.0,0
2022111877,030328-4876854,std_2022111877@dongguk.edu,학생_1877,공과대학,컴퓨터인공지능전공,4,F,논술위주,3.07,2.93,-0.14,18,89.7,0,19,13.4,2,29.8,1.0,0
2023111878,040103-3545608,std_2023111878@dongguk.edu,학생_1878,공과대학,정보통신공학과,3,M,수능위주(정시),3.48,3.55,0.07,18,88.0,0,25,39.5,6,31.6,3.0,0
2023111879,040204-4897844,std_2023111879@dongguk.edu,학생_1879,경영대학,경영정보학과,3,F,수능위주(정시),2.23,2.51,0.28,18,89.8,0,13,46.3,7,26.8,0.0,0
2023111880,040719-3276893,std_2023111880@dongguk.edu,학생_1880,경영대학,경영정보학과,3,M,학생부종합(DoDream),3.95,3.58,-0.37,15,95.2,1,17,34.9,5,28.8,2.0,0
2023111881,040424-4522429,std_2023111881@dongguk.edu,학생_1881,공과대학,정보통신공학과,3,F,논술위주,4.23,3.72,-0.51,18,94.8,0,25,10.4,1,26.9,2.0,0
2023111882,040420-3554903,std_2023111882@dongguk.edu,학생_1882,공과대학,기계로봇에너지공학과,3,M,학생부종합(DoDream),2.86,2.54,-0.32,18,92.7,0,28,30.3,4,32.6,2.0,0
2022111883,030719-4999398,std_2022111883@dongguk.edu,학생_1883,바이오시스템대학,바이오환경과학과,4,F,학생부종합(DoDream),2.98,2.96,-0.02,18,100.0,0,20,23.5,3,26.9,1.0,0
2024111884,050911-3754482,std_2024111884@dongguk.edu,학생_1884,경영대학,경영학과,2,M,교과위주(학교장추천),2.0,3.16,1.16,15,85.0,1,7,3.6,1,61.9,1.0,1
2023111885,040401-4786733,std_2023111885@dongguk.edu,학생_1885,경영대학,경영학과,3,F,학생부종합(DoDream),3.96,4.3,0.34,18,91.9,0,17,35.4,5,41.1,3.0,0
2023111886,041119-3758294,std_2023111886@dongguk.edu,학생_1886,경영대학,경영정보학과,3,M,수능위주(정시),3.17,2.75,-0.42,18,93.9,0,22,19.5,3,25.4,3.0,0
2024111887,050625-4901265,std_2024111887@dongguk.edu,학생_1887,경영대학,경영정보학과,2,F,교과위주(학교장추천),2.4,2.67,0.27,18,95.2,0,21,14.4,2,39.8,2.0,0
2021111888,021206-3655259,std_2021111888@dongguk.edu,학생_1888,공과대학,전자전기공학부,4,M,논술위주,3.0,2.83,-0.17,18,96.1,0,26,29.7,4,26.3,0.0,0
2024111889,051107-4650163,std_2024111889@dongguk.edu,학생_1889,바이오시스템대학,식품생명공학과,2,F,수능위주(정시),2.2,2.46,0.41,15,97.9,1,27,21.1,3,28.5,1.0,0
2022111890,030323-3792639,std_2022111890@dongguk.edu,학생_1890,경영대학,회계학과,4,M,논술위주,3.26,3.37,0.11,18,93.9,0,18,43.1,6,35.1,2.0,0
2023111891,041206-4320725,std_2023111891@dongguk.edu,학생_1891,공과대학,컴퓨터인공지능전공,3,F,수능위주(정시),3.86,3.82,-0.04,15,95.2,1,16,40.2,6,38.6,3.0,0
2023111892,040505-3464801,std_2023111892@dongguk.edu,학생_1892,문과대학,국어국문학과,3,M,학생부종합(DoDream),3.52,3.96,0.44,18,89.9,0,23,27.3,4,35.4,2.0,0
2024111893,051210-4551589,std_2024111893@dongguk.edu,학생_1893,경영대학,회계학과,2,F,논술위주,3.68,3.73,0.05,18,91.7,0,20,22.2,3,32.9,2.0,0
2024111894,050914-3827899,std_2024111894@dongguk.edu,학생_1894,공과대학,전자전기공학부,2,M,교과위주(학교장추천),3.0,2.84,-0.16,18,86.1,0,18,31.2,4,30.7,1.0,0
2023111895,041120-4458773,std_2023111895@dongguk.edu,학생_1895,경영대학,경영학과,3,F,학생부종합(DoDream),3.45,3.32,-0.12,15,90.0,1,18,10.3,1,56.9,1.0,0
2021111896,021210-3612224,std_2021111896@dongguk.edu,학생_1896,바이오시스템대학,생명과학과,4,M,학생부종합(DoDream),2.72,2.81,0.08,18,94.9,0,17,22.3,3,18.5,,0
2023111897,040726-4227260,std_2023111897@dongguk.edu,학생_1897,공과대학,기계로봇에너지공학과,3,F,학생부종합(DoDream),3.62,3.56,-0.07,18,86.3,0,20,38.0,5,21.2,2.0,0
2022111898,030627-3857098,std_2022111898@dongguk.edu,학생_1898,문과대학,철학과,4,M,수능위주(정시),3.12,3.26,0.14,18,92.4,0,18,23.8,3,45.4,,0
2023111899,040121-4172666,std_2023111899@dongguk.edu,학생_1899,문과대학,철학과,3,F,교과위주(학교장추천),1.59,2.6,1.01,15,75.9,1,1,4.3,1,70.2,,1
2023111900,040605-3864884,std_2023111900@dongguk.edu,학생_1900,경영대학,경영학과,3,M,수능위주(정시),3.86,3.68,-0.18,15,92.1,1,19,12.0,2,35.5,,0
2023111901,040604-4658305,std_2023111901@dongguk.edu,학생_1901,사범대학,수학교육과,3,F,수능위주(정시),3.52,3.51,-0.01,18,88.2,0,25,28.5,4,19.3,1.0,0
2022111902,030227-3163615,std_2022111902@dongguk.edu,학생_1902,사범대학,수학교육과,4,M,학생부종합(DoDream),3.03,2.96,-0.06,18,93.9,0,22,29.5,4,38.9,1.0,0
2023111903,040518-4154765,std_2023111903@dongguk.edu,학생_1903,공과대학,기계로봇에너지공학과,3,F,수능위주(정시),3.01,2.87,-0.15,15,94.2,1,17,33.5,5,26.4,2.0,0
2024111904,050318-3155244,std_2024111904@dongguk.edu,학생_1904,공과대학,컴퓨터인공지능전공,2,M,학생부종합(DoDream),2.2,2.43,0.23,18,93.6,0,22,38.6,6,41.6,,0
2021111905,020927-4724854,std_2021111905@dongguk.edu,학생_1905,경영대학,회계학과,4,F,교과위주(학교장추천),4.05,4.0,-0.06,18,93.9,0,20,44.3,6,18.9,0.0,0
2024111906,050210-3709045,std_2024111906@dongguk.edu,학생_1906,문과대학,철학과,2,M,논술위주,3.7,3.72,0.02,18,91.7,0,26,26.4,4,24.2,3.0,0
2022111907,030501-4419374,std_2022111907@dongguk.edu,학생_1907,공과대학,전자전기공학부,4,F,학생부종합(DoDream),2.6,2.52,-0.08,18,95.3,0,25,37.1,5,28.5,3.0,0
2022111908,031016-3605263,std_2022111908@dongguk.edu,학생_1908,공과대학,컴퓨터인공지능전공,4,M,학생부종합(DoDream),3.69,3.6,-0.09,18,96.7,0,24,25.2,4,22.9,1.0,0
2023111909,041224-4942857,std_2023111909@dongguk.edu,학생_1909,바이오시스템대학,식품생명공학과,3,F,수능위주(정시),3.04,2.9,-0.14,18,96.4,0,16,15.1,2,11.0,,0
2023111910,041105-3840609,std_2023111910@dongguk.edu,학생_1910,바이오시스템대학,바이오환경과학과,3,M,논술위주,2.3,3.86,1.5,15,73.6,1,7,2.2,0,78.8,1.0,1
2024111911,050611-4500138,std_2024111911@dongguk.edu,학생_1911,공과대학,컴퓨터인공지능전공,2,F,교과위주(학교장추천),2.45,2.46,0.01,18,86.0,0,20,23.8,3,21.2,,0
2023111912,040401-3587887,std_2023111912@dongguk.edu,학생_1912,경영대학,경영학과,3,M,교과위주(학교장추천),1.68,3.18,1.5,6,63.1,4,5,6.0,1,77.1,1.0,1
2024111913,050226-4382376,std_2024111913@dongguk.edu,학생_1913,경영대학,회계학과,2,F,교과위주(학교장추천),2.2,2.62,0.54,18,91.8,0,25,32.5,5,32.7,3.0,0
2024111914,050525-3682523,std_2024111914@dongguk.edu,학생_1914,공과대학,정보통신공학과,2,M,논술위주,4.15,4.3,0.15,18,89.6,0,28,20.2,3,19.1,0.0,0
2023111915,041019-4424452,std_2023111915@dongguk.edu,학생_1915,공과대학,기계로봇에너지공학과,3,F,학생부종합(DoDream),1.37,2.73,1.36,9,79.9,3,6,1.9,0,60.0,,1
2024111916,051010-3487906,std_2024111916@dongguk.edu,학생_1916,문과대학,철학과,2,M,수능위주(정시),3.01,3.11,0.11,18,98.1,0,21,29.4,4,38.2,2.0,0
2021111917,020711-4591924,std_2021111917@dongguk.edu,학생_1917,공과대학,전자전기공학부,4,F,수능위주(정시),3.47,2.92,-0.55,15,96.8,1,20,22.3,3,23.9,1.0,0
2024111918,050919-3419684,std_2024111918@dongguk.edu,학생_1918,공과대학,정보통신공학과,2,M,논술위주,1.72,2.76,1.04,6,69.3,4,3,4.4,1,63.2,0.0,1
2024111919,050908-4260539,std_2024111919@dongguk.edu,학생_1919,공과대학,컴퓨터인공지능전공,2,F,교과위주(학교장추천),3.84,3.37,-0.48,18,84.5,0,23,19.5,3,38.7,2.0,0
2024111920,050314-3904303,std_2024111920@dongguk.edu,학생_1920,경영대학,회계학과,2,M,학생부종합(DoDream),3.04,2.76,-0.28,18,91.6,0,21,35.3,5,13.1,3.0,0
2024111921,051223-4753030,std_2024111921@dongguk.edu,학생_1921,공과대학,전자전기공학부,2,F,수능위주(정시),2.04,3.22,1.18,12,78.7,2,8,1.5,0,66.8,,1
2023111922,040302-3693862,std_2023111922@dongguk.edu,학생_1922,경영대학,경영학과,3,M,교과위주(학교장추천),2.82,2.8,-0.03,18,94.6,0,20,27.7,4,47.2,0.0,0
2024111923,050613-4798900,std_2024111923@dongguk.edu,학생_1923,바이오시스템대학,바이오환경과학과,2,F,학생부종합(DoDream),3.45,3.19,-0.26,18,94.0,0,22,30.5,4,33.2,0.0,0
2022111924,030526-3732584,std_2022111924@dongguk.edu,학생_1924,경영대학,경영학과,4,M,교과위주(학교장추천),3.9,3.81,-0.1,15,100.0,1,21,38.5,6,32.6,1.0,0
2024111925,051017-4722946,std_2024111925@dongguk.edu,학생_1925,공과대학,기계로봇에너지공학과,2,F,학생부종합(DoDream),3.77,4.0,0.24,18,90.6,0,25,21.7,3,40.7,0.0,0
2023111926,040718-3478665,std_2023111926@dongguk.edu,학생_1926,공과대학,컴퓨터인공지능전공,3,M,논술위주,2.54,2.56,0.02,18,98.0,0,14,17.1,2,33.1,0.0,0
2022111927,030815-4189950,std_2022111927@dongguk.edu,학생_1927,경영대학,경영학과,4,F,논술위주,4.1,4.23,0.13,18,92.8,0,25,26.5,4,39.0,3.0,0
2022111928,030704-3873868,std_2022111928@dongguk.edu,학생_1928,사범대학,교육학과,4,M,교과위주(학교장추천),2.75,2.57,-0.18,18,83.1,0,21,5.0,1,30.1,0.0,0
2022111929,030625-4301667,std_2022111929@dongguk.edu,학생_1929,공과대학,기계로봇에너지공학과,4,F,수능위주(정시),2.3,3.76,0.98,9,59.5,3,5,3.5,0,63.2,0.0,1
2024111930,051016-3201019,std_2024111930@dongguk.edu,학생_1930,공과대학,정보통신공학과,2,M,논술위주,2.88,2.99,0.11,15,97.4,1,19,33.3,5,34.0,3.0,0
2022111931,030309-4953942,std_2022111931@dongguk.edu,학생_1931,공과대학,전자전기공학부,4,F,학생부종합(DoDream),2.79,2.53,-0.26,18,93.1,0,25,33.6,5,52.7,0.0,0
2022111932,030909-3957584,std_2022111932@dongguk.edu,학생_1932,문과대학,철학과,4,M,수능위주(정시),3.23,3.48,0.25,18,97.4,0,20,11.2,2,31.4,3.0,0
2024111933,050625-4141113,std_2024111933@dongguk.edu,학생_1933,사범대학,교육학과,2,F,학생부종합(DoDream),2.44,2.35,-0.09,18,90.6,0,20,28.9,4,17.6,1.0,0
2023111934,040905-3926810,std_2023111934@dongguk.edu,학생_1934,경영대학,경영학과,3,M,학생부종합(DoDream),1.72,2.91,1.2,15,60.8,1,5,6.0,1,80.3,0.0,1
2023111935,040107-4770109,std_2023111935@dongguk.edu,학생_1935,문과대학,사학과,3,F,교과위주(학교장추천),3.49,3.59,0.09,18,92.7,0,18,32.1,5,31.0,1.0,0
2023111936,040609-3106968,std_2023111936@dongguk.edu,학생_1936,사범대학,국어교육과,3,M,논술위주,4.1,3.98,-0.12,15,92.6,1,21,36.2,5,26.9,0.0,0
2022111937,031015-4698757,std_2022111937@dongguk.edu,학생_1937,바이오시스템대학,식품생명공학과,4,F,논술위주,1.77,3.05,1.28,15,64.9,1,6,4.1,1,47.6,1.0,1
2023111938,040422-3772414,std_2023111938@dongguk.edu,학생_1938,바이오시스템대학,바이오환경과학과,3,M,학생부종합(DoDream),2.06,3.4,1.34,6,75.4,4,6,1.4,0,78.7,1.0,1
2024111939,050923-4468770,std_2024111939@dongguk.edu,학생_1939,문과대학,철학과,2,F,교과위주(학교장추천),3.98,3.84,-0.14,18,94.0,0,18,36.6,5,22.4,3.0,0
2024111940,051001-3105505,std_2024111940@dongguk.edu,학생_1940,문과대학,국어국문학과,2,M,수능위주(정시),2.21,2.27,0.06,18,89.9,0,17,29.8,4,24.5,0.0,0
2022111941,031009-4783273,std_2022111941@dongguk.edu,학생_1941,공과대학,정보통신공학과,4,F,학생부종합(DoDream),2.97,2.72,-0.25,18,100.0,0,23,26.6,4,29.4,,0
2022111942,030128-3821405,std_2022111942@dongguk.edu,학생_1942,경영대학,경영학과,4,M,논술위주,2.56,2.41,-0.15,18,93.5,0,22,28.2,4,33.3,2.0,0
2023111943,041206-4880385,std_2023111943@dongguk.edu,학생_1943,공과대학,전자전기공학부,3,F,논술위주,2.11,3.3,1.19,12,77.0,2,7,8.2,1,82.3,1.0,1
2022111944,030418-3903795,std_2022111944@dongguk.edu,학생_1944,공과대학,전자전기공학부,4,M,교과위주(학교장추천),2.95,2.87,-0.08,18,96.7,0,20,19.2,3,39.2,0.0,0
2021111945,020827-4190692,std_2021111945@dongguk.edu,학생_1945,공과대학,전자전기공학부,4,F,수능위주(정시),2.91,2.83,-0.07,18,95.5,0,20,14.6,2,13.7,1.0,0
2023111946,040311-3372394,std_2023111946@dongguk.edu,학생_1946,공과대학,정보통신공학과,3,M,교과위주(학교장추천),3.83,3.64,-0.19,18,91.1,0,19,15.8,2,31.6,1.0,0
2023111947,041114-4800400,std_2023111947@dongguk.edu,학생_1947,경영대학,회계학과,3,F,교과위주(학교장추천),2.74,2.61,-0.13,18,94.8,0,26,40.7,6,30.6,0.0,0
2024111948,051124-3147191,std_2024111948@dongguk.edu,학생_1948,경영대학,경영학과,2,M,논술위주,3.55,3.91,0.36,18,94.1,0,19,17.3,2,27.8,1.0,0
2022111949,030426-4931564,std_2022111949@dongguk.edu,학생_1949,바이오시스템대학,생명과학과,4,F,교과위주(학교장추천),2.54,2.39,-0.15,15,97.2,1,19,21.0,3,24.9,2.0,0
2022111950,030802-3425760,std_2022111950@dongguk.edu,학생_1950,경영대학,회계학과,4,M,교과위주(학교장추천),3.57,3.45,-0.12,15,92.0,1,18,30.5,4,18.5,1.0,0
2024111951,051110-4356005,std_2024111951@dongguk.edu,학생_1951,경영대학,경영정보학과,2,F,교과위주(학교장추천),3.33,3.38,0.04,18,96.4,0,26,29.0,4,30.8,1.0,0
2022111952,030522-3578981,std_2022111952@dongguk.edu,학생_1952,경영대학,회계학과,4,M,논술위주,1.92,3.52,1.6,12,85.0,2,4,5.2,1,83.7,1.0,1
2021111953,020303-4503629,std_2021111953@dongguk.edu,학생_1953,공과대학,컴퓨터인공지능전공,4,F,논술위주,3.0,3.1,0.1,18,92.5,0,20,42.6,6,26.6,3.0,0
2022111954,030325-3687119,std_2022111954@dongguk.edu,학생_1954,경영대학,경영정보학과,4,M,논술위주,2.92,2.86,-0.05,18,92.0,0,10,9.8,1,41.4,1.0,0
2023111955,040902-4617499,std_2023111955@dongguk.edu,학생_1955,사범대학,국어교육과,3,F,논술위주,3.65,3.49,-0.16,18,97.5,0,19,5.0,1,34.6,1.0,0
2023111956,040705-3823263,std_2023111956@dongguk.edu,학생_1956,공과대학,기계로봇에너지공학과,3,M,논술위주,4.27,4.1,-0.17,15,100.0,1,22,33.0,5,35.1,3.0,0
2022111957,030218-4317768,std_2022111957@dongguk.edu,학생_1957,문과대학,영어영문학전공,4,F,학생부종합(DoDream),2.86,2.97,0.11,18,94.1,0,18,28.0,4,22.9,,0
2024111958,050818-3257882,std_2024111958@dongguk.edu,학생_1958,공과대학,전자전기공학부,2,M,수능위주(정시),2.2,1.86,0.11,18,84.9,0,24,46.0,7,38.0,,0
2022111959,030801-4895102,std_2022111959@dongguk.edu,학생_1959,공과대학,기계로봇에너지공학과,4,F,논술위주,2.83,2.5,-0.32,18,98.5,0,20,31.9,5,10.0,2.0,0
2023111960,041007-3663112,std_2023111960@dongguk.edu,학생_1960,공과대학,컴퓨터인공지능전공,3,M,교과위주(학교장추천),3.05,3.01,-0.05,18,96.1,0,16,15.8,2,34.3,0.0,0
2023111961,040926-4626668,std_2023111961@dongguk.edu,학생_1961,공과대학,정보통신공학과,3,F,수능위주(정시),1.6,3.37,1.77,6,64.5,4,5,0.6,0,61.4,,1
2022111962,031027-3422283,std_2022111962@dongguk.edu,학생_1962,공과대학,컴퓨터인공지능전공,4,M,논술위주,3.56,3.65,0.09,18,100.0,0,18,8.9,1,27.5,0.0,0
2024111963,050328-4283714,std_2024111963@dongguk.edu,학생_1963,문과대학,영어영문학전공,2,F,논술위주,1.33,2.7,1.37,15,78.7,1,5,5.3,1,59.9,0.0,1
2023111964,041008-3999506,std_2023111964@dongguk.edu,학생_1964,사범대학,국어교육과,3,M,학생부종합(DoDream),1.7,3.24,1.54,15,79.9,1,9,8.5,1,70.1,0.0,1
2023111965,040616-4235688,std_2023111965@dongguk.edu,학생_1965,경영대학,회계학과,3,F,수능위주(정시),4.4,4.3,-0.18,18,86.8,0,17,18.6,3,38.4,1.0,0
2021111966,020327-3172519,std_2021111966@dongguk.edu,학생_1966,경영대학,경영학과,4,M,교과위주(학교장추천),3.29,3.3,0.01,18,94.4,0,13,26.5,4,46.2,2.0,0
2024111967,050815-4367130,std_2024111967@dongguk.edu,학생_1967,경영대학,경영학과,2,F,교과위주(학교장추천),2.62,2.27,-0.35,18,98.7,0,20,22.2,3,30.0,2.0,0
2022111968,030909-3273334,std_2022111968@dongguk.edu,학생_1968,사범대학,교육학과,4,M,교과위주(학교장추천),3.09,3.11,0.02,18,96.9,0,22,12.0,2,46.5,1.0,0
2023111969,040506-4976760,std_2023111969@dongguk.edu,학생_1969,사범대학,교육학과,3,F,논술위주,3.39,3.04,-0.34,18,100.0,0,15,16.4,2,33.8,1.0,0
2021111970,020426-3243359,std_2021111970@dongguk.edu,학생_1970,경영대학,회계학과,4,M,논술위주,2.54,2.29,-0.25,18,99.4,0,20,16.7,2,25.7,1.0,0
2024111971,050404-4895473,std_2024111971@dongguk.edu,학생_1971,문과대학,사학과,2,F,교과위주(학교장추천),3.32,3.64,0.32,18,85.9,0,19,18.4,3,41.3,0.0,0
2022111972,030605-3337819,std_2022111972@dongguk.edu,학생_1972,경영대학,경영학과,4,M,논술위주,4.0,3.72,-0.28,18,93.9,0,16,19.7,3,41.4,2.0,0
2021111973,021025-4122319,std_2021111973@dongguk.edu,학생_1973,공과대학,기계로봇에너지공학과,4,F,학생부종합(DoDream),2.2,1.7,-0.28,18,92.1,0,21,11.7,2,39.1,0.0,0
2021111974,020710-3296557,std_2021111974@dongguk.edu,학생_1974,바이오시스템대학,식품생명공학과,4,M,논술위주,2.74,2.77,0.03,18,91.0,0,20,29.9,4,10.0,2.0,0
2023111975,040207-4314800,std_2023111975@dongguk.edu,학생_1975,공과대학,기계로봇에너지공학과,3,F,논술위주,2.99,2.93,-0.05,18,92.9,0,13,24.1,3,25.5,,0
2021111976,020725-3920437,std_2021111976@dongguk.edu,학생_1976,바이오시스템대학,생명과학과,4,M,논술위주,2.13,3.24,1.11,15,80.4,1,6,2.2,0,84.1,1.0,1
2023111977,040611-4126195,std_2023111977@dongguk.edu,학생_1977,경영대학,경영정보학과,3,F,교과위주(학교장추천),4.16,3.98,-0.18,18,93.7,0,18,30.6,4,11.9,3.0,0
2023111978,040214-3277581,std_2023111978@dongguk.edu,학생_1978,공과대학,기계로봇에너지공학과,3,M,교과위주(학교장추천),3.42,3.37,-0.05,18,96.9,0,20,26.2,4,38.3,1.0,0
2023111979,040921-4418677,std_2023111979@dongguk.edu,학생_1979,공과대학,전자전기공학부,3,F,논술위주,1.89,3.28,1.39,12,65.1,2,8,1.3,0,46.7,0.0,1
2021111980,020208-3635593,std_2021111980@dongguk.edu,학생_1980,바이오시스템대학,식품생명공학과,4,M,교과위주(학교장추천),2.24,2.35,0.11,15,97.9,1,24,20.0,3,28.9,2.0,0
2021111981,021123-4988322,std_2021111981@dongguk.edu,학생_1981,공과대학,컴퓨터인공지능전공,4,F,수능위주(정시),2.16,3.62,1.46,12,71.2,2,12,4.5,1,68.8,1.0,1
2023111982,040210-3125602,std_2023111982@dongguk.edu,학생_1982,경영대학,회계학과,3,M,논술위주,3.08,2.94,-0.15,15,90.7,1,18,19.8,3,23.8,,0
2022111983,030708-4296508,std_2022111983@dongguk.edu,학생_1983,공과대학,정보통신공학과,4,F,수능위주(정시),2.91,3.3,0.39,18,89.0,0,19,15.2,2,37.1,1.0,0
2023111984,040208-3613060,std_2023111984@dongguk.edu,학생_1984,사범대학,수학교육과,3,M,수능위주(정시),3.32,3.05,-0.28,18,94.2,0,16,13.3,2,30.4,2.0,0
2021111985,020109-4701560,std_2021111985@dongguk.edu,학생_1985,바이오시스템대학,생명과학과,4,F,수능위주(정시),1.0,2.05,1.09,12,79.2,2,5,2.8,0,67.5,,1
2021111986,020908-3918666,std_2021111986@dongguk.edu,학생_1986,공과대학,컴퓨터인공지능전공,4,M,교과위주(학교장추천),1.64,3.26,1.63,12,73.2,2,6,4.3,1,68.9,1.0,1
2022111987,030403-4886299,std_2022111987@dongguk.edu,학생_1987,경영대학,회계학과,4,F,수능위주(정시),3.5,3.46,-0.03,18,87.8,0,17,15.8,2,15.3,,0
2023111988,041223-3621581,std_2023111988@dongguk.edu,학생_1988,바이오시스템대학,바이오환경과학과,3,M,교과위주(학교장추천),3.09,3.0,-0.1,18,100.0,0,17,28.6,4,24.6,2.0,0
2024111989,050907-4199456,std_2024111989@dongguk.edu,학생_1989,공과대학,컴퓨터인공지능전공,2,F,학생부종합(DoDream),2.3,3.96,1.25,9,70.8,3,2,1.8,0,80.9,0.0,1
2022111990,030304-3735785,std_2022111990@dongguk.edu,학생_1990,사범대학,국어교육과,4,M,수능위주(정시),3.72,3.91,0.19,18,95.4,0,27,10.7,2,32.8,2.0,0
2024111991,051026-4429874,std_2024111991@dongguk.edu,학생_1991,바이오시스템대학,생명과학과,2,F,수능위주(정시),3.55,3.62,0.06,18,90.7,0,14,19.0,3,31.0,1.0,0
2023111992,040812-3144807,std_2023111992@dongguk.edu,학생_1992,공과대학,컴퓨터인공지능전공,3,M,수능위주(정시),2.21,2.36,0.15,18,91.7,0,21,25.6,4,46.0,2.0,0
2023111993,040618-4242570,std_2023111993@dongguk.edu,학생_1993,문과대학,영어영문학전공,3,F,수능위주(정시),2.88,3.07,0.2,18,90.9,0,25,19.1,3,49.8,,0
2023111994,041109-3659051,std_2023111994@dongguk.edu,학생_1994,공과대학,기계로봇에너지공학과,3,M,논술위주,3.81,3.58,-0.23,18,99.2,0,28,31.6,5,28.6,1.0,0
2022111995,031025-4375485,std_2022111995@dongguk.edu,학생_1995,경영대학,경영학과,4,F,수능위주(정시),2.8,2.64,-0.16,18,94.8,0,16,34.9,5,18.1,0.0,0
2023111996,040716-3249682,std_2023111996@dongguk.edu,학생_1996,문과대학,영어영문학전공,3,M,논술위주,2.26,3.77,1.51,12,71.9,2,3,2.8,0,63.6,1.0,1
2024111997,051107-4127450,std_2024111997@dongguk.edu,학생_1997,경영대학,경영학과,2,F,학생부종합(DoDream),3.37,3.46,0.1,18,98.5,0,12,17.0,2,23.6,2.0,0
2023111998,040327-3830181,std_2023111998@dongguk.edu,학생_1998,바이오시스템대학,바이오환경과학과,3,M,교과위주(학교장추천),3.9,3.9,-0.01,18,89.4,0,23,18.0,3,32.2,3.0,0
2022111999,030718-4176003,std_2022111999@dongguk.edu,학생_1999,공과대학,기계로봇에너지공학과,4,F,학생부종합(DoDream),1.51,3.29,1.78,15,55.1,1,1,0.0,0,62.5,0.0,1
2022112000,030410-3770895,std_2022112000@dongguk.edu,학생_2000,바이오시스템대학,바이오환경과학과,4,M,교과위주(학교장추천),4.4,4.3,-0.31,18,93.9,0,19,15.1,2,33.8,1.0,0
2023112001,041201-4458485,std_2023112001@dongguk.edu,학생_2001,공과대학,기계로봇에너지공학과,3,F,논술위주,3.55,3.34,-0.21,18,100.0,0,19,17.2,2,38.6,0.0,0
2021112002,020410-3293148,std_2021112002@dongguk.edu,학생_2002,사범대학,교육학과,4,M,교과위주(학교장추천),2.77,3.12,0.35,18,98.5,0,22,33.3,5,44.0,1.0,0
2022112003,030908-4718359,std_2022112003@dongguk.edu,학생_2003,경영대학,회계학과,4,F,수능위주(정시),2.73,3.04,0.31,18,100.0,0,19,11.3,2,30.8,3.0,0
2021112004,020210-3610196,std_2021112004@dongguk.edu,학생_2004,경영대학,경영정보학과,4,M,교과위주(학교장추천),3.06,2.8,-0.26,18,96.8,0,19,29.9,4,15.1,3.0,0
2021112005,020316-4961089,std_2021112005@dongguk.edu,학생_2005,공과대학,컴퓨터인공지능전공,4,F,교과위주(학교장추천),3.71,3.58,-0.13,18,90.8,0,19,14.5,2,57.2,2.0,0
2023112006,041222-3666578,std_2023112006@dongguk.edu,학생_2006,문과대학,철학과,3,M,수능위주(정시),3.51,3.4,-0.11,18,97.1,0,17,5.5,1,26.0,1.0,0
2021112007,020625-4621330,std_2021112007@dongguk.edu,학생_2007,경영대학,경영정보학과,4,F,학생부종합(DoDream),2.2,2.01,-0.16,18,94.6,0,18,9.9,1,44.1,2.0,0
2021112008,020127-3891185,std_2021112008@dongguk.edu,학생_2008,공과대학,전자전기공학부,4,M,수능위주(정시),2.9,2.59,-0.31,18,93.1,0,19,28.2,4,38.1,2.0,0
2023112009,040928-4203849,std_2023112009@dongguk.edu,학생_2009,사범대학,교육학과,3,F,논술위주,2.61,3.2,0.6,18,90.5,0,19,42.3,6,42.2,,0
2024112010,050102-3764257,std_2024112010@dongguk.edu,학생_2010,공과대학,컴퓨터인공지능전공,2,M,교과위주(학교장추천),3.68,3.51,-0.17,18,98.4,0,15,8.8,1,26.3,0.0,0
2023112011,040811-4145940,std_2023112011@dongguk.edu,학생_2011,사범대학,교육학과,3,F,교과위주(학교장추천),2.2,2.26,0.1,18,90.4,0,25,45.1,6,34.7,2.0,0
2022112012,030415-3855283,std_2022112012@dongguk.edu,학생_2012,경영대학,경영학과,4,M,수능위주(정시),2.3,3.68,0.83,12,65.8,2,8,8.9,1,43.7,1.0,1
2023112013,041115-4517364,std_2023112013@dongguk.edu,학생_2013,공과대학,기계로봇에너지공학과,3,F,논술위주,3.03,3.28,0.25,18,100.0,0,21,20.5,3,31.2,3.0,0
2022112014,030218-3903351,std_2022112014@dongguk.edu,학생_2014,공과대학,전자전기공학부,4,M,학생부종합(DoDream),3.82,3.85,0.04,18,96.7,0,16,26.3,4,27.1,3.0,0
2022112015,030902-4406287,std_2022112015@dongguk.edu,학생_2015,공과대학,기계로봇에너지공학과,4,F,논술위주,2.81,2.88,0.07,18,93.4,0,28,17.3,2,30.0,3.0,0
2024112016,051218-3356769,std_2024112016@dongguk.edu,학생_2016,경영대학,경영정보학과,2,M,수능위주(정시),3.66,3.58,-0.08,18,97.2,0,15,28.8,4,34.5,1.0,0
2022112017,031202-4507763,std_2022112017@dongguk.edu,학생_2017,문과대학,국어국문학과,4,F,수능위주(정시),3.09,3.26,0.17,15,98.9,1,22,31.9,5,29.6,0.0,0
2021112018,021022-3206015,std_2021112018@dongguk.edu,학생_2018,사범대학,교육학과,4,M,학생부종합(DoDream),2.39,2.73,0.34,18,91.2,0,23,36.8,5,37.7,1.0,0
2022112019,031126-4839798,std_2022112019@dongguk.edu,학생_2019,사범대학,국어교육과,4,F,논술위주,3.63,3.72,0.09,18,94.6,0,22,26.8,4,15.5,2.0,0
2022112020,030425-3144014,std_2022112020@dongguk.edu,학생_2020,공과대학,전자전기공학부,4,M,수능위주(정시),2.43,2.35,-0.08,18,92.9,0,24,34.5,5,36.2,3.0,0
2022112021,030820-4870447,std_2022112021@dongguk.edu,학생_2021,사범대학,국어교육과,4,F,학생부종합(DoDream),3.02,3.18,0.16,15,96.1,1,17,29.2,4,42.8,3.0,0
2024112022,050805-3144228,std_2024112022@dongguk.edu,학생_2022,바이오시스템대학,바이오환경과학과,2,M,교과위주(학교장추천),2.65,2.65,-0.0,18,97.9,0,23,5.0,1,17.3,,0
2023112023,040420-4810581,std_2023112023@dongguk.edu,학생_2023,공과대학,전자전기공학부,3,F,논술위주,3.03,3.13,0.1,18,96.9,0,16,34.0,5,13.8,2.0,0
2022112024,030723-3785285,std_2022112024@dongguk.edu,학생_2024,공과대학,기계로봇에너지공학과,4,M,논술위주,3.01,3.09,0.08,18,99.2,0,19,20.0,3,23.2,2.0,0
2024112025,051207-4343176,std_2024112025@dongguk.edu,학생_2025,사범대학,교육학과,2,F,논술위주,1.39,2.98,1.59,12,66.4,2,1,3.4,0,52.0,,1
2021112026,020605-3753937,std_2021112026@dongguk.edu,학생_2026,바이오시스템대학,생명과학과,4,M,교과위주(학교장추천),2.26,2.18,-0.08,18,89.2,0,15,20.2,3,34.3,3.0,0
2024112027,050813-4222243,std_2024112027@dongguk.edu,학생_2027,공과대학,전자전기공학부,2,F,교과위주(학교장추천),2.2,3.69,1.48,12,68.7,2,5,5.5,1,56.5,0.0,1
2022112028,030926-3327314,std_2022112028@dongguk.edu,학생_2028,공과대학,컴퓨터인공지능전공,4,M,학생부종합(DoDream),3.36,3.04,-0.31,18,94.4,0,25,21.4,3,23.2,2.0,0
2023112029,040525-4446550,std_2023112029@dongguk.edu,학생_2029,경영대학,경영정보학과,3,F,논술위주,3.43,3.39,-0.05,18,97.8,0,13,27.7,4,23.3,1.0,0
2022112030,030811-3613972,std_2022112030@dongguk.edu,학생_2030,경영대학,회계학과,4,M,논술위주,4.37,4.3,-0.07,18,97.8,0,23,11.7,2,27.2,,0
2023112031,041020-4171721,std_2023112031@dongguk.edu,학생_2031,공과대학,정보통신공학과,3,F,논술위주,2.46,2.73,0.26,18,87.0,0,17,20.6,3,29.3,3.0,0
2022112032,031013-3657212,std_2022112032@dongguk.edu,학생_2032,문과대학,사학과,4,M,수능위주(정시),3.89,3.43,-0.46,15,86.9,1,27,20.2,3,12.4,2.0,0
2023112033,040315-4950230,std_2023112033@dongguk.edu,학생_2033,공과대학,전자전기공학부,3,F,논술위주,2.74,2.91,0.17,18,95.9,0,22,16.5,2,32.1,1.0,0
2024112034,050919-3852919,std_2024112034@dongguk.edu,학생_2034,공과대학,전자전기공학부,2,M,교과위주(학교장추천),2.66,2.73,0.07,15,97.1,1,20,28.6,4,40.3,3.0,0
2024112035,050120-4384681,std_2024112035@dongguk.edu,학생_2035,공과대학,기계로봇에너지공학과,2,F,수능위주(정시),3.21,3.27,0.06,18,94.8,0,19,35.7,5,34.8,3.0,0
2023112036,041120-3894498,std_2023112036@dongguk.edu,학생_2036,공과대학,기계로봇에너지공학과,3,M,수능위주(정시),3.28,3.43,0.15,18,91.4,0,20,13.6,2,27.1,0.0,0
2022112037,030723-4616706,std_2022112037@dongguk.edu,학생_2037,공과대학,정보통신공학과,4,F,교과위주(학교장추천),1.79,2.87,1.08,15,70.8,1,7,6.4,1,82.1,1.0,1
2022112038,030112-3501771,std_2022112038@dongguk.edu,학생_2038,경영대학,경영정보학과,4,M,수능위주(정시),3.28,3.48,0.19,18,94.0,0,19,15.4,2,45.0,0.0,0
2022112039,030413-4257742,std_2022112039@dongguk.edu,학생_2039,사범대학,수학교육과,4,F,학생부종합(DoDream),3.0,3.06,0.06,18,90.8,0,25,34.6,5,15.1,2.0,0
2022112040,031215-3654567,std_2022112040@dongguk.edu,학생_2040,공과대학,전자전기공학부,4,M,학생부종합(DoDream),3.39,3.48,0.09,18,91.5,0,22,38.6,6,41.1,2.0,0
2024112041,050110-4198967,std_2024112041@dongguk.edu,학생_2041,공과대학,전자전기공학부,2,F,논술위주,3.27,3.14,-0.13,18,100.0,0,24,36.9,5,25.4,3.0,0
2023112042,040606-3779349,std_2023112042@dongguk.edu,학생_2042,공과대학,전자전기공학부,3,M,논술위주,2.47,2.69,0.22,18,92.6,0,17,18.0,3,35.3,2.0,0
2024112043,050718-4314274,std_2024112043@dongguk.edu,학생_2043,사범대학,국어교육과,2,F,교과위주(학교장추천),3.18,3.02,-0.16,18,93.2,0,20,26.9,4,20.4,0.0,0
2024112044,050318-3447926,std_2024112044@dongguk.edu,학생_2044,경영대학,경영정보학과,2,M,수능위주(정시),2.87,2.73,-0.13,18,94.7,0,14,38.3,5,10.0,3.0,0
2022112045,030226-4432426,std_2022112045@dongguk.edu,학생_2045,문과대학,철학과,4,F,교과위주(학교장추천),1.8,2.99,1.19,12,80.6,2,7,0.1,0,47.0,0.0,1
2024112046,050124-3702092,std_2024112046@dongguk.edu,학생_2046,바이오시스템대학,생명과학과,2,M,수능위주(정시),2.6,3.07,0.47,18,97.4,0,11,20.3,3,33.1,3.0,0
2023112047,040706-4230386,std_2023112047@dongguk.edu,학생_2047,문과대학,사학과,3,F,교과위주(학교장추천),2.89,2.88,-0.01,18,96.2,0,23,23.3,3,12.9,,0
2021112048,020212-3625653,std_2021112048@dongguk.edu,학생_2048,문과대학,사학과,4,M,학생부종합(DoDream),2.69,2.75,0.06,18,91.6,0,23,16.8,2,29.5,,0
2024112049,050326-4552615,std_2024112049@dongguk.edu,학생_2049,문과대학,철학과,2,F,교과위주(학교장추천),4.38,3.64,-0.73,18,91.1,0,20,17.7,3,12.3,3.0,0
2021112050,020128-3377882,std_2021112050@dongguk.edu,학생_2050,바이오시스템대학,생명과학과,4,M,논술위주,3.33,3.38,0.05,18,97.2,0,27,22.2,3,31.1,0.0,0
2021112051,020522-4817496,std_2021112051@dongguk.edu,학생_2051,공과대학,전자전기공학부,4,F,수능위주(정시),4.16,4.06,-0.1,18,91.6,0,18,16.0,2,35.3,1.0,0
2024112052,050225-3496587,std_2024112052@dongguk.edu,학생_2052,공과대학,전자전기공학부,2,M,수능위주(정시),3.63,3.49,-0.14,18,93.3,0,15,20.9,3,27.1,3.0,0
2024112053,050419-4675314,std_2024112053@dongguk.edu,학생_2053,공과대학,컴퓨터인공지능전공,2,F,논술위주,2.82,3.02,0.2,18,94.5,0,23,16.8,2,40.3,2.0,0
2024112054,051223-3707824,std_2024112054@dongguk.edu,학생_2054,바이오시스템대학,바이오환경과학과,2,M,학생부종합(DoDream),2.99,3.18,0.19,18,89.9,0,11,23.8,3,38.1,0.0,0
2021112055,020728-4424310,std_2021112055@dongguk.edu,학생_2055,문과대학,영어영문학전공,4,F,논술위주,3.13,3.49,0.36,18,86.4,0,22,16.4,2,13.2,3.0,0
2023112056,040317-3317094,std_2023112056@dongguk.edu,학생_2056,문과대학,철학과,3,M,학생부종합(DoDream),3.52,3.56,0.04,15,93.2,1,14,14.9,2,43.0,0.0,0
2023112057,040706-4902384,std_2023112057@dongguk.edu,학생_2057,공과대학,기계로봇에너지공학과,3,F,수능위주(정시),4.4,3.91,-0.67,18,98.1,0,21,7.3,1,16.1,1.0,0
2023112058,041201-3283889,std_2023112058@dongguk.edu,학생_2058,공과대학,전자전기공학부,3,M,논술위주,3.37,3.4,0.03,18,96.2,0,20,10.7,2,10.3,0.0,0
2022112059,030609-4950547,std_2022112059@dongguk.edu,학생_2059,경영대학,경영학과,4,F,논술위주,4.0,3.57,-0.42,18,93.8,0,17,38.1,5,37.6,2.0,0
2022112060,030110-3316514,std_2022112060@dongguk.edu,학생_2060,공과대학,컴퓨터인공지능전공,4,M,논술위주,3.75,3.71,-0.04,18,88.1,0,20,25.4,4,48.9,3.0,0
2021112061,020904-4400149,std_2021112061@dongguk.edu,학생_2061,공과대학,정보통신공학과,4,F,논술위주,2.38,2.33,-0.05,18,87.7,0,13,41.1,6,17.7,,0
2024112062,050307-3536715,std_2024112062@dongguk.edu,학생_2062,공과대학,정보통신공학과,2,M,교과위주(학교장추천),3.42,3.28,-0.13,18,94.8,0,15,15.4,2,24.6,3.0,0
2023112063,041218-4616085,std_2023112063@dongguk.edu,학생_2063,경영대학,회계학과,3,F,학생부종합(DoDream),2.24,3.93,1.69,15,75.0,1,5,5.2,1,73.8,,1
2023112064,040708-3851480,std_2023112064@dongguk.edu,학생_2064,문과대학,사학과,3,M,학생부종합(DoDream),1.47,3.27,1.79,15,62.7,1,5,3.0,0,58.7,0.0,1
2023112065,041006-4905095,std_2023112065@dongguk.edu,학생_2065,공과대학,기계로봇에너지공학과,3,F,수능위주(정시),2.3,3.66,1.26,6,75.2,4,4,4.9,1,74.9,1.0,1
2024112066,051222-3743609,std_2024112066@dongguk.edu,학생_2066,공과대학,전자전기공학부,2,M,논술위주,2.88,3.03,0.15,18,94.3,0,15,5.0,1,53.3,2.0,0
2024112067,050611-4269104,std_2024112067@dongguk.edu,학생_2067,문과대학,국어국문학과,2,F,수능위주(정시),4.4,4.21,-0.19,18,98.0,0,25,26.6,4,21.7,3.0,0
2024112068,050905-3513036,std_2024112068@dongguk.edu,학생_2068,경영대학,경영정보학과,2,M,교과위주(학교장추천),3.49,3.36,-0.13,18,92.2,0,20,22.7,3,26.1,3.0,0
2023112069,040510-4743032,std_2023112069@dongguk.edu,학생_2069,공과대학,컴퓨터인공지능전공,3,F,교과위주(학교장추천),2.95,3.09,0.13,18,92.1,0,19,46.2,7,32.7,3.0,0
2021112070,020907-3403740,std_2021112070@dongguk.edu,학생_2070,사범대학,교육학과,4,M,교과위주(학교장추천),3.74,3.82,0.09,18,95.6,0,15,19.1,3,40.1,0.0,0
2024112071,050707-4956057,std_2024112071@dongguk.edu,학생_2071,공과대학,기계로봇에너지공학과,2,F,교과위주(학교장추천),3.37,3.35,-0.03,18,100.0,0,22,33.6,5,26.1,2.0,0
2023112072,040519-3837346,std_2023112072@dongguk.edu,학생_2072,경영대학,회계학과,3,M,수능위주(정시),2.19,3.16,0.97,9,84.2,3,3,1.3,0,67.5,,1
2021112073,020423-4197439,std_2021112073@dongguk.edu,학생_2073,바이오시스템대학,생명과학과,4,F,학생부종합(DoDream),3.34,3.4,0.05,18,97.0,0,20,14.2,2,28.7,0.0,0
2024112074,051228-3522533,std_2024112074@dongguk.edu,학생_2074,공과대학,기계로봇에너지공학과,2,M,논술위주,2.27,2.4,0.13,18,100.0,0,20,11.8,2,35.3,2.0,0
2023112075,040910-4205212,std_2023112075@dongguk.edu,학생_2075,경영대학,경영정보학과,3,F,수능위주(정시),2.36,2.73,0.37,18,95.6,0,19,17.1,2,18.0,3.0,0
2023112076,040109-3667580,std_2023112076@dongguk.edu,학생_2076,바이오시스템대학,식품생명공학과,3,M,교과위주(학교장추천),4.1,3.79,-0.3,18,100.0,0,20,32.5,5,45.1,1.0,0
2022112077,031026-4907713,std_2022112077@dongguk.edu,학생_2077,문과대학,국어국문학과,4,F,논술위주,3.01,3.0,-0.01,18,91.3,0,26,13.2,2,18.6,0.0,0
2024112078,050505-3571763,std_2024112078@dongguk.edu,학생_2078,문과대학,사학과,2,M,논술위주,3.22,3.26,0.04,18,100.0,0,21,32.8,5,10.0,1.0,0
2022112079,030726-4748042,std_2022112079@dongguk.edu,학생_2079,공과대학,정보통신공학과,4,F,수능위주(정시),4.4,4.23,-0.23,15,98.4,1,24,9.4,1,20.4,0.0,0
2024112080,051102-3974961,std_2024112080@dongguk.edu,학생_2080,공과대학,기계로봇에너지공학과,2,M,학생부종합(DoDream),2.99,2.89,-0.1,18,97.0,0,23,25.9,4,28.5,0.0,0
2024112081,050811-4718192,std_2024112081@dongguk.edu,학생_2081,바이오시스템대학,식품생명공학과,2,F,수능위주(정시),2.92,2.89,-0.03,18,90.4,0,16,22.8,3,10.0,2.0,0
2022112082,031214-3747139,std_2022112082@dongguk.edu,학생_2082,공과대학,정보통신공학과,4,M,수능위주(정시),2.71,2.92,0.21,18,84.4,0,19,42.0,6,27.7,0.0,0
2022112083,031007-4730423,std_2022112083@dongguk.edu,학생_2083,공과대학,컴퓨터인공지능전공,4,F,학생부종합(DoDream),3.41,3.43,0.02,18,90.4,0,13,17.5,2,49.7,0.0,0
2024112084,051107-3288202,std_2024112084@dongguk.edu,학생_2084,공과대학,기계로봇에너지공학과,2,M,논술위주,3.05,3.33,0.28,18,87.5,0,18,5.0,1,31.5,3.0,0
2021112085,021011-4957816,std_2021112085@dongguk.edu,학생_2085,문과대학,사학과,4,F,학생부종합(DoDream),2.58,2.49,-0.09,15,97.1,1,20,21.6,3,27.7,2.0,0
2022112086,030807-3842450,std_2022112086@dongguk.edu,학생_2086,경영대학,회계학과,4,M,교과위주(학교장추천),3.56,3.38,-0.18,18,91.9,0,23,25.0,4,29.3,1.0,0
2022112087,030806-4643156,std_2022112087@dongguk.edu,학생_2087,공과대학,컴퓨터인공지능전공,4,F,교과위주(학교장추천),3.19,3.35,0.16,18,98.3,0,17,46.1,7,40.3,2.0,0
2024112088,050325-3567995,std_2024112088@dongguk.edu,학생_2088,공과대학,정보통신공학과,2,M,교과위주(학교장추천),2.2,2.68,0.49,18,89.7,0,23,5.1,1,37.3,1.0,0
2024112089,051228-4685570,std_2024112089@dongguk.edu,학생_2089,공과대학,전자전기공학부,2,F,논술위주,2.02,3.53,1.51,9,79.9,3,8,1.1,0,69.6,1.0,1
2021112090,020812-3394210,std_2021112090@dongguk.edu,학생_2090,공과대학,컴퓨터인공지능전공,4,M,교과위주(학교장추천),1.72,3.01,1.29,15,85.0,1,9,1.8,0,67.1,0.0,1
2021112091,021108-4811516,std_2021112091@dongguk.edu,학생_2091,사범대학,수학교육과,4,F,논술위주,2.79,2.91,0.13,18,91.2,0,20,19.1,3,17.2,0.0,0
2023112092,040912-3372195,std_2023112092@dongguk.edu,학생_2092,문과대학,철학과,3,M,논술위주,2.41,2.45,0.04,18,94.2,0,20,47.2,7,52.8,1.0,0
2024112093,050524-4911078,std_2024112093@dongguk.edu,학생_2093,경영대학,회계학과,2,F,논술위주,2.87,2.84,-0.03,18,90.2,0,20,19.9,3,29.0,2.0,0
2023112094,040709-3460556,std_2023112094@dongguk.edu,학생_2094,공과대학,전자전기공학부,3,M,학생부종합(DoDream),1.5,2.3,0.81,12,65.2,2,9,6.7,1,45.7,,1
2023112095,040925-4616450,std_2023112095@dongguk.edu,학생_2095,경영대학,회계학과,3,F,수능위주(정시),3.8,3.56,-0.24,18,86.8,0,22,25.7,4,23.9,0.0,0
2023112096,041005-3622223,std_2023112096@dongguk.edu,학생_2096,공과대학,컴퓨터인공지능전공,3,M,수능위주(정시),1.0,2.34,1.44,12,64.3,2,2,3.2,0,40.5,0.0,1
2023112097,040209-4938838,std_2023112097@dongguk.edu,학생_2097,경영대학,경영정보학과,3,F,수능위주(정시),3.28,2.68,-0.6,18,95.4,0,24,5.0,1,39.0,0.0,0
2023112098,040111-3970671,std_2023112098@dongguk.edu,학생_2098,경영대학,경영학과,3,M,논술위주,3.07,2.7,-0.37,18,90.3,0,23,28.9,4,43.9,2.0,0
2024112099,050305-4545934,std_2024112099@dongguk.edu,학생_2099,공과대학,기계로봇에너지공학과,2,F,수능위주(정시),2.82,2.44,-0.38,18,93.2,0,20,28.8,4,33.7,,0
2021112100,020319-3467996,std_2021112100@dongguk.edu,학생_2100,사범대학,수학교육과,4,M,수능위주(정시),3.92,4.1,0.18,18,94.0,0,18,21.7,3,46.2,0.0,0
2021112101,021006-4790917,std_2021112101@dongguk.edu,학생_2101,공과대학,정보통신공학과,4,F,학생부종합(DoDream),3.33,3.72,0.4,18,93.5,0,25,33.2,5,24.2,2.0,0
2024112102,050828-3987324,std_2024112102@dongguk.edu,학생_2102,공과대학,전자전기공학부,2,M,교과위주(학교장추천),2.97,3.2,0.23,18,92.0,0,21,27.4,4,10.0,0.0,0
2024112103,050313-4891114,std_2024112103@dongguk.edu,학생_2103,바이오시스템대학,바이오환경과학과,2,F,논술위주,2.96,3.07,0.1,18,95.8,0,22,27.2,4,53.3,0.0,0
2021112104,020904-3688185,std_2021112104@dongguk.edu,학생_2104,문과대학,영어영문학전공,4,M,교과위주(학교장추천),3.46,3.42,-0.04,18,93.4,0,23,39.6,6,26.8,2.0,0
2022112105,030525-4335029,std_2022112105@dongguk.edu,학생_2105,공과대학,전자전기공학부,4,F,교과위주(학교장추천),3.74,3.81,0.07,18,90.7,0,25,33.3,5,39.4,1.0,0
2022112106,030423-3974635,std_2022112106@dongguk.edu,학생_2106,경영대학,회계학과,4,M,수능위주(정시),3.37,3.03,-0.35,18,90.2,0,21,9.3,1,32.7,0.0,0
2023112107,040409-4580018,std_2023112107@dongguk.edu,학생_2107,공과대학,전자전기공학부,3,F,논술위주,2.97,2.71,-0.27,18,100.0,0,15,11.1,2,32.0,1.0,0
2024112108,050313-3297432,std_2024112108@dongguk.edu,학생_2108,경영대학,회계학과,2,M,학생부종합(DoDream),3.3,2.91,-0.38,18,91.4,0,25,10.3,1,31.0,3.0,0
2022112109,030818-4902767,std_2022112109@dongguk.edu,학생_2109,문과대학,영어영문학전공,4,F,논술위주,3.6,3.46,-0.14,18,93.4,0,14,17.0,2,42.3,2.0,0
2023112110,040602-3491270,std_2023112110@dongguk.edu,학생_2110,공과대학,정보통신공학과,3,M,수능위주(정시),2.95,2.83,-0.12,15,97.4,1,20,18.2,3,19.0,0.0,0
2023112111,040227-4735255,std_2023112111@dongguk.edu,학생_2111,문과대학,영어영문학전공,3,F,논술위주,2.75,2.7,-0.05,18,97.3,0,17,20.6,3,10.0,3.0,0
2021112112,020218-3132850,std_2021112112@dongguk.edu,학생_2112,문과대학,사학과,4,M,학생부종합(DoDream),2.14,3.51,1.37,15,52.0,1,5,4.3,1,64.7,0.0,1
2022112113,030606-4117461,std_2022112113@dongguk.edu,학생_2113,경영대학,회계학과,4,F,논술위주,2.26,2.32,0.06,18,99.1,0,18,35.0,5,19.8,0.0,0
2022112114,030307-3617958,std_2022112114@dongguk.edu,학생_2114,공과대학,정보통신공학과,4,M,교과위주(학교장추천),2.81,3.21,0.4,18,95.8,0,18,23.9,3,13.6,,0
2022112115,030122-4913667,std_2022112115@dongguk.edu,학생_2115,공과대학,정보통신공학과,4,F,수능위주(정시),3.63,3.1,-0.52,18,93.3,0,13,35.1,5,29.0,1.0,0
2024112116,051121-3344096,std_2024112116@dongguk.edu,학생_2116,공과대학,정보통신공학과,2,M,논술위주,1.5,2.81,1.31,15,83.0,1,9,0.0,0,66.8,1.0,1
2024112117,051122-4566592,std_2024112117@dongguk.edu,학생_2117,공과대학,정보통신공학과,2,F,학생부종합(DoDream),3.51,3.75,0.24,15,88.1,1,21,28.0,4,26.4,0.0,0
2022112118,030320-3881348,std_2022112118@dongguk.edu,학생_2118,경영대학,회계학과,4,M,논술위주,3.78,3.59,-0.18,15,95.3,1,21,12.6,2,23.1,2.0,0
2023112119,040413-4412801,std_2023112119@dongguk.edu,학생_2119,문과대학,영어영문학전공,3,F,논술위주,3.08,3.08,-0.01,18,97.9,0,27,25.0,4,29.4,0.0,0
2022112120,030522-3788307,std_2022112120@dongguk.edu,학생_2120,문과대학,철학과,4,M,교과위주(학교장추천),2.74,2.95,0.21,15,98.6,1,18,15.5,2,18.0,2.0,0
2023112121,040304-4603714,std_2023112121@dongguk.edu,학생_2121,공과대학,기계로봇에너지공학과,3,F,논술위주,1.0,2.77,1.79,12,81.3,2,5,5.1,1,47.8,1.0,1
2022112122,030415-3978997,std_2022112122@dongguk.edu,학생_2122,경영대학,회계학과,4,M,논술위주,2.86,2.84,-0.02,18,92.9,0,18,15.1,2,25.0,3.0,0
2021112123,020302-4596869,std_2021112123@dongguk.edu,학생_2123,공과대학,전자전기공학부,4,F,교과위주(학교장추천),2.07,3.1,1.03,15,77.1,1,11,5.9,1,71.5,,1
2021112124,020217-3883704,std_2021112124@dongguk.edu,학생_2124,공과대학,기계로봇에너지공학과,4,M,교과위주(학교장추천),4.03,3.75,-0.28,18,92.2,0,18,11.0,2,28.3,0.0,0
2022112125,031007-4203533,std_2022112125@dongguk.edu,학생_2125,바이오시스템대학,식품생명공학과,4,F,학생부종합(DoDream),3.68,3.21,-0.48,18,93.9,0,14,25.7,4,28.8,1.0,0
2021112126,020419-3347959,std_2021112126@dongguk.edu,학생_2126,공과대학,컴퓨터인공지능전공,4,M,학생부종합(DoDream),2.8,2.77,-0.02,18,99.4,0,17,8.0,1,15.9,2.0,0
2021112127,020909-4923671,std_2021112127@dongguk.edu,학생_2127,사범대학,수학교육과,4,F,학생부종합(DoDream),2.2,2.35,0.45,18,100.0,0,21,23.6,3,27.3,0.0,0
2024112128,050925-3803602,std_2024112128@dongguk.edu,학생_2128,문과대학,철학과,2,M,학생부종합(DoDream),4.16,4.22,0.06,18,92.1,0,14,27.0,4,32.2,1.0,0
2024112129,050204-4896205,std_2024112129@dongguk.edu,학생_2129,공과대학,정보통신공학과,2,F,학생부종합(DoDream),4.4,4.3,-0.2,18,97.1,0,22,32.4,5,25.2,2.0,0
2022112130,031108-3821519,std_2022112130@dongguk.edu,학생_2130,경영대학,회계학과,4,M,수능위주(정시),3.89,3.37,-0.52,18,100.0,0,20,18.2,3,28.3,3.0,0
2023112131,041122-4591357,std_2023112131@dongguk.edu,학생_2131,문과대학,영어영문학전공,3,F,학생부종합(DoDream),4.26,3.91,-0.36,18,92.0,0,22,19.0,3,20.0,1.0,0
2022112132,031123-3775993,std_2022112132@dongguk.edu,학생_2132,문과대학,철학과,4,M,학생부종합(DoDream),3.54,3.47,-0.08,18,93.1,0,13,19.1,3,20.3,,0
2024112133,050624-4604315,std_2024112133@dongguk.edu,학생_2133,공과대학,기계로봇에너지공학과,2,F,논술위주,3.95,3.38,-0.58,18,100.0,0,20,31.4,4,37.7,0.0,0
2022112134,030728-3523994,std_2022112134@dongguk.edu,학생_2134,공과대학,컴퓨터인공지능전공,4,M,논술위주,3.23,2.97,-0.27,15,91.1,1,19,32.5,5,34.2,3.0,0
2021112135,020723-4221204,std_2021112135@dongguk.edu,학생_2135,경영대학,경영정보학과,4,F,수능위주(정시),2.95,3.18,0.24,18,90.1,0,17,20.3,3,31.5,0.0,0
2023112136,040108-3496209,std_2023112136@dongguk.edu,학생_2136,공과대학,전자전기공학부,3,M,논술위주,3.67,2.78,-0.89,18,91.3,0,19,19.4,3,32.7,0.0,0
2024112137,050304-4950739,std_2024112137@dongguk.edu,학생_2137,문과대학,철학과,2,F,교과위주(학교장추천),3.79,3.58,-0.2,15,91.4,1,27,13.5,2,29.4,3.0,0
2023112138,040523-3598356,std_2023112138@dongguk.edu,학생_2138,바이오시스템대학,생명과학과,3,M,논술위주,3.39,3.41,0.03,18,98.0,0,22,5.1,1,20.6,3.0,0
2023112139,040525-4142245,std_2023112139@dongguk.edu,학생_2139,문과대학,국어국문학과,3,F,수능위주(정시),3.45,3.69,0.24,15,96.4,1,22,19.2,3,30.0,0.0,0
2022112140,030110-3461963,std_2022112140@dongguk.edu,학생_2140,공과대학,컴퓨터인공지능전공,4,M,논술위주,3.06,3.07,0.01,18,88.0,0,25,16.8,2,35.5,1.0,0
2024112141,050816-4886821,std_2024112141@dongguk.edu,학생_2141,경영대학,경영학과,2,F,교과위주(학교장추천),3.08,3.42,0.34,18,91.1,0,18,8.5,1,27.1,3.0,0
2022112142,030809-3294051,std_2022112142@dongguk.edu,학생_2142,경영대학,경영정보학과,4,M,논술위주,3.4,2.94,-0.46,18,100.0,0,24,32.4,5,45.7,2.0,0
2022112143,030308-4273909,std_2022112143@dongguk.edu,학생_2143,경영대학,회계학과,4,F,학생부종합(DoDream),2.85,2.84,-0.01,18,89.0,0,16,24.8,4,49.4,3.0,0
2024112144,050911-3531855,std_2024112144@dongguk.edu,학생_2144,사범대학,교육학과,2,M,교과위주(학교장추천),3.59,3.64,0.06,18,97.7,0,14,27.0,4,33.9,0.0,0
2022112145,030719-4263677,std_2022112145@dongguk.edu,학생_2145,경영대학,회계학과,4,F,학생부종합(DoDream),2.32,2.68,0.36,18,96.9,0,22,34.9,5,41.3,1.0,0
2022112146,030616-3144487,std_2022112146@dongguk.edu,학생_2146,공과대학,정보통신공학과,4,M,수능위주(정시),2.03,3.7,1.67,6,63.9,4,4,3.7,1,62.6,0.0,1
2023112147,040826-4924661,std_2023112147@dongguk.edu,학생_2147,경영대학,경영학과,3,F,논술위주,2.52,2.51,-0.02,18,96.8,0,11,31.1,4,38.3,1.0,0
2023112148,040415-3405845,std_2023112148@dongguk.edu,학생_2148,공과대학,전자전기공학부,3,M,논술위주,2.5,2.98,0.48,18,98.4,0,28,36.6,5,36.6,1.0,0
2021112149,021222-4730247,std_2021112149@dongguk.edu,학생_2149,사범대학,국어교육과,4,F,수능위주(정시),2.4,2.63,0.23,18,98.9,0,22,26.0,4,28.5,2.0,0
2023112150,040509-3836285,std_2023112150@dongguk.edu,학생_2150,바이오시스템대학,바이오환경과학과,3,M,학생부종합(DoDream),2.93,2.97,0.04,18,92.0,0,22,5.0,1,31.9,,0
2024112151,050210-4770660,std_2024112151@dongguk.edu,학생_2151,공과대학,전자전기공학부,2,F,수능위주(정시),4.4,4.3,-0.28,18,92.5,0,19,19.1,3,32.0,0.0,0
2022112152,030116-3453059,std_2022112152@dongguk.edu,학생_2152,사범대학,교육학과,4,M,수능위주(정시),3.33,3.06,-0.28,15,100.0,1,12,26.8,4,38.1,0.0,0
2022112153,031210-4118921,std_2022112153@dongguk.edu,학생_2153,공과대학,기계로봇에너지공학과,4,F,학생부종합(DoDream),2.69,2.95,0.26,18,96.7,0,21,21.0,3,25.8,0.0,0
2021112154,020601-3737869,std_2021112154@dongguk.edu,학생_2154,바이오시스템대학,식품생명공학과,4,M,논술위주,2.12,3.7,1.58,12,73.8,2,3,6.2,1,68.0,,1
2023112155,041221-4653267,std_2023112155@dongguk.edu,학생_2155,공과대학,컴퓨터인공지능전공,3,F,학생부종합(DoDream),3.01,3.43,0.42,18,100.0,0,19,30.6,4,26.6,0.0,0
2022112156,030201-3412531,std_2022112156@dongguk.edu,학생_2156,바이오시스템대학,식품생명공학과,4,M,논술위주,2.3,3.38,0.91,15,71.2,1,5,4.3,1,54.3,1.0,1
2023112157,040815-4723878,std_2023112157@dongguk.edu,학생_2157,공과대학,전자전기공학부,3,F,학생부종합(DoDream),3.55,3.76,0.21,18,90.7,0,14,28.0,4,42.9,3.0,0
2023112158,041118-3228848,std_2023112158@dongguk.edu,학생_2158,문과대학,철학과,3,M,교과위주(학교장추천),3.27,3.53,0.26,18,92.2,0,20,22.5,3,33.1,2.0,0
2024112159,050905-4238364,std_2024112159@dongguk.edu,학생_2159,사범대학,국어교육과,2,F,수능위주(정시),2.47,2.64,0.17,18,92.5,0,17,19.6,3,26.9,0.0,0
2023112160,040410-3348637,std_2023112160@dongguk.edu,학생_2160,경영대학,회계학과,3,M,교과위주(학교장추천),2.38,2.95,0.57,18,91.7,0,24,18.2,3,11.7,3.0,0
2022112161,030204-4698887,std_2022112161@dongguk.edu,학생_2161,문과대학,철학과,4,F,수능위주(정시),3.34,3.11,-0.23,18,97.3,0,24,23.4,3,42.4,1.0,0
2022112162,030505-3953361,std_2022112162@dongguk.edu,학생_2162,사범대학,국어교육과,4,M,학생부종합(DoDream),2.74,2.82,0.08,18,91.2,0,18,26.4,4,31.6,3.0,0
2024112163,050621-4536855,std_2024112163@dongguk.edu,학생_2163,문과대학,철학과,2,F,수능위주(정시),4.07,4.09,0.03,18,94.4,0,18,17.8,3,28.0,0.0,0
2021112164,020521-3642139,std_2021112164@dongguk.edu,학생_2164,바이오시스템대학,생명과학과,4,M,수능위주(정시),4.18,3.88,-0.3,18,96.3,0,22,17.4,2,24.8,,0
2021112165,021123-4919203,std_2021112165@dongguk.edu,학생_2165,공과대학,정보통신공학과,4,F,논술위주,3.46,3.36,-0.1,18,95.3,0,21,21.0,3,28.0,,0
2023112166,041102-3804539,std_2023112166@dongguk.edu,학생_2166,바이오시스템대학,생명과학과,3,M,학생부종합(DoDream),2.61,2.52,-0.09,18,98.4,0,14,25.1,4,40.2,3.0,0
2022112167,031012-4348950,std_2022112167@dongguk.edu,학생_2167,사범대학,수학교육과,4,F,수능위주(정시),2.94,2.96,0.03,18,98.4,0,26,27.4,4,33.3,3.0,0
2022112168,031223-3883857,std_2022112168@dongguk.edu,학생_2168,사범대학,교육학과,4,M,논술위주,3.24,2.87,-0.37,18,99.0,0,17,30.1,4,37.2,0.0,0
2021112169,020424-4945803,std_2021112169@dongguk.edu,학생_2169,바이오시스템대학,생명과학과,4,F,교과위주(학교장추천),3.04,3.12,0.08,18,93.6,0,22,16.0,2,45.9,0.0,0
2023112170,041101-3988661,std_2023112170@dongguk.edu,학생_2170,공과대학,기계로봇에너지공학과,3,M,수능위주(정시),3.58,3.06,-0.52,18,89.2,0,25,17.8,3,30.6,3.0,0
2021112171,020923-4405995,std_2021112171@dongguk.edu,학생_2171,공과대학,정보통신공학과,4,F,수능위주(정시),2.41,2.42,0.01,18,99.4,0,24,29.3,4,23.7,3.0,0
2023112172,040922-3172691,std_2023112172@dongguk.edu,학생_2172,사범대학,수학교육과,3,M,수능위주(정시),2.77,3.09,0.32,18,94.6,0,15,7.9,1,32.3,1.0,0
2024112173,050121-4970627,std_2024112173@dongguk.edu,학생_2173,공과대학,기계로봇에너지공학과,2,F,수능위주(정시),2.39,2.79,0.4,18,87.3,0,21,23.2,3,24.6,2.0,0
2021112174,021115-3658981,std_2021112174@dongguk.edu,학생_2174,공과대학,기계로봇에너지공학과,4,M,교과위주(학교장추천),3.21,3.65,0.43,15,94.9,1,26,35.0,5,32.9,1.0,0
2023112175,041223-4662108,std_2023112175@dongguk.edu,학생_2175,문과대학,국어국문학과,3,F,교과위주(학교장추천),1.0,2.43,1.61,15,76.0,1,6,6.3,1,64.7,1.0,1
2022112176,030606-3449341,std_2022112176@dongguk.edu,학생_2176,경영대학,경영학과,4,M,수능위주(정시),2.2,2.38,0.22,18,95.7,0,21,12.8,2,32.9,0.0,0
2024112177,050528-4771856,std_2024112177@dongguk.edu,학생_2177,경영대학,경영학과,2,F,수능위주(정시),3.48,3.64,0.15,18,94.2,0,22,22.8,3,29.9,1.0,0
2022112178,030517-3836448,std_2022112178@dongguk.edu,학생_2178,문과대학,철학과,4,M,수능위주(정시),3.1,3.3,0.2,18,90.9,0,21,22.2,3,34.8,1.0,0
2023112179,040716-4793992,std_2023112179@dongguk.edu,학생_2179,문과대학,철학과,3,F,학생부종합(DoDream),2.93,3.17,0.23,18,91.0,0,22,34.5,5,37.9,1.0,0
2023112180,040804-3265924,std_2023112180@dongguk.edu,학생_2180,바이오시스템대학,생명과학과,3,M,수능위주(정시),3.77,3.58,-0.2,18,97.7,0,19,31.0,4,33.0,1.0,0
2022112181,030125-4342168,std_2022112181@dongguk.edu,학생_2181,공과대학,정보통신공학과,4,F,수능위주(정시),3.16,2.73,-0.43,18,93.5,0,19,44.7,6,21.4,2.0,0
2022112182,031223-3633102,std_2022112182@dongguk.edu,학생_2182,공과대학,정보통신공학과,4,M,교과위주(학교장추천),3.5,3.39,-0.12,18,92.4,0,24,16.7,2,31.1,0.0,0
2021112183,020121-4371929,std_2021112183@dongguk.edu,학생_2183,경영대학,경영정보학과,4,F,학생부종합(DoDream),2.6,2.83,0.23,18,92.2,0,21,14.8,2,37.7,3.0,0
2023112184,040704-3820624,std_2023112184@dongguk.edu,학생_2184,공과대학,전자전기공학부,3,M,교과위주(학교장추천),2.2,2.06,-0.06,18,91.8,0,22,24.2,3,26.6,1.0,0
2023112185,040718-4316983,std_2023112185@dongguk.edu,학생_2185,문과대학,철학과,3,F,교과위주(학교장추천),2.88,3.06,0.19,18,94.3,0,18,22.8,3,42.0,1.0,0
2024112186,050512-3449350,std_2024112186@dongguk.edu,학생_2186,공과대학,컴퓨터인공지능전공,2,M,논술위주,3.52,3.42,-0.1,18,97.3,0,18,25.2,4,42.0,0.0,0
2023112187,041105-4336309,std_2023112187@dongguk.edu,학생_2187,사범대학,수학교육과,3,F,교과위주(학교장추천),3.14,3.21,0.06,18,100.0,0,14,31.9,5,41.8,0.0,0
2023112188,040103-3661256,std_2023112188@dongguk.edu,학생_2188,바이오시스템대학,생명과학과,3,M,논술위주,2.24,2.39,0.15,18,98.7,0,21,23.9,3,22.0,1.0,0
2023112189,040517-4432089,std_2023112189@dongguk.edu,학생_2189,경영대학,경영정보학과,3,F,논술위주,2.2,2.16,0.12,15,93.0,1,11,43.4,6,36.8,,0
2024112190,050609-3411859,std_2024112190@dongguk.edu,학생_2190,문과대학,영어영문학전공,2,M,수능위주(정시),2.79,2.99,0.2,18,100.0,0,16,16.2,2,40.1,3.0,0
2021112191,020117-4501389,std_2021112191@dongguk.edu,학생_2191,경영대학,경영정보학과,4,F,논술위주,3.24,3.11,-0.13,15,95.5,1,26,23.2,3,29.6,0.0,0
2023112192,041124-3664103,std_2023112192@dongguk.edu,학생_2192,사범대학,교육학과,3,M,학생부종합(DoDream),3.67,3.67,0.0,18,100.0,0,21,28.2,4,28.3,2.0,0
2023112193,041221-4284939,std_2023112193@dongguk.edu,학생_2193,경영대학,회계학과,3,F,학생부종합(DoDream),3.62,3.6,-0.02,18,95.4,0,11,20.2,3,37.0,1.0,0
2023112194,040528-3408698,std_2023112194@dongguk.edu,학생_2194,바이오시스템대학,생명과학과,3,M,학생부종합(DoDream),2.3,3.54,1.14,12,72.4,2,9,10.4,1,60.5,0.0,1
2022112195,030619-4824171,std_2022112195@dongguk.edu,학생_2195,문과대학,영어영문학전공,4,F,논술위주,3.47,3.75,0.28,18,92.5,0,10,20.7,3,27.1,2.0,0
2022112196,031017-3907164,std_2022112196@dongguk.edu,학생_2196,경영대학,경영학과,4,M,수능위주(정시),2.31,2.21,-0.1,18,99.9,0,19,6.9,1,30.4,3.0,0
2023112197,040109-4840722,std_2023112197@dongguk.edu,학생_2197,공과대학,전자전기공학부,3,F,학생부종합(DoDream),2.2,2.23,0.12,18,91.9,0,22,35.9,5,21.3,,0
2023112198,040220-3783723,std_2023112198@dongguk.edu,학생_2198,경영대학,회계학과,3,M,수능위주(정시),3.28,3.5,0.22,18,90.2,0,9,28.3,4,38.4,2.0,0
2023112199,040814-4616231,std_2023112199@dongguk.edu,학생_2199,바이오시스템대학,생명과학과,3,F,교과위주(학교장추천),3.41,3.58,0.16,15,91.5,1,20,19.5,3,36.9,3.0,0
2023112200,040812-3240833,std_2023112200@dongguk.edu,학생_2200,문과대학,영어영문학전공,3,M,수능위주(정시),3.22,3.43,0.22,18,93.7,0,14,23.8,3,25.6,0.0,0
2024112201,051022-4581745,std_2024112201@dongguk.edu,학생_2201,공과대학,컴퓨터인공지능전공,2,F,논술위주,2.97,2.93,-0.03,18,89.7,0,19,18.5,3,40.1,3.0,0
2022112202,031123-3127935,std_2022112202@dongguk.edu,학생_2202,문과대학,사학과,4,M,학생부종합(DoDream),3.72,3.45,-0.27,18,93.7,0,18,20.7,3,26.3,1.0,0
2022112203,030121-4802775,std_2022112203@dongguk.edu,학생_2203,공과대학,전자전기공학부,4,F,논술위주,3.02,3.13,0.11,18,93.7,0,19,36.9,5,13.2,2.0,0
2024112204,050906-3723725,std_2024112204@dongguk.edu,학생_2204,바이오시스템대학,식품생명공학과,2,M,교과위주(학교장추천),3.08,2.72,-0.36,18,97.0,0,22,5.0,1,24.5,0.0,0
2023112205,041126-4431431,std_2023112205@dongguk.edu,학생_2205,바이오시스템대학,생명과학과,3,F,논술위주,3.01,3.26,0.25,18,88.8,0,14,22.4,3,18.1,1.0,0
2023112206,041120-3463689,std_2023112206@dongguk.edu,학생_2206,공과대학,정보통신공학과,3,M,수능위주(정시),3.3,3.2,-0.1,18,97.2,0,16,10.3,1,43.9,3.0,0
2024112207,050813-4473352,std_2024112207@dongguk.edu,학생_2207,공과대학,전자전기공학부,2,F,논술위주,2.86,2.82,-0.03,18,83.7,0,18,29.1,4,28.2,2.0,0
2023112208,041003-3305947,std_2023112208@dongguk.edu,학생_2208,바이오시스템대학,바이오환경과학과,3,M,논술위주,3.38,3.66,0.28,18,93.7,0,14,33.5,5,33.2,2.0,0
2021112209,020818-4978911,std_2021112209@dongguk.edu,학생_2209,공과대학,정보통신공학과,4,F,논술위주,3.6,3.35,-0.24,18,91.2,0,16,25.5,4,23.5,1.0,0
2021112210,020207-3154741,std_2021112210@dongguk.edu,학생_2210,공과대학,컴퓨터인공지능전공,4,M,교과위주(학교장추천),3.26,3.19,-0.07,18,91.7,0,20,32.1,5,52.6,,0
2022112211,031122-4861505,std_2022112211@dongguk.edu,학생_2211,문과대학,철학과,4,F,수능위주(정시),2.97,2.86,-0.1,18,88.7,0,17,50.0,7,35.1,2.0,0
2024112212,050407-3558166,std_2024112212@dongguk.edu,학생_2212,문과대학,사학과,2,M,수능위주(정시),4.1,4.3,0.2,18,86.0,0,22,32.1,5,41.3,3.0,0
2024112213,050128-4705119,std_2024112213@dongguk.edu,학생_2213,공과대학,기계로봇에너지공학과,2,F,교과위주(학교장추천),3.55,3.77,0.23,18,87.0,0,18,34.1,5,15.7,,0
2022112214,030224-3521071,std_2022112214@dongguk.edu,학생_2214,경영대학,회계학과,4,M,학생부종합(DoDream),3.18,3.29,0.12,18,91.0,0,19,35.6,5,10.0,2.0,0
2024112215,050127-4319380,std_2024112215@dongguk.edu,학생_2215,바이오시스템대학,식품생명공학과,2,F,학생부종합(DoDream),3.78,3.62,-0.16,18,100.0,0,26,10.6,2,19.1,3.0,0
2022112216,030811-3629811,std_2022112216@dongguk.edu,학생_2216,문과대학,국어국문학과,4,M,수능위주(정시),1.27,2.87,1.6,9,70.1,3,6,1.9,0,83.3,0.0,1
2023112217,041223-4971453,std_2023112217@dongguk.edu,학생_2217,사범대학,수학교육과,3,F,교과위주(학교장추천),2.3,3.67,1.28,9,68.9,3,9,4.3,1,51.2,1.0,1
2022112218,030213-3141992,std_2022112218@dongguk.edu,학생_2218,바이오시스템대학,식품생명공학과,4,M,교과위주(학교장추천),3.91,4.15,0.24,18,98.0,0,19,37.6,5,38.2,0.0,0
2021112219,020912-4495395,std_2021112219@dongguk.edu,학생_2219,문과대학,영어영문학전공,4,F,수능위주(정시),3.31,2.94,-0.37,18,92.1,0,20,29.1,4,15.0,0.0,0
2023112220,040310-3937037,std_2023112220@dongguk.edu,학생_2220,경영대학,경영정보학과,3,M,학생부종합(DoDream),3.27,3.2,-0.07,18,96.5,0,23,29.7,4,26.5,1.0,0
2022112221,030826-4681022,std_2022112221@dongguk.edu,학생_2221,공과대학,정보통신공학과,4,F,논술위주,1.15,2.83,1.69,12,64.6,2,4,4.0,1,84.6,,1
2021112222,021018-3336904,std_2021112222@dongguk.edu,학생_2222,사범대학,국어교육과,4,M,교과위주(학교장추천),3.77,3.49,-0.28,18,93.3,0,22,36.9,5,19.8,3.0,0
2023112223,041225-4723497,std_2023112223@dongguk.edu,학생_2223,공과대학,기계로봇에너지공학과,3,F,학생부종합(DoDream),2.96,2.71,-0.25,15,90.6,1,15,35.2,5,23.5,1.0,0
2022112224,031025-3417023,std_2022112224@dongguk.edu,학생_2224,공과대학,컴퓨터인공지능전공,4,M,논술위주,3.39,3.08,-0.31,18,90.9,0,22,13.9,2,30.4,3.0,0
2021112225,021001-4977993,std_2021112225@dongguk.edu,학생_2225,공과대학,정보통신공학과,4,F,수능위주(정시),2.43,2.54,0.11,15,95.3,1,17,43.9,6,33.9,2.0,0
2023112226,040427-3391422,std_2023112226@dongguk.edu,학생_2226,공과대학,전자전기공학부,3,M,교과위주(학교장추천),2.27,2.34,0.07,18,92.5,0,25,28.3,4,31.7,2.0,0
2022112227,030620-4123118,std_2022112227@dongguk.edu,학생_2227,경영대학,경영학과,4,F,학생부종합(DoDream),2.44,2.82,0.38,18,100.0,0,13,29.0,4,22.4,1.0,0
2023112228,040406-3384235,std_2023112228@dongguk.edu,학생_2228,문과대학,영어영문학전공,3,M,학생부종합(DoDream),3.37,3.41,0.03,18,86.2,0,24,27.5,4,19.5,0.0,0
2023112229,041217-4807944,std_2023112229@dongguk.edu,학생_2229,경영대학,경영정보학과,3,F,학생부종합(DoDream),2.9,2.98,0.08,18,86.2,0,27,29.3,4,41.5,2.0,0
2023112230,040409-3473548,std_2023112230@dongguk.edu,학생_2230,문과대학,영어영문학전공,3,M,논술위주,3.44,3.7,0.26,18,87.5,0,17,13.5,2,43.9,1.0,0
2021112231,020505-4379309,std_2021112231@dongguk.edu,학생_2231,경영대학,경영학과,4,F,논술위주,3.24,3.04,-0.21,15,92.8,1,18,28.5,4,41.3,0.0,0
2024112232,050819-3623091,std_2024112232@dongguk.edu,학생_2232,사범대학,교육학과,2,M,수능위주(정시),3.3,3.33,0.02,18,93.0,0,22,26.6,4,10.0,3.0,0
2021112233,020824-4120885,std_2021112233@dongguk.edu,학생_2233,문과대학,사학과,4,F,학생부종합(DoDream),2.01,3.09,1.08,9,66.0,3,5,0.0,0,49.1,0.0,1
2022112234,030509-3817418,std_2022112234@dongguk.edu,학생_2234,바이오시스템대학,바이오환경과학과,4,M,교과위주(학교장추천),2.3,3.72,1.36,9,69.4,3,5,4.8,1,52.9,,1
2023112235,041006-4849820,std_2023112235@dongguk.edu,학생_2235,문과대학,영어영문학전공,3,F,수능위주(정시),2.89,2.93,0.04,18,92.2,0,18,22.8,3,23.1,1.0,0
2022112236,030808-3610393,std_2022112236@dongguk.edu,학생_2236,바이오시스템대학,식품생명공학과,4,M,학생부종합(DoDream),3.56,3.45,-0.11,18,97.8,0,21,31.2,4,31.2,1.0,0
2023112237,041118-4218589,std_2023112237@dongguk.edu,학생_2237,경영대학,경영학과,3,F,수능위주(정시),2.45,2.92,0.46,18,95.3,0,28,16.5,2,31.2,0.0,0
2023112238,041022-3592844,std_2023112238@dongguk.edu,학생_2238,공과대학,컴퓨터인공지능전공,3,M,수능위주(정시),3.68,3.87,0.19,18,93.6,0,18,28.2,4,28.2,1.0,0
2022112239,031220-4345441,std_2022112239@dongguk.edu,학생_2239,공과대학,기계로봇에너지공학과,4,F,논술위주,2.96,2.9,-0.06,18,93.3,0,11,23.3,3,35.2,,0
2021112240,020809-3193051,std_2021112240@dongguk.edu,학생_2240,경영대학,경영학과,4,M,수능위주(정시),3.19,2.97,-0.21,18,94.2,0,16,40.0,6,25.6,,0
2022112241,030726-4702655,std_2022112241@dongguk.edu,학생_2241,공과대학,정보통신공학과,4,F,교과위주(학교장추천),2.3,2.29,-0.0,18,100.0,0,24,29.0,4,29.3,2.0,0
2024112242,050406-3318900,std_2024112242@dongguk.edu,학생_2242,공과대학,정보통신공학과,2,M,학생부종합(DoDream),1.76,3.16,1.4,12,64.3,2,11,6.4,1,73.4,0.0,1
2023112243,040615-4599666,std_2023112243@dongguk.edu,학생_2243,공과대학,정보통신공학과,3,F,학생부종합(DoDream),3.32,3.21,-0.11,18,92.0,0,25,10.5,1,42.9,1.0,0
2024112244,050212-3929739,std_2024112244@dongguk.edu,학생_2244,사범대학,교육학과,2,M,수능위주(정시),3.07,3.11,0.04,18,96.2,0,19,17.7,3,18.6,2.0,0
2023112245,040519-4762865,std_2023112245@dongguk.edu,학생_2245,문과대학,국어국문학과,3,F,교과위주(학교장추천),2.85,3.04,0.2,18,100.0,0,14,5.9,1,29.1,0.0,0
2022112246,030104-3907965,std_2022112246@dongguk.edu,학생_2246,경영대학,경영정보학과,4,M,논술위주,3.32,3.12,-0.19,18,97.2,0,24,21.1,3,51.1,0.0,0
2023112247,040325-4929929,std_2023112247@dongguk.edu,학생_2247,사범대학,교육학과,3,F,학생부종합(DoDream),2.89,2.99,0.09,15,95.6,1,15,23.7,3,24.2,2.0,0
2022112248,030402-3312433,std_2022112248@dongguk.edu,학생_2248,사범대학,교육학과,4,M,논술위주,3.64,3.51,-0.13,18,95.2,0,14,14.0,2,35.6,,0
2024112249,051102-4632434,std_2024112249@dongguk.edu,학생_2249,문과대학,철학과,2,F,학생부종합(DoDream),3.51,3.47,-0.04,18,94.7,0,20,25.7,4,15.9,,0
2023112250,040805-3826940,std_2023112250@dongguk.edu,학생_2250,문과대학,국어국문학과,3,M,학생부종합(DoDream),3.37,3.49,0.12,18,88.9,0,25,16.8,2,26.0,0.0,0
2021112251,020104-4887756,std_2021112251@dongguk.edu,학생_2251,문과대학,사학과,4,F,논술위주,3.84,3.32,-0.52,15,92.6,1,18,23.9,3,26.4,2.0,0
2024112252,050617-3301178,std_2024112252@dongguk.edu,학생_2252,경영대학,경영정보학과,2,M,논술위주,2.67,2.57,-0.1,18,97.1,0,15,21.5,3,10.8,,0
2022112253,030123-4559133,std_2022112253@dongguk.edu,학생_2253,문과대학,영어영문학전공,4,F,학생부종합(DoDream),1.91,3.01,1.1,15,69.1,1,3,1.7,0,59.5,0.0,1
2024112254,050521-3677342,std_2024112254@dongguk.edu,학생_2254,경영대학,회계학과,2,M,학생부종합(DoDream),3.02,3.17,0.15,18,94.0,0,20,30.9,4,30.1,0.0,0
2023112255,040615-4304792,std_2023112255@dongguk.edu,학생_2255,경영대학,회계학과,3,F,수능위주(정시),3.57,3.49,-0.09,18,96.1,0,17,34.6,5,15.7,2.0,0
2023112256,040506-3877398,std_2023112256@dongguk.edu,학생_2256,문과대학,영어영문학전공,3,M,학생부종합(DoDream),1.92,3.38,1.46,15,78.3,1,6,0.5,0,62.1,1.0,1
2022112257,030502-4680234,std_2022112257@dongguk.edu,학생_2257,경영대학,경영학과,4,F,학생부종합(DoDream),2.2,2.31,0.21,18,90.2,0,23,15.1,2,49.5,0.0,0
2024112258,050326-3571472,std_2024112258@dongguk.edu,학생_2258,경영대학,회계학과,2,M,수능위주(정시),2.63,2.65,0.02,18,92.3,0,21,13.2,2,47.7,0.0,0
2022112259,030202-4340503,std_2022112259@dongguk.edu,학생_2259,경영대학,회계학과,4,F,교과위주(학교장추천),3.77,3.27,-0.5,18,90.7,0,22,22.8,3,33.1,0.0,0
2024112260,050310-3815327,std_2024112260@dongguk.edu,학생_2260,문과대학,국어국문학과,2,M,논술위주,2.53,2.52,-0.01,18,92.8,0,19,24.9,4,46.0,3.0,0
2023112261,040828-4706813,std_2023112261@dongguk.edu,학생_2261,사범대학,교육학과,3,F,학생부종합(DoDream),3.06,3.32,0.27,18,99.2,0,25,31.9,5,26.4,2.0,0
2023112262,040803-3649851,std_2023112262@dongguk.edu,학생_2262,공과대학,기계로봇에너지공학과,3,M,논술위주,2.49,2.94,0.45,18,96.7,0,28,18.6,3,24.2,2.0,0
2023112263,041112-4793041,std_2023112263@dongguk.edu,학생_2263,문과대학,사학과,3,F,학생부종합(DoDream),2.2,2.62,0.53,18,93.1,0,23,17.1,2,36.3,3.0,0
2023112264,041112-3115106,std_2023112264@dongguk.edu,학생_2264,경영대학,경영정보학과,3,M,학생부종합(DoDream),1.87,3.17,1.3,12,69.6,2,1,4.5,1,68.3,1.0,1
2023112265,040101-4548291,std_2023112265@dongguk.edu,학생_2265,문과대학,영어영문학전공,3,F,수능위주(정시),4.02,3.96,-0.06,18,89.4,0,23,5.0,1,21.4,3.0,0
2022112266,031109-3228787,std_2022112266@dongguk.edu,학생_2266,공과대학,컴퓨터인공지능전공,4,M,학생부종합(DoDream),2.52,2.43,-0.1,18,90.3,0,15,27.2,4,15.8,2.0,0
2023112267,040325-4982542,std_2023112267@dongguk.edu,학생_2267,공과대학,전자전기공학부,3,F,수능위주(정시),2.63,2.82,0.18,18,96.9,0,20,27.7,4,17.8,0.0,0
2024112268,051217-3581616,std_2024112268@dongguk.edu,학생_2268,경영대학,회계학과,2,M,학생부종합(DoDream),1.2,2.84,1.63,15,61.5,1,2,3.2,0,54.4,,1
2023112269,040807-4298745,std_2023112269@dongguk.edu,학생_2269,공과대학,컴퓨터인공지능전공,3,F,논술위주,1.8,3.39,1.59,12,69.4,2,13,10.6,2,66.0,0.0,1
2023112270,040909-3573620,std_2023112270@dongguk.edu,학생_2270,문과대학,국어국문학과,3,M,수능위주(정시),3.25,3.61,0.36,18,91.9,0,19,44.2,6,14.9,2.0,0
2021112271,021205-4966407,std_2021112271@dongguk.edu,학생_2271,경영대학,경영학과,4,F,학생부종합(DoDream),2.26,2.39,0.13,18,96.1,0,20,7.8,1,29.5,1.0,0
2023112272,040814-3525572,std_2023112272@dongguk.edu,학생_2272,사범대학,수학교육과,3,M,학생부종합(DoDream),3.37,3.41,0.05,18,97.8,0,19,19.7,3,34.4,1.0,0
2023112273,041110-4510004,std_2023112273@dongguk.edu,학생_2273,문과대학,영어영문학전공,3,F,논술위주,2.3,3.13,0.81,9,76.6,3,1,0.9,0,56.5,0.0,1
2022112274,031221-3138728,std_2022112274@dongguk.edu,학생_2274,바이오시스템대학,생명과학과,4,M,교과위주(학교장추천),2.08,3.64,1.55,12,72.3,2,8,4.4,1,70.6,1.0,1
2024112275,050318-4290173,std_2024112275@dongguk.edu,학생_2275,사범대학,국어교육과,2,F,수능위주(정시),3.69,3.63,-0.06,18,93.9,0,23,8.8,1,32.2,2.0,0
2023112276,040910-3305956,std_2023112276@dongguk.edu,학생_2276,공과대학,컴퓨터인공지능전공,3,M,학생부종합(DoDream),3.71,3.63,-0.09,18,92.0,0,15,14.3,2,19.5,0.0,0
2023112277,041023-4404335,std_2023112277@dongguk.edu,학생_2277,문과대학,국어국문학과,3,F,논술위주,2.2,1.87,0.05,15,93.4,1,26,41.2,6,37.0,3.0,0
2021112278,021015-3219529,std_2021112278@dongguk.edu,학생_2278,문과대학,영어영문학전공,4,M,교과위주(학교장추천),3.38,3.47,0.09,18,94.8,0,22,18.9,3,28.9,3.0,0
2021112279,020424-4951413,std_2021112279@dongguk.edu,학생_2279,공과대학,컴퓨터인공지능전공,4,F,학생부종합(DoDream),2.3,3.39,1.06,9,72.6,3,5,3.0,0,66.2,1.0,1
2023112280,041114-3564991,std_2023112280@dongguk.edu,학생_2280,공과대학,기계로봇에너지공학과,3,M,논술위주,3.41,3.57,0.16,15,100.0,1,15,22.3,3,41.9,3.0,0
2023112281,040915-4433843,std_2023112281@dongguk.edu,학생_2281,바이오시스템대학,식품생명공학과,3,F,수능위주(정시),3.28,3.42,0.14,18,93.9,0,20,15.0,2,14.5,2.0,0
2021112282,020925-3764047,std_2021112282@dongguk.edu,학생_2282,사범대학,국어교육과,4,M,논술위주,2.22,2.39,0.17,18,93.5,0,22,14.1,2,19.9,3.0,0
2021112283,020210-4570518,std_2021112283@dongguk.edu,학생_2283,경영대학,경영학과,4,F,학생부종합(DoDream),2.2,1.7,0.57,18,96.6,0,11,34.3,5,13.5,1.0,0
2021112284,020724-3962072,std_2021112284@dongguk.edu,학생_2284,바이오시스템대학,식품생명공학과,4,M,학생부종합(DoDream),4.02,3.84,-0.17,18,98.7,0,18,24.4,3,48.2,1.0,0
2021112285,020108-4361301,std_2021112285@dongguk.edu,학생_2285,경영대학,경영정보학과,4,F,학생부종합(DoDream),3.37,3.59,0.22,18,92.0,0,14,36.1,5,11.3,,0
2021112286,020113-3871224,std_2021112286@dongguk.edu,학생_2286,바이오시스템대학,식품생명공학과,4,M,수능위주(정시),3.46,3.41,-0.05,18,100.0,0,17,16.6,2,34.8,2.0,0
2022112287,030426-4644805,std_2022112287@dongguk.edu,학생_2287,경영대학,회계학과,4,F,수능위주(정시),3.18,3.02,-0.16,18,90.4,0,21,45.7,7,20.9,,0
2023112288,041217-3161324,std_2023112288@dongguk.edu,학생_2288,공과대학,정보통신공학과,3,M,수능위주(정시),3.21,3.33,0.12,18,90.7,0,26,33.8,5,45.8,,0
2023112289,040903-4938074,std_2023112289@dongguk.edu,학생_2289,바이오시스템대학,바이오환경과학과,3,F,논술위주,3.33,3.28,-0.05,18,86.8,0,24,23.7,3,25.8,1.0,0
2021112290,020122-3942541,std_2021112290@dongguk.edu,학생_2290,공과대학,컴퓨터인공지능전공,4,M,논술위주,3.42,3.38,-0.03,18,100.0,0,18,15.9,2,29.6,1.0,0
2021112291,020712-4451143,std_2021112291@dongguk.edu,학생_2291,경영대학,경영학과,4,F,학생부종합(DoDream),2.95,3.07,0.12,15,97.0,1,17,39.6,6,54.5,3.0,0
2024112292,051102-3170655,std_2024112292@dongguk.edu,학생_2292,경영대학,경영정보학과,2,M,학생부종합(DoDream),2.2,2.38,0.56,18,92.6,0,23,5.0,1,26.6,0.0,0
2024112293,050102-4962307,std_2024112293@dongguk.edu,학생_2293,공과대학,전자전기공학부,2,F,교과위주(학교장추천),2.74,2.33,-0.42,18,90.8,0,28,23.5,3,48.2,1.0,0
2021112294,020302-3152396,std_2021112294@dongguk.edu,학생_2294,사범대학,수학교육과,4,M,논술위주,4.35,3.87,-0.48,18,100.0,0,20,31.0,4,30.5,3.0,0
2021112295,020513-4395229,std_2021112295@dongguk.edu,학생_2295,사범대학,수학교육과,4,F,수능위주(정시),3.66,3.1,-0.55,18,97.5,0,12,21.2,3,32.3,3.0,0
2022112296,030904-3102966,std_2022112296@dongguk.edu,학생_2296,경영대학,경영학과,4,M,논술위주,2.91,3.02,0.11,18,93.7,0,20,8.9,1,15.3,1.0,0
2024112297,050618-4905110,std_2024112297@dongguk.edu,학생_2297,공과대학,컴퓨터인공지능전공,2,F,학생부종합(DoDream),3.68,3.66,-0.01,18,99.1,0,24,33.1,5,14.6,2.0,0
2023112298,040821-3226160,std_2023112298@dongguk.edu,학생_2298,공과대학,컴퓨터인공지능전공,3,M,논술위주,3.04,3.3,0.26,18,99.8,0,26,23.7,3,37.3,,0
2022112299,031104-4540398,std_2022112299@dongguk.edu,학생_2299,바이오시스템대학,바이오환경과학과,4,F,교과위주(학교장추천),2.71,2.63,-0.08,18,89.8,0,27,28.1,4,18.3,2.0,0
2024112300,051128-3928475,std_2024112300@dongguk.edu,학생_2300,공과대학,기계로봇에너지공학과,2,M,수능위주(정시),1.6,2.61,1.01,12,83.7,2,4,2.1,0,70.9,,1
2023112301,040702-4609404,std_2023112301@dongguk.edu,학생_2301,바이오시스템대학,생명과학과,3,F,수능위주(정시),3.66,3.55,-0.11,18,94.5,0,15,45.9,7,33.0,2.0,0
2022112302,030609-3284969,std_2022112302@dongguk.edu,학생_2302,문과대학,영어영문학전공,4,M,수능위주(정시),1.01,2.44,1.42,9,74.1,3,5,2.1,0,72.1,0.0,1
2024112303,050810-4549141,std_2024112303@dongguk.edu,학생_2303,문과대학,영어영문학전공,2,F,학생부종합(DoDream),2.93,3.01,0.08,18,93.4,0,20,11.3,2,33.6,3.0,0
2023112304,040326-3902985,std_2023112304@dongguk.edu,학생_2304,문과대학,영어영문학전공,3,M,학생부종합(DoDream),3.8,3.84,0.04,18,92.6,0,25,29.8,4,55.8,0.0,0
2023112305,040212-4681585,std_2023112305@dongguk.edu,학생_2305,문과대학,철학과,3,F,교과위주(학교장추천),2.99,3.15,0.16,18,94.9,0,25,33.4,5,35.8,3.0,0
2024112306,050316-3114828,std_2024112306@dongguk.edu,학생_2306,사범대학,국어교육과,2,M,논술위주,2.89,2.92,0.03,18,92.9,0,20,27.5,4,32.5,1.0,0
2022112307,030205-4688564,std_2022112307@dongguk.edu,학생_2307,바이오시스템대학,바이오환경과학과,4,F,학생부종합(DoDream),2.2,3.06,0.86,9,61.3,3,4,0.0,0,77.7,,1
2023112308,040504-3689011,std_2023112308@dongguk.edu,학생_2308,경영대학,회계학과,3,M,학생부종합(DoDream),2.43,2.17,-0.27,18,97.0,0,14,17.0,2,27.5,0.0,0
2024112309,050304-4783978,std_2024112309@dongguk.edu,학생_2309,경영대학,경영학과,2,F,수능위주(정시),4.11,3.92,-0.18,18,91.1,0,22,16.0,2,33.6,0.0,0
2021112310,021001-3935581,std_2021112310@dongguk.edu,학생_2310,문과대학,영어영문학전공,4,M,교과위주(학교장추천),3.97,3.91,-0.06,18,87.8,0,23,25.9,4,15.5,1.0,0
2021112311,020925-4458494,std_2021112311@dongguk.edu,학생_2311,사범대학,교육학과,4,F,학생부종합(DoDream),2.74,2.81,0.08,18,96.4,0,16,30.7,4,24.9,0.0,0
2022112312,030312-3999022,std_2022112312@dongguk.edu,학생_2312,공과대학,전자전기공학부,4,M,논술위주,3.3,3.18,-0.11,18,92.8,0,17,10.2,1,29.6,3.0,0
2023112313,040919-4929153,std_2023112313@dongguk.edu,학생_2313,공과대학,정보통신공학과,3,F,수능위주(정시),1.51,3.26,1.74,15,73.5,1,8,10.0,1,64.3,0.0,1
2024112314,050521-3777242,std_2024112314@dongguk.edu,학생_2314,공과대학,기계로봇에너지공학과,2,M,교과위주(학교장추천),3.15,3.19,0.04,18,86.8,0,14,24.9,4,22.7,0.0,0
2022112315,031117-4466726,std_2022112315@dongguk.edu,학생_2315,공과대학,정보통신공학과,4,F,교과위주(학교장추천),3.35,3.19,-0.16,15,98.4,1,22,27.4,4,29.5,2.0,0
2023112316,041028-3132720,std_2023112316@dongguk.edu,학생_2316,문과대학,철학과,3,M,학생부종합(DoDream),3.76,4.03,0.27,18,94.0,0,12,26.7,4,33.5,3.0,0
2024112317,050409-4804059,std_2024112317@dongguk.edu,학생_2317,공과대학,전자전기공학부,2,F,논술위주,2.2,2.09,0.11,18,96.0,0,24,16.7,2,44.9,3.0,0
2021112318,020722-3967561,std_2021112318@dongguk.edu,학생_2318,공과대학,전자전기공학부,4,M,논술위주,3.1,3.03,-0.06,15,98.1,1,21,29.8,4,44.6,1.0,0
2023112319,040714-4704912,std_2023112319@dongguk.edu,학생_2319,문과대학,사학과,3,F,교과위주(학교장추천),2.93,2.84,-0.09,18,88.8,0,18,47.4,7,25.5,1.0,0
2023112320,040422-3769709,std_2023112320@dongguk.edu,학생_2320,경영대학,회계학과,3,M,수능위주(정시),2.23,1.86,-0.37,18,94.5,0,22,23.2,3,39.1,3.0,0
2023112321,040724-4320713,std_2023112321@dongguk.edu,학생_2321,공과대학,컴퓨터인공지능전공,3,F,수능위주(정시),1.79,2.91,1.12,15,81.1,1,5,3.0,0,39.3,,1
2023112322,040626-3992025,std_2023112322@dongguk.edu,학생_2322,문과대학,국어국문학과,3,M,논술위주,4.4,4.12,-0.32,18,92.4,0,22,28.4,4,43.5,3.0,0
2023112323,040720-4585080,std_2023112323@dongguk.edu,학생_2323,공과대학,기계로봇에너지공학과,3,F,논술위주,4.15,3.58,-0.56,18,93.2,0,21,20.6,3,10.8,2.0,0
2023112324,040918-3170110,std_2023112324@dongguk.edu,학생_2324,문과대학,철학과,3,M,수능위주(정시),2.85,2.96,0.12,18,95.5,0,22,20.4,3,42.6,3.0,0
2024112325,050704-4241189,std_2024112325@dongguk.edu,학생_2325,경영대학,회계학과,2,F,논술위주,3.98,3.62,-0.36,18,97.1,0,16,19.6,3,37.1,3.0,0
2022112326,030424-3128586,std_2022112326@dongguk.edu,학생_2326,사범대학,국어교육과,4,M,논술위주,2.2,2.1,0.18,18,94.1,0,24,20.8,3,20.2,2.0,0
2021112327,020520-4386336,std_2021112327@dongguk.edu,학생_2327,경영대학,회계학과,4,F,수능위주(정시),2.57,2.8,0.23,18,92.3,0,19,29.8,4,17.7,0.0,0
2023112328,041101-3830400,std_2023112328@dongguk.edu,학생_2328,공과대학,전자전기공학부,3,M,교과위주(학교장추천),2.3,3.25,0.91,15,66.8,1,9,1.2,0,46.3,0.0,1
2021112329,020605-4156316,std_2021112329@dongguk.edu,학생_2329,사범대학,교육학과,4,F,수능위주(정시),3.93,3.47,-0.47,18,94.3,0,17,10.8,2,27.1,0.0,0
2022112330,030918-3608029,std_2022112330@dongguk.edu,학생_2330,공과대학,전자전기공학부,4,M,수능위주(정시),1.51,2.81,1.3,12,72.0,2,7,3.4,0,72.6,1.0,1
2023112331,040319-4692763,std_2023112331@dongguk.edu,학생_2331,공과대학,컴퓨터인공지능전공,3,F,수능위주(정시),3.28,3.01,-0.28,15,98.4,1,23,11.4,2,31.1,2.0,0
2022112332,030304-3523138,std_2022112332@dongguk.edu,학생_2332,공과대학,기계로봇에너지공학과,4,M,학생부종합(DoDream),3.67,3.35,-0.32,18,97.8,0,19,34.0,5,38.5,2.0,0
2021112333,021002-4591705,std_2021112333@dongguk.edu,학생_2333,공과대학,기계로봇에너지공학과,4,F,교과위주(학교장추천),3.82,4.3,0.48,18,94.4,0,20,19.3,3,13.5,3.0,0
2021112334,020403-3999148,std_2021112334@dongguk.edu,학생_2334,공과대학,전자전기공학부,4,M,수능위주(정시),3.12,2.63,-0.49,15,94.4,1,25,26.7,4,12.7,3.0,0
2022112335,030502-4790963,std_2022112335@dongguk.edu,학생_2335,사범대학,국어교육과,4,F,논술위주,2.2,2.04,0.07,18,90.5,0,16,15.1,2,10.0,2.0,0
2022112336,030413-3140816,std_2022112336@dongguk.edu,학생_2336,문과대학,사학과,4,M,수능위주(정시),2.86,3.31,0.45,18,94.1,0,24,28.5,4,39.6,3.0,0
2024112337,051102-4681887,std_2024112337@dongguk.edu,학생_2337,문과대학,영어영문학전공,2,F,수능위주(정시),2.72,2.46,-0.25,18,98.2,0,17,31.5,4,36.0,3.0,0
2022112338,030707-3756860,std_2022112338@dongguk.edu,학생_2338,사범대학,국어교육과,4,M,논술위주,3.46,3.53,0.07,18,96.6,0,19,26.1,4,44.1,1.0,0
2023112339,040911-4899664,std_2023112339@dongguk.edu,학생_2339,문과대학,사학과,3,F,교과위주(학교장추천),3.45,2.98,-0.47,18,90.5,0,25,23.6,3,41.8,3.0,0
2022112340,030502-3116665,std_2022112340@dongguk.edu,학생_2340,경영대학,경영정보학과,4,M,교과위주(학교장추천),3.54,3.33,-0.21,18,92.8,0,16,29.1,4,28.4,2.0,0
2022112341,030217-4869172,std_2022112341@dongguk.edu,학생_2341,공과대학,컴퓨터인공지능전공,4,F,학생부종합(DoDream),3.26,3.02,-0.24,15,93.2,1,17,32.2,5,29.0,2.0,0
2021112342,020222-3427200,std_2021112342@dongguk.edu,학생_2342,바이오시스템대학,식품생명공학과,4,M,학생부종합(DoDream),3.89,3.71,-0.18,18,95.3,0,13,16.8,2,33.0,3.0,0
2023112343,040725-4436284,std_2023112343@dongguk.edu,학생_2343,문과대학,철학과,3,F,학생부종합(DoDream),2.27,2.45,0.19,18,100.0,0,19,21.6,3,17.5,0.0,0
2024112344,050205-3588693,std_2024112344@dongguk.edu,학생_2344,공과대학,전자전기공학부,2,M,학생부종합(DoDream),3.85,3.76,-0.09,18,99.1,0,23,31.7,5,25.7,2.0,0
2024112345,050127-4890259,std_2024112345@dongguk.edu,학생_2345,사범대학,국어교육과,2,F,논술위주,1.0,2.61,1.65,6,72.3,4,9,2.9,0,70.1,,1
2023112346,040715-3817879,std_2023112346@dongguk.edu,학생_2346,공과대학,컴퓨터인공지능전공,3,M,논술위주,3.07,3.12,0.05,18,96.7,0,21,23.4,3,22.9,0.0,0
2022112347,030508-4440282,std_2022112347@dongguk.edu,학생_2347,경영대학,경영정보학과,4,F,논술위주,1.73,2.8,1.07,6,75.8,4,6,0.0,0,67.5,1.0,1
2024112348,050514-3227211,std_2024112348@dongguk.edu,학생_2348,문과대학,사학과,2,M,수능위주(정시),3.62,3.37,-0.25,18,92.8,0,21,10.1,1,50.6,1.0,0
2024112349,050601-4788708,std_2024112349@dongguk.edu,학생_2349,공과대학,전자전기공학부,2,F,수능위주(정시),3.22,3.26,0.04,18,98.0,0,26,32.0,5,27.6,,0
2021112350,020105-3740278,std_2021112350@dongguk.edu,학생_2350,문과대학,사학과,4,M,교과위주(학교장추천),3.54,3.49,-0.05,18,94.3,0,19,19.7,3,28.4,3.0,0
2024112351,051006-4718333,std_2024112351@dongguk.edu,학생_2351,바이오시스템대학,바이오환경과학과,2,F,논술위주,1.38,2.92,1.54,12,78.4,2,3,4.8,1,41.5,1.0,1
2022112352,030322-3351976,std_2022112352@dongguk.edu,학생_2352,바이오시스템대학,생명과학과,4,M,논술위주,3.03,3.14,0.11,18,98.1,0,11,21.7,3,44.5,0.0,0
2023112353,040921-4713298,std_2023112353@dongguk.edu,학생_2353,사범대학,국어교육과,3,F,교과위주(학교장추천),3.54,3.35,-0.19,18,97.2,0,15,34.8,5,37.2,3.0,0
2023112354,040316-3568196,std_2023112354@dongguk.edu,학생_2354,바이오시스템대학,바이오환경과학과,3,M,논술위주,2.73,2.65,-0.08,18,94.5,0,26,23.3,3,30.1,3.0,0
2022112355,030128-4647416,std_2022112355@dongguk.edu,학생_2355,경영대학,경영정보학과,4,F,수능위주(정시),3.23,3.24,0.01,18,99.6,0,18,32.9,5,30.1,3.0,0
2024112356,051111-3435978,std_2024112356@dongguk.edu,학생_2356,공과대학,컴퓨터인공지능전공,2,M,학생부종합(DoDream),3.79,3.92,0.13,18,97.5,0,15,32.7,5,32.8,,0
2024112357,050511-4905322,std_2024112357@dongguk.edu,학생_2357,바이오시스템대학,생명과학과,2,F,논술위주,2.91,3.1,0.2,18,96.5,0,15,14.6,2,35.1,1.0,0
2024112358,050824-3936693,std_2024112358@dongguk.edu,학생_2358,문과대학,국어국문학과,2,M,교과위주(학교장추천),3.44,3.31,-0.13,18,95.1,0,16,21.1,3,19.2,3.0,0
2023112359,040709-4796189,std_2023112359@dongguk.edu,학생_2359,경영대학,경영학과,3,F,수능위주(정시),3.82,3.79,-0.03,18,85.8,0,12,13.7,2,30.6,3.0,0
2022112360,031115-3761034,std_2022112360@dongguk.edu,학생_2360,공과대학,정보통신공학과,4,M,학생부종합(DoDream),3.46,3.08,-0.38,18,94.9,0,21,41.8,6,36.7,1.0,0
2022112361,030624-4398162,std_2022112361@dongguk.edu,학생_2361,문과대학,국어국문학과,4,F,교과위주(학교장추천),3.92,3.66,-0.26,15,92.2,1,20,15.9,2,28.8,0.0,0
2023112362,040512-3838833,std_2023112362@dongguk.edu,학생_2362,공과대학,컴퓨터인공지능전공,3,M,교과위주(학교장추천),3.51,3.54,0.03,18,96.5,0,19,17.0,2,10.0,0.0,0
2022112363,030624-4675366,std_2022112363@dongguk.edu,학생_2363,공과대학,기계로봇에너지공학과,4,F,교과위주(학교장추천),3.31,2.99,-0.31,15,92.1,1,18,16.2,2,35.8,2.0,0
2023112364,040315-3974456,std_2023112364@dongguk.edu,학생_2364,문과대학,국어국문학과,3,M,교과위주(학교장추천),3.64,3.98,0.34,15,90.3,1,26,27.2,4,27.6,3.0,0
2021112365,020208-4315880,std_2021112365@dongguk.edu,학생_2365,바이오시스템대학,바이오환경과학과,4,F,논술위주,2.35,2.12,-0.22,18,94.0,0,17,18.8,3,10.0,3.0,0
2022112366,030201-3739759,std_2022112366@dongguk.edu,학생_2366,바이오시스템대학,식품생명공학과,4,M,수능위주(정시),2.02,2.91,0.89,15,71.8,1,3,1.6,0,56.4,0.0,1
2021112367,021115-4373497,std_2021112367@dongguk.edu,학생_2367,경영대학,경영정보학과,4,F,논술위주,3.02,3.19,0.16,18,92.4,0,14,41.7,6,33.3,2.0,0
2023112368,041023-3264079,std_2023112368@dongguk.edu,학생_2368,경영대학,회계학과,3,M,논술위주,3.19,3.02,-0.16,18,94.3,0,22,25.4,4,19.0,3.0,0
2022112369,030725-4969087,std_2022112369@dongguk.edu,학생_2369,바이오시스템대학,바이오환경과학과,4,F,수능위주(정시),4.2,3.43,-0.77,18,95.4,0,18,13.8,2,35.8,1.0,0
2024112370,050726-3671755,std_2024112370@dongguk.edu,학생_2370,공과대학,정보통신공학과,2,M,학생부종합(DoDream),2.13,3.26,1.13,9,70.3,3,10,4.2,1,75.2,0.0,1
2024112371,050407-4322175,std_2024112371@dongguk.edu,학생_2371,바이오시스템대학,바이오환경과학과,2,F,교과위주(학교장추천),2.86,2.39,-0.47,18,93.2,0,19,36.6,5,22.9,3.0,0
2022112372,030703-3869458,std_2022112372@dongguk.edu,학생_2372,문과대학,국어국문학과,4,M,논술위주,3.6,3.42,-0.18,15,96.5,1,19,30.0,4,32.3,3.0,0
2023112373,041203-4673967,std_2023112373@dongguk.edu,학생_2373,사범대학,국어교육과,3,F,수능위주(정시),2.57,2.76,0.19,15,87.7,1,23,27.3,4,25.0,0.0,0
2022112374,031020-3569417,std_2022112374@dongguk.edu,학생_2374,바이오시스템대학,생명과학과,4,M,논술위주,3.44,3.16,-0.28,18,91.3,0,24,25.4,4,20.7,2.0,0
2022112375,030209-4564749,std_2022112375@dongguk.edu,학생_2375,문과대학,철학과,4,F,수능위주(정시),2.98,3.07,0.1,18,94.2,0,20,37.3,5,52.4,2.0,0
2023112376,041208-3800083,std_2023112376@dongguk.edu,학생_2376,공과대학,전자전기공학부,3,M,교과위주(학교장추천),4.02,4.3,0.28,15,89.9,1,17,24.7,4,46.4,2.0,0
2024112377,051108-4989706,std_2024112377@dongguk.edu,학생_2377,문과대학,영어영문학전공,2,F,교과위주(학교장추천),3.19,3.35,0.16,18,96.2,0,18,26.3,4,32.6,0.0,0
2023112378,040805-3214943,std_2023112378@dongguk.edu,학생_2378,문과대학,국어국문학과,3,M,교과위주(학교장추천),3.28,3.45,0.18,18,98.0,0,16,26.0,4,20.9,,0
2024112379,050211-4561764,std_2024112379@dongguk.edu,학생_2379,바이오시스템대학,생명과학과,2,F,수능위주(정시),2.2,2.07,0.17,15,93.8,1,11,44.6,6,35.9,1.0,0
2022112380,030725-3778415,std_2022112380@dongguk.edu,학생_2380,바이오시스템대학,바이오환경과학과,4,M,수능위주(정시),2.3,3.99,1.12,6,66.6,4,1,2.9,0,42.9,1.0,1
2022112381,030124-4613873,std_2022112381@dongguk.edu,학생_2381,공과대학,전자전기공학부,4,F,교과위주(학교장추천),2.9,2.77,-0.13,18,94.8,0,19,5.0,1,21.4,2.0,0
2023112382,041215-3465049,std_2023112382@dongguk.edu,학생_2382,공과대학,정보통신공학과,3,M,학생부종합(DoDream),2.92,2.54,-0.37,18,85.6,0,26,40.8,6,23.8,3.0,0
2022112383,030513-4812169,std_2022112383@dongguk.edu,학생_2383,경영대학,경영정보학과,4,F,논술위주,3.24,2.76,-0.48,18,95.5,0,18,36.1,5,23.0,1.0,0
2023112384,040627-3680623,std_2023112384@dongguk.edu,학생_2384,공과대학,컴퓨터인공지능전공,3,M,학생부종합(DoDream),3.01,3.42,0.42,18,92.9,0,18,43.7,6,49.2,1.0,0
2023112385,040704-4149157,std_2023112385@dongguk.edu,학생_2385,공과대학,전자전기공학부,3,F,논술위주,3.11,3.18,0.07,18,93.9,0,21,45.2,6,24.1,1.0,0
2024112386,050422-3146521,std_2024112386@dongguk.edu,학생_2386,사범대학,교육학과,2,M,학생부종합(DoDream),2.2,1.89,0.13,15,97.8,1,13,19.9,3,33.6,0.0,0
2021112387,020823-4261761,std_2021112387@dongguk.edu,학생_2387,공과대학,기계로봇에너지공학과,4,F,교과위주(학교장추천),3.35,3.14,-0.2,18,88.4,0,17,9.6,1,36.2,2.0,0
2024112388,050527-3315400,std_2024112388@dongguk.edu,학생_2388,문과대학,사학과,2,M,교과위주(학교장추천),3.6,3.6,-0.0,18,96.7,0,19,30.8,4,16.8,2.0,0
2023112389,040210-4131143,std_2023112389@dongguk.edu,학생_2389,경영대학,경영정보학과,3,F,수능위주(정시),3.16,3.42,0.26,18,89.2,0,21,20.6,3,10.0,1.0,0
2021112390,020926-3643180,std_2021112390@dongguk.edu,학생_2390,문과대학,국어국문학과,4,M,수능위주(정시),3.43,3.26,-0.17,18,93.2,0,18,5.0,1,30.8,0.0,0
2022112391,030605-4838668,std_2022112391@dongguk.edu,학생_2391,사범대학,수학교육과,4,F,수능위주(정시),2.45,2.37,-0.07,18,94.4,0,23,31.7,5,40.7,2.0,0
2024112392,050527-3782735,std_2024112392@dongguk.edu,학생_2392,공과대학,정보통신공학과,2,M,수능위주(정시),1.57,2.99,1.42,15,72.6,1,6,3.7,1,35.0,1.0,1
2022112393,031206-4788504,std_2022112393@dongguk.edu,학생_2393,공과대학,컴퓨터인공지능전공,4,F,학생부종합(DoDream),3.88,4.05,0.16,18,96.1,0,21,24.6,4,28.1,0.0,0
2021112394,020715-3862981,std_2021112394@dongguk.edu,학생_2394,사범대학,국어교육과,4,M,수능위주(정시),3.39,3.52,0.13,18,90.4,0,14,17.0,2,42.7,0.0,0
2023112395,040117-4480753,std_2023112395@dongguk.edu,학생_2395,바이오시스템대학,식품생명공학과,3,F,논술위주,2.4,2.76,0.36,18,96.6,0,22,15.4,2,31.4,3.0,0
2023112396,041212-3929377,std_2023112396@dongguk.edu,학생_2396,경영대학,회계학과,3,M,논술위주,3.32,3.24,-0.08,18,91.8,0,16,42.6,6,30.0,1.0,0
2024112397,051112-4152175,std_2024112397@dongguk.edu,학생_2397,공과대학,정보통신공학과,2,F,논술위주,3.25,3.32,0.07,18,91.2,0,23,29.1,4,31.1,3.0,0
2024112398,051121-3643823,std_2024112398@dongguk.edu,학생_2398,공과대학,전자전기공학부,2,M,논술위주,3.3,3.32,0.02,18,92.0,0,21,23.3,3,34.5,1.0,0
2022112399,030326-4835095,std_2022112399@dongguk.edu,학생_2399,경영대학,회계학과,4,F,학생부종합(DoDream),4.25,4.06,-0.18,18,93.5,0,20,20.6,3,24.0,3.0,0
2023112400,040405-3260057,std_2023112400@dongguk.edu,학생_2400,문과대학,철학과,3,M,논술위주,3.55,3.12,-0.44,18,93.3,0,21,34.3,5,28.7,0.0,0
2022112401,031015-4466512,std_2022112401@dongguk.edu,학생_2401,사범대학,국어교육과,4,F,수능위주(정시),3.62,3.49,-0.12,18,91.0,0,17,24.1,3,51.6,3.0,0
2021112402,020301-3291427,std_2021112402@dongguk.edu,학생_2402,문과대학,철학과,4,M,교과위주(학교장추천),2.71,2.68,-0.03,18,97.4,0,15,18.4,3,31.4,2.0,0
2023112403,040523-4217302,std_2023112403@dongguk.edu,학생_2403,문과대학,사학과,3,F,논술위주,1.57,2.63,1.06,15,77.5,1,2,4.1,1,80.4,1.0,1
2021112404,020917-3579595,std_2021112404@dongguk.edu,학생_2404,문과대학,국어국문학과,4,M,교과위주(학교장추천),3.2,3.12,-0.08,18,88.4,0,24,27.5,4,20.6,0.0,0
2022112405,031223-4674787,std_2022112405@dongguk.edu,학생_2405,사범대학,수학교육과,4,F,학생부종합(DoDream),2.88,3.05,0.17,18,95.6,0,21,40.9,6,20.3,1.0,0
2024112406,050723-3159546,std_2024112406@dongguk.edu,학생_2406,바이오시스템대학,식품생명공학과,2,M,학생부종합(DoDream),2.2,2.0,0.24,18,100.0,0,20,24.7,4,23.0,0.0,0
2024112407,050315-4784711,std_2024112407@dongguk.edu,학생_2407,공과대학,기계로봇에너지공학과,2,F,학생부종합(DoDream),3.37,3.68,0.31,15,96.1,1,17,5.0,1,27.3,3.0,0
2023112408,041023-3821582,std_2023112408@dongguk.edu,학생_2408,공과대학,정보통신공학과,3,M,논술위주,3.15,3.42,0.27,18,95.5,0,20,35.5,5,43.2,1.0,0
2024112409,050201-4607280,std_2024112409@dongguk.edu,학생_2409,사범대학,수학교육과,2,F,교과위주(학교장추천),3.15,2.92,-0.23,15,97.2,1,19,26.9,4,27.6,3.0,0
2023112410,040105-3451160,std_2023112410@dongguk.edu,학생_2410,경영대학,회계학과,3,M,논술위주,2.51,2.57,0.07,18,95.7,0,16,30.7,4,23.6,0.0,0
2022112411,031220-4594606,std_2022112411@dongguk.edu,학생_2411,경영대학,경영학과,4,F,논술위주,3.62,3.81,0.19,18,86.0,0,22,27.4,4,18.5,1.0,0
2023112412,040725-3882055,std_2023112412@dongguk.edu,학생_2412,공과대학,전자전기공학부,3,M,교과위주(학교장추천),3.59,3.39,-0.19,18,86.6,0,27,25.1,4,14.1,3.0,0
2023112413,041002-4154450,std_2023112413@dongguk.edu,학생_2413,경영대학,경영학과,3,F,논술위주,2.3,4.05,1.09,12,64.2,2,4,2.2,0,62.2,0.0,1
2022112414,030727-3759785,std_2022112414@dongguk.edu,학생_2414,사범대학,수학교육과,4,M,논술위주,2.71,2.71,0.01,18,89.6,0,17,14.7,2,31.4,3.0,0
2021112415,020122-4759663,std_2021112415@dongguk.edu,학생_2415,경영대학,경영정보학과,4,F,논술위주,3.29,3.02,-0.26,18,93.9,0,22,13.5,2,39.9,0.0,0
2023112416,040527-3898334,std_2023112416@dongguk.edu,학생_2416,공과대학,전자전기공학부,3,M,논술위주,3.74,3.65,-0.09,18,95.2,0,24,32.2,5,17.4,0.0,0
2023112417,040426-4411873,std_2023112417@dongguk.edu,학생_2417,문과대학,사학과,3,F,학생부종합(DoDream),3.8,3.87,0.07,18,98.8,0,18,34.0,5,25.4,0.0,0
2022112418,030911-3610028,std_2022112418@dongguk.edu,학생_2418,문과대학,국어국문학과,4,M,학생부종합(DoDream),4.39,4.3,-0.09,18,91.8,0,21,24.4,3,39.4,3.0,0
2023112419,040713-4325867,std_2023112419@dongguk.edu,학생_2419,공과대학,전자전기공학부,3,F,논술위주,3.57,3.64,0.07,18,100.0,0,26,29.4,4,21.2,0.0,0
2023112420,040726-3667085,std_2023112420@dongguk.edu,학생_2420,문과대학,국어국문학과,3,M,수능위주(정시),3.83,3.64,-0.19,18,88.0,0,22,20.8,3,37.1,3.0,0
2021112421,020105-4418935,std_2021112421@dongguk.edu,학생_2421,공과대학,기계로봇에너지공학과,4,F,수능위주(정시),4.2,3.9,-0.31,18,97.7,0,20,5.0,1,29.9,1.0,0
2024112422,050505-3711184,std_2024112422@dongguk.edu,학생_2422,바이오시스템대학,생명과학과,2,M,논술위주,4.03,3.97,-0.06,18,88.7,0,14,11.7,2,43.5,3.0,0
2024112423,050721-4788227,std_2024112423@dongguk.edu,학생_2423,문과대학,국어국문학과,2,F,논술위주,3.34,3.46,0.13,18,98.5,0,26,35.1,5,29.0,3.0,0
2021112424,020917-3433949,std_2021112424@dongguk.edu,학생_2424,공과대학,기계로봇에너지공학과,4,M,논술위주,2.9,2.46,-0.44,18,90.0,0,24,39.4,6,41.6,1.0,0
2024112425,050101-4282605,std_2024112425@dongguk.edu,학생_2425,문과대학,국어국문학과,2,F,논술위주,3.17,3.28,0.11,18,95.0,0,25,23.5,3,26.0,1.0,0
2022112426,030514-3595086,std_2022112426@dongguk.edu,학생_2426,바이오시스템대학,식품생명공학과,4,M,학생부종합(DoDream),3.63,3.84,0.21,18,100.0,0,15,10.7,2,22.9,3.0,0
2023112427,041207-4410286,std_2023112427@dongguk.edu,학생_2427,공과대학,기계로봇에너지공학과,3,F,논술위주,3.27,2.84,-0.43,15,93.2,1,20,6.6,1,24.2,1.0,0
2023112428,041210-3223188,std_2023112428@dongguk.edu,학생_2428,경영대학,경영학과,3,M,수능위주(정시),2.83,2.92,0.08,18,95.5,0,18,9.3,1,12.8,1.0,0
2022112429,030122-4273839,std_2022112429@dongguk.edu,학생_2429,바이오시스템대학,식품생명공학과,4,F,학생부종합(DoDream),4.08,3.68,-0.4,15,94.2,1,23,25.1,4,32.4,2.0,0
2021112430,021111-3188908,std_2021112430@dongguk.edu,학생_2430,사범대학,국어교육과,4,M,논술위주,3.09,2.9,-0.19,15,90.8,1,16,17.5,3,34.1,,0
2024112431,050822-4512917,std_2024112431@dongguk.edu,학생_2431,바이오시스템대학,바이오환경과학과,2,F,논술위주,3.26,3.08,-0.18,18,94.4,0,19,17.1,2,17.9,3.0,0
2021112432,020210-3590206,std_2021112432@dongguk.edu,학생_2432,공과대학,컴퓨터인공지능전공,4,M,학생부종합(DoDream),3.39,2.9,-0.49,18,90.8,0,25,36.1,5,34.7,3.0,0
2023112433,040118-4355986,std_2023112433@dongguk.edu,학생_2433,문과대학,사학과,3,F,논술위주,2.29,2.75,0.46,18,95.9,0,17,29.1,4,22.0,3.0,0
2021112434,020410-3441714,std_2021112434@dongguk.edu,학생_2434,공과대학,컴퓨터인공지능전공,4,M,학생부종합(DoDream),2.69,2.19,-0.5,15,99.6,1,18,23.9,3,36.1,1.0,0
2024112435,050626-4955590,std_2024112435@dongguk.edu,학생_2435,경영대학,회계학과,2,F,논술위주,3.6,3.83,0.23,18,92.0,0,13,24.2,3,38.0,2.0,0
2021112436,021224-3556205,std_2021112436@dongguk.edu,학생_2436,바이오시스템대학,식품생명공학과,4,M,학생부종합(DoDream),3.2,3.43,0.23,18,94.2,0,24,22.4,3,35.5,3.0,0
2024112437,050211-4749372,std_2024112437@dongguk.edu,학생_2437,문과대학,국어국문학과,2,F,교과위주(학교장추천),2.33,2.52,0.18,18,97.3,0,19,35.8,5,35.5,2.0,0
2021112438,020606-3829790,std_2021112438@dongguk.edu,학생_2438,사범대학,수학교육과,4,M,논술위주,3.03,2.7,-0.33,18,92.9,0,21,33.1,5,10.0,1.0,0
2024112439,050319-4579136,std_2024112439@dongguk.edu,학생_2439,바이오시스템대학,바이오환경과학과,2,F,교과위주(학교장추천),3.16,3.11,-0.05,18,92.4,0,20,35.2,5,29.4,,0
2023112440,041013-3496357,std_2023112440@dongguk.edu,학생_2440,공과대학,전자전기공학부,3,M,수능위주(정시),1.62,2.59,0.96,15,79.6,1,7,6.1,1,79.6,1.0,1
2024112441,051221-4825393,std_2024112441@dongguk.edu,학생_2441,공과대학,전자전기공학부,2,F,수능위주(정시),2.67,2.91,0.24,18,94.8,0,18,29.8,4,18.7,0.0,0
2023112442,040428-3849834,std_2023112442@dongguk.edu,학생_2442,공과대학,기계로봇에너지공학과,3,M,학생부종합(DoDream),3.04,2.8,-0.24,18,91.1,0,21,27.3,4,39.1,,0
2022112443,030501-4418746,std_2022112443@dongguk.edu,학생_2443,공과대학,컴퓨터인공지능전공,4,F,학생부종합(DoDream),2.85,3.25,0.4,18,91.2,0,19,33.5,5,10.0,0.0,0
2022112444,030304-3362376,std_2022112444@dongguk.edu,학생_2444,문과대학,국어국문학과,4,M,교과위주(학교장추천),3.54,3.91,0.37,18,98.9,0,20,9.5,1,38.3,3.0,0
2022112445,031227-4788007,std_2022112445@dongguk.edu,학생_2445,공과대학,정보통신공학과,4,F,교과위주(학교장추천),3.42,3.81,0.39,18,90.2,0,17,29.1,4,22.3,2.0,0
2021112446,020805-3627250,std_2021112446@dongguk.edu,학생_2446,바이오시스템대학,생명과학과,4,M,교과위주(학교장추천),3.56,3.64,0.08,18,93.1,0,26,33.3,5,17.1,1.0,0
2023112447,040601-4308249,std_2023112447@dongguk.edu,학생_2447,사범대학,국어교육과,3,F,교과위주(학교장추천),3.82,3.6,-0.22,18,92.3,0,20,36.7,5,29.1,1.0,0
2023112448,040623-3233642,std_2023112448@dongguk.edu,학생_2448,경영대학,경영학과,3,M,논술위주,1.86,2.71,0.85,15,75.4,1,7,7.6,1,74.8,,1
2021112449,020419-4645708,std_2021112449@dongguk.edu,학생_2449,공과대학,정보통신공학과,4,F,교과위주(학교장추천),4.08,3.87,-0.22,18,92.2,0,21,30.4,4,29.7,2.0,0
2021112450,021119-3507350,std_2021112450@dongguk.edu,학생_2450,문과대학,철학과,4,M,논술위주,3.37,3.33,-0.04,18,90.4,0,19,30.2,4,30.0,2.0,0
2023112451,040113-4740046,std_2023112451@dongguk.edu,학생_2451,경영대학,경영학과,3,F,교과위주(학교장추천),3.05,2.93,-0.13,18,100.0,0,16,10.1,1,10.0,3.0,0
2021112452,020118-3428441,std_2021112452@dongguk.edu,학생_2452,바이오시스템대학,식품생명공학과,4,M,논술위주,4.36,4.3,-0.06,15,95.4,1,21,38.0,5,26.0,2.0,0
2022112453,031114-4280170,std_2022112453@dongguk.edu,학생_2453,바이오시스템대학,바이오환경과학과,4,F,학생부종합(DoDream),1.63,3.07,1.44,15,61.1,1,6,7.9,1,53.9,1.0,1
2021112454,020418-3653272,std_2021112454@dongguk.edu,학생_2454,바이오시스템대학,생명과학과,4,M,논술위주,2.94,3.23,0.29,18,91.9,0,23,37.0,5,26.8,3.0,0
2021112455,020612-4651891,std_2021112455@dongguk.edu,학생_2455,공과대학,정보통신공학과,4,F,논술위주,2.81,3.31,0.5,18,98.0,0,23,22.7,3,26.2,3.0,0
2024112456,051018-3640487,std_2024112456@dongguk.edu,학생_2456,사범대학,국어교육과,2,M,수능위주(정시),2.19,3.13,0.94,15,63.0,1,3,5.3,1,57.8,0.0,1
2021112457,020615-4105825,std_2021112457@dongguk.edu,학생_2457,공과대학,전자전기공학부,4,F,학생부종합(DoDream),3.12,3.23,0.11,18,92.4,0,20,18.6,3,26.6,0.0,0
2021112458,020801-3393229,std_2021112458@dongguk.edu,학생_2458,문과대학,영어영문학전공,4,M,수능위주(정시),4.3,3.93,-0.37,18,93.2,0,12,38.7,6,33.3,3.0,0
2023112459,040404-4704981,std_2023112459@dongguk.edu,학생_2459,경영대학,회계학과,3,F,논술위주,3.16,3.07,-0.09,18,94.6,0,20,39.3,6,20.4,0.0,0
2023112460,041125-3952034,std_2023112460@dongguk.edu,학생_2460,바이오시스템대학,생명과학과,3,M,논술위주,2.2,2.52,0.66,18,91.7,0,22,31.2,4,41.1,0.0,0
2024112461,050609-4689740,std_2024112461@dongguk.edu,학생_2461,문과대학,철학과,2,F,논술위주,2.2,3.76,1.56,15,59.1,1,8,1.0,0,40.2,,1
2023112462,041026-3663708,std_2023112462@dongguk.edu,학생_2462,경영대학,경영학과,3,M,학생부종합(DoDream),2.99,3.43,0.44,15,90.8,1,26,28.0,4,34.7,0.0,0
2023112463,040109-4210520,std_2023112463@dongguk.edu,학생_2463,공과대학,기계로봇에너지공학과,3,F,교과위주(학교장추천),1.55,2.75,1.21,12,68.9,2,2,9.6,1,85.5,1.0,1
2023112464,040122-3410636,std_2023112464@dongguk.edu,학생_2464,바이오시스템대학,생명과학과,3,M,교과위주(학교장추천),2.2,2.04,0.05,15,89.2,1,18,29.3,4,35.2,1.0,0
2022112465,030324-4977967,std_2022112465@dongguk.edu,학생_2465,경영대학,경영정보학과,4,F,교과위주(학교장추천),4.12,3.89,-0.23,15,97.4,1,17,46.3,7,21.7,1.0,0
2023112466,040420-3704953,std_2023112466@dongguk.edu,학생_2466,공과대학,전자전기공학부,3,M,논술위주,2.4,2.55,0.14,18,88.5,0,24,18.8,3,31.2,0.0,0
2024112467,050905-4499988,std_2024112467@dongguk.edu,학생_2467,공과대학,기계로봇에너지공학과,2,F,논술위주,3.46,3.39,-0.07,15,99.2,1,22,21.1,3,20.3,1.0,0
2022112468,030821-3530167,std_2022112468@dongguk.edu,학생_2468,바이오시스템대학,바이오환경과학과,4,M,학생부종합(DoDream),1.0,2.14,1.55,15,75.7,1,5,6.0,1,78.9,,1
2023112469,040324-4741109,std_2023112469@dongguk.edu,학생_2469,문과대학,영어영문학전공,3,F,교과위주(학교장추천),2.29,3.53,1.23,12,66.3,2,5,1.8,0,64.8,0.0,1
2021112470,021122-3457166,std_2021112470@dongguk.edu,학생_2470,문과대학,영어영문학전공,4,M,교과위주(학교장추천),2.2,2.27,0.28,18,91.5,0,23,13.9,2,22.6,3.0,0
2021112471,020128-4868806,std_2021112471@dongguk.edu,학생_2471,바이오시스템대학,생명과학과,4,F,학생부종합(DoDream),3.2,3.5,0.3,18,93.0,0,16,27.3,4,34.1,1.0,0
2022112472,030903-3893968,std_2022112472@dongguk.edu,학생_2472,공과대학,전자전기공학부,4,M,수능위주(정시),3.39,3.55,0.17,18,94.2,0,20,27.8,4,29.8,3.0,0
2022112473,030302-4994738,std_2022112473@dongguk.edu,학생_2473,사범대학,수학교육과,4,F,수능위주(정시),2.2,2.11,0.05,18,91.0,0,19,8.0,1,45.2,1.0,0
2023112474,041203-3835079,std_2023112474@dongguk.edu,학생_2474,문과대학,영어영문학전공,3,M,교과위주(학교장추천),2.99,3.25,0.26,18,99.5,0,18,30.6,4,42.8,2.0,0
2022112475,031106-4218288,std_2022112475@dongguk.edu,학생_2475,문과대학,사학과,4,F,학생부종합(DoDream),1.38,3.11,1.73,9,66.0,3,4,1.0,0,55.2,0.0,1
2023112476,041217-3362105,std_2023112476@dongguk.edu,학생_2476,바이오시스템대학,식품생명공학과,3,M,논술위주,1.03,2.82,1.79,12,57.2,2,9,2.1,0,64.5,,1
2021112477,020624-4487203,std_2021112477@dongguk.edu,학생_2477,경영대학,경영학과,4,F,수능위주(정시),4.35,4.3,-0.05,18,93.2,0,23,50.4,7,40.1,2.0,0
2022112478,031022-3534861,std_2022112478@dongguk.edu,학생_2478,바이오시스템대학,식품생명공학과,4,M,교과위주(학교장추천),3.11,3.07,-0.05,18,92.9,0,21,19.1,3,11.1,1.0,0
2023112479,040920-4802697,std_2023112479@dongguk.edu,학생_2479,공과대학,정보통신공학과,3,F,학생부종합(DoDream),3.84,3.62,-0.22,18,95.0,0,14,46.3,7,10.0,1.0,0
2023112480,040401-3972621,std_2023112480@dongguk.edu,학생_2480,문과대학,영어영문학전공,3,M,교과위주(학교장추천),2.92,3.05,0.13,18,91.8,0,19,17.2,2,35.4,1.0,0
2024112481,050101-4155369,std_2024112481@dongguk.edu,학생_2481,바이오시스템대학,식품생명공학과,2,F,논술위주,3.42,3.09,-0.33,18,89.7,0,20,39.6,6,40.8,2.0,0
2023112482,040901-3143437,std_2023112482@dongguk.edu,학생_2482,문과대학,영어영문학전공,3,M,논술위주,2.2,1.9,-0.04,18,89.0,0,19,41.6,6,31.4,0.0,0
2023112483,040523-4461975,std_2023112483@dongguk.edu,학생_2483,공과대학,정보통신공학과,3,F,논술위주,3.18,3.08,-0.1,15,97.3,1,24,8.0,1,21.0,2.0,0
2022112484,030505-3521953,std_2022112484@dongguk.edu,학생_2484,경영대학,경영학과,4,M,학생부종합(DoDream),3.96,3.99,0.02,18,99.0,0,26,25.2,4,26.0,0.0,0
2024112485,050521-4778327,std_2024112485@dongguk.edu,학생_2485,공과대학,정보통신공학과,2,F,교과위주(학교장추천),3.58,3.44,-0.14,18,100.0,0,23,12.4,2,40.5,0.0,0
2024112486,050403-3368905,std_2024112486@dongguk.edu,학생_2486,문과대학,영어영문학전공,2,M,수능위주(정시),1.34,2.28,0.94,15,66.0,1,4,2.1,0,56.0,,1
2022112487,030918-4413016,std_2022112487@dongguk.edu,학생_2487,공과대학,정보통신공학과,4,F,논술위주,2.71,2.76,0.06,18,94.0,0,28,32.2,5,26.1,3.0,0
2024112488,050422-3424887,std_2024112488@dongguk.edu,학생_2488,공과대학,기계로봇에너지공학과,2,M,논술위주,3.83,3.88,0.05,18,94.8,0,12,13.5,2,35.8,3.0,0
2022112489,030503-4273292,std_2022112489@dongguk.edu,학생_2489,공과대학,전자전기공학부,4,F,학생부종합(DoDream),4.24,3.5,-0.74,18,99.2,0,24,10.3,1,40.1,3.0,0
2024112490,050820-3485944,std_2024112490@dongguk.edu,학생_2490,바이오시스템대학,식품생명공학과,2,M,교과위주(학교장추천),2.62,2.67,0.05,18,96.7,0,20,23.8,3,29.7,2.0,0
2023112491,040316-4712997,std_2023112491@dongguk.edu,학생_2491,바이오시스템대학,바이오환경과학과,3,F,논술위주,3.21,3.49,0.28,18,91.5,0,21,18.9,3,25.8,0.0,0
2023112492,040225-3994461,std_2023112492@dongguk.edu,학생_2492,공과대학,전자전기공학부,3,M,수능위주(정시),3.54,3.19,-0.36,18,95.8,0,20,30.0,4,23.0,1.0,0
2023112493,040304-4964785,std_2023112493@dongguk.edu,학생_2493,공과대학,컴퓨터인공지능전공,3,F,논술위주,2.67,2.66,-0.01,18,90.7,0,19,23.2,3,57.6,,0
2021112494,020928-3962354,std_2021112494@dongguk.edu,학생_2494,경영대학,경영정보학과,4,M,수능위주(정시),3.9,3.98,0.08,18,96.0,0,21,16.0,2,34.9,2.0,0
2024112495,050923-4544405,std_2024112495@dongguk.edu,학생_2495,공과대학,정보통신공학과,2,F,논술위주,2.2,2.5,0.48,18,94.2,0,25,24.8,4,31.3,0.0,0
2023112496,040927-3331626,std_2023112496@dongguk.edu,학생_2496,문과대학,철학과,3,M,교과위주(학교장추천),2.38,2.64,0.26,18,90.5,0,20,39.2,6,14.8,2.0,0
2023112497,041027-4989863,std_2023112497@dongguk.edu,학생_2497,경영대학,회계학과,3,F,수능위주(정시),2.52,2.66,0.14,18,100.0,0,19,20.1,3,15.9,0.0,0
2024112498,050905-3839653,std_2024112498@dongguk.edu,학생_2498,공과대학,기계로봇에너지공학과,2,M,교과위주(학교장추천),3.65,3.47,-0.18,18,94.4,0,22,32.5,5,48.3,0.0,0
2024112499,050319-4474564,std_2024112499@dongguk.edu,학생_2499,경영대학,경영학과,2,F,논술위주,3.55,3.61,0.05,18,89.7,0,17,8.9,1,26.7,3.0,0
2022112500,031002-3462324,std_2022112500@dongguk.edu,학생_2500,공과대학,기계로봇에너지공학과,4,M,수능위주(정시),2.67,2.96,0.29,18,88.2,0,18,35.8,5,21.0,2.0,0
2023112501,040428-4336419,std_2023112501@dongguk.edu,학생_2501,공과대학,기계로봇에너지공학과,3,F,논술위주,2.2,1.7,0.3,15,95.0,1,19,30.5,4,22.3,2.0,0
2023112502,041218-3799049,std_2023112502@dongguk.edu,학생_2502,사범대학,교육학과,3,M,논술위주,4.1,3.81,-0.29,15,93.5,1,13,13.3,2,17.1,2.0,0
2023112503,040111-4198766,std_2023112503@dongguk.edu,학생_2503,사범대학,수학교육과,3,F,교과위주(학교장추천),2.87,3.24,0.37,18,97.2,0,19,30.7,4,17.9,2.0,0
2024112504,050510-3582370,std_2024112504@dongguk.edu,학생_2504,공과대학,기계로봇에너지공학과,2,M,교과위주(학교장추천),4.4,4.1,-0.35,18,84.7,0,15,27.6,4,39.3,0.0,0
2023112505,041202-4306384,std_2023112505@dongguk.edu,학생_2505,공과대학,기계로봇에너지공학과,3,F,논술위주,3.5,3.49,-0.01,18,96.2,0,8,14.2,2,29.7,0.0,0
2022112506,030407-3681017,std_2022112506@dongguk.edu,학생_2506,문과대학,영어영문학전공,4,M,논술위주,3.52,3.57,0.05,18,99.3,0,21,34.1,5,29.7,2.0,0
2023112507,041222-4593058,std_2023112507@dongguk.edu,학생_2507,문과대학,영어영문학전공,3,F,학생부종합(DoDream),2.32,2.07,-0.26,18,100.0,0,27,35.5,5,36.1,1.0,0
2023112508,041206-3153539,std_2023112508@dongguk.edu,학생_2508,문과대학,철학과,3,M,교과위주(학교장추천),2.79,3.19,0.39,18,92.3,0,19,21.3,3,19.2,3.0,0
2022112509,030823-4140353,std_2022112509@dongguk.edu,학생_2509,경영대학,회계학과,4,F,수능위주(정시),2.09,3.52,1.43,15,81.4,1,1,0.0,0,70.2,1.0,1
2022112510,030921-3478235,std_2022112510@dongguk.edu,학생_2510,사범대학,수학교육과,4,M,학생부종합(DoDream),3.02,2.49,-0.53,18,91.2,0,21,33.5,5,32.7,0.0,0
2024112511,050505-4690458,std_2024112511@dongguk.edu,학생_2511,문과대학,영어영문학전공,2,F,학생부종합(DoDream),3.32,3.0,-0.33,18,90.8,0,15,44.3,6,41.3,,0
2024112512,050616-3983554,std_2024112512@dongguk.edu,학생_2512,바이오시스템대학,식품생명공학과,2,M,교과위주(학교장추천),3.02,2.94,-0.08,18,89.4,0,17,19.5,3,22.2,1.0,0
2023112513,040617-4679637,std_2023112513@dongguk.edu,학생_2513,사범대학,수학교육과,3,F,수능위주(정시),3.3,3.59,0.3,18,89.9,0,18,19.6,3,40.0,1.0,0
2023112514,040923-3356118,std_2023112514@dongguk.edu,학생_2514,문과대학,사학과,3,M,수능위주(정시),3.63,3.38,-0.24,18,88.6,0,19,35.8,5,24.5,1.0,0
2023112515,040825-4478617,std_2023112515@dongguk.edu,학생_2515,경영대학,경영학과,3,F,학생부종합(DoDream),3.48,3.54,0.06,18,93.2,0,21,43.4,6,14.6,0.0,0
2021112516,020128-3205285,std_2021112516@dongguk.edu,학생_2516,사범대학,교육학과,4,M,교과위주(학교장추천),2.2,1.84,0.03,15,96.5,1,18,16.9,2,28.5,3.0,0
2023112517,040612-4977743,std_2023112517@dongguk.edu,학생_2517,공과대학,컴퓨터인공지능전공,3,F,논술위주,3.41,3.47,0.06,18,88.2,0,13,24.9,4,37.1,2.0,0
2024112518,050503-3326385,std_2024112518@dongguk.edu,학생_2518,사범대학,국어교육과,2,M,교과위주(학교장추천),3.28,3.62,0.33,18,95.4,0,21,24.9,4,24.1,0.0,0
2024112519,051013-4165200,std_2024112519@dongguk.edu,학생_2519,사범대학,수학교육과,2,F,교과위주(학교장추천),3.39,3.1,-0.28,15,91.8,1,20,34.2,5,22.1,0.0,0
2023112520,040702-3668764,std_2023112520@dongguk.edu,학생_2520,경영대학,경영정보학과,3,M,수능위주(정시),2.9,3.16,0.26,15,95.4,1,19,25.0,4,27.6,3.0,0
2021112521,020528-4687227,std_2021112521@dongguk.edu,학생_2521,공과대학,정보통신공학과,4,F,학생부종합(DoDream),3.67,3.63,-0.04,18,89.1,0,21,31.2,4,12.9,1.0,0
2023112522,040503-3558838,std_2023112522@dongguk.edu,학생_2522,바이오시스템대학,식품생명공학과,3,M,교과위주(학교장추천),3.41,3.37,-0.04,18,90.3,0,20,23.0,3,27.9,,0
2023112523,041116-4791393,std_2023112523@dongguk.edu,학생_2523,경영대학,경영학과,3,F,교과위주(학교장추천),3.9,3.97,0.06,18,85.3,0,15,27.6,4,10.0,1.0,0
2021112524,020515-3463450,std_2021112524@dongguk.edu,학생_2524,사범대학,국어교육과,4,M,교과위주(학교장추천),2.3,4.02,1.3,9,83.7,3,9,10.2,1,64.2,0.0,1
2024112525,050818-4151527,std_2024112525@dongguk.edu,학생_2525,공과대학,전자전기공학부,2,F,논술위주,1.54,3.08,1.54,15,82.1,1,5,3.3,0,56.5,,1
2023112526,040206-3354341,std_2023112526@dongguk.edu,학생_2526,사범대학,수학교육과,3,M,수능위주(정시),1.98,2.84,0.86,9,56.7,3,9,2.2,0,81.7,1.0,1
2024112527,051112-4349276,std_2024112527@dongguk.edu,학생_2527,공과대학,정보통신공학과,2,F,학생부종합(DoDream),2.73,2.81,0.08,18,95.8,0,18,21.4,3,34.9,1.0,0
2024112528,050713-3659183,std_2024112528@dongguk.edu,학생_2528,바이오시스템대학,식품생명공학과,2,M,교과위주(학교장추천),2.87,2.92,0.05,18,91.3,0,24,16.0,2,30.0,3.0,0
2023112529,040701-4725192,std_2023112529@dongguk.edu,학생_2529,바이오시스템대학,생명과학과,3,F,교과위주(학교장추천),3.15,3.07,-0.08,18,94.4,0,18,20.1,3,19.3,3.0,0
2021112530,020728-3146436,std_2021112530@dongguk.edu,학생_2530,바이오시스템대학,바이오환경과학과,4,M,수능위주(정시),3.54,3.53,-0.01,15,89.3,1,9,20.5,3,35.3,,0
2022112531,030103-4649359,std_2022112531@dongguk.edu,학생_2531,공과대학,전자전기공학부,4,F,교과위주(학교장추천),3.13,3.09,-0.04,18,98.9,0,20,25.7,4,42.8,0.0,0
2024112532,050311-3874214,std_2024112532@dongguk.edu,학생_2532,문과대학,영어영문학전공,2,M,교과위주(학교장추천),2.2,2.04,0.27,18,95.2,0,19,19.8,3,14.8,0.0,0
2024112533,050701-4170439,std_2024112533@dongguk.edu,학생_2533,문과대학,사학과,2,F,논술위주,2.3,4.17,1.49,15,80.1,1,9,6.9,1,55.0,0.0,1
2023112534,040302-3588260,std_2023112534@dongguk.edu,학생_2534,문과대학,영어영문학전공,3,M,수능위주(정시),3.35,3.35,-0.0,18,92.5,0,15,54.0,8,21.4,0.0,0
2021112535,020614-4548158,std_2021112535@dongguk.edu,학생_2535,공과대학,전자전기공학부,4,F,논술위주,3.68,3.51,-0.18,15,95.0,1,23,8.2,1,26.6,2.0,0
2022112536,030506-3540163,std_2022112536@dongguk.edu,학생_2536,공과대학,컴퓨터인공지능전공,4,M,논술위주,1.69,3.25,1.55,15,59.8,1,7,6.9,1,77.5,,1
2022112537,030518-4984847,std_2022112537@dongguk.edu,학생_2537,사범대학,수학교육과,4,F,학생부종합(DoDream),1.43,3.18,1.74,6,80.2,4,6,6.4,1,58.8,1.0,1
2022112538,031226-3384600,std_2022112538@dongguk.edu,학생_2538,공과대학,전자전기공학부,4,M,교과위주(학교장추천),2.5,2.48,-0.02,18,90.8,0,18,6.7,1,36.6,,0
2024112539,051023-4210702,std_2024112539@dongguk.edu,학생_2539,공과대학,기계로봇에너지공학과,2,F,수능위주(정시),3.02,3.12,0.11,18,91.2,0,14,16.4,2,19.1,3.0,0
2021112540,021023-3964343,std_2021112540@dongguk.edu,학생_2540,경영대학,경영정보학과,4,M,수능위주(정시),2.94,2.82,-0.12,18,97.2,0,16,28.9,4,45.3,3.0,0
2024112541,050804-4919133,std_2024112541@dongguk.edu,학생_2541,바이오시스템대학,식품생명공학과,2,F,논술위주,2.64,3.13,0.49,18,95.4,0,15,11.5,2,28.3,0.0,0
2022112542,031003-3877382,std_2022112542@dongguk.edu,학생_2542,공과대학,정보통신공학과,4,M,학생부종합(DoDream),2.38,2.67,0.28,18,100.0,0,21,35.9,5,43.0,,0
2024112543,050106-4417778,std_2024112543@dongguk.edu,학생_2543,공과대학,컴퓨터인공지능전공,2,F,수능위주(정시),3.7,3.64,-0.07,18,86.8,0,21,26.7,4,18.5,3.0,0
2022112544,030223-3681553,std_2022112544@dongguk.edu,학생_2544,공과대학,컴퓨터인공지능전공,4,M,교과위주(학교장추천),3.97,3.79,-0.18,18,96.1,0,22,35.9,5,27.1,,0
2023112545,040428-4878833,std_2023112545@dongguk.edu,학생_2545,문과대학,철학과,3,F,학생부종합(DoDream),3.18,3.36,0.18,18,90.7,0,24,20.6,3,21.4,3.0,0
2021112546,020207-3627807,std_2021112546@dongguk.edu,학생_2546,경영대학,경영정보학과,4,M,논술위주,2.2,3.63,1.43,12,64.6,2,3,7.8,1,74.1,,1
2023112547,040612-4664540,std_2023112547@dongguk.edu,학생_2547,공과대학,전자전기공학부,3,F,학생부종합(DoDream),2.3,3.58,1.05,15,61.1,1,5,9.2,1,80.8,,1
2024112548,051110-3213329,std_2024112548@dongguk.edu,학생_2548,공과대학,컴퓨터인공지능전공,2,M,논술위주,4.4,4.21,-0.45,18,92.7,0,24,22.3,3,23.7,0.0,0
2024112549,051014-4156615,std_2024112549@dongguk.edu,학생_2549,사범대학,수학교육과,2,F,논술위주,2.35,3.07,0.72,18,96.8,0,12,21.1,3,25.0,2.0,0
2023112550,040510-3166706,std_2023112550@dongguk.edu,학생_2550,공과대학,기계로봇에너지공학과,3,M,학생부종합(DoDream),3.32,3.38,0.05,18,98.0,0,18,27.1,4,26.8,1.0,0
2021112551,020221-4179494,std_2021112551@dongguk.edu,학생_2551,공과대학,기계로봇에너지공학과,4,F,교과위주(학교장추천),2.77,2.85,0.08,15,95.6,1,28,33.7,5,28.7,3.0,0
2024112552,050126-3541043,std_2024112552@dongguk.edu,학생_2552,문과대학,철학과,2,M,수능위주(정시),4.11,3.92,-0.19,18,95.0,0,28,27.6,4,31.7,1.0,0
2024112553,051009-4227192,std_2024112553@dongguk.edu,학생_2553,공과대학,컴퓨터인공지능전공,2,F,교과위주(학교장추천),2.59,2.85,0.26,18,98.7,0,15,25.5,4,41.1,0.0,0
2022112554,030917-3870298,std_2022112554@dongguk.edu,학생_2554,문과대학,영어영문학전공,4,M,논술위주,2.2,1.89,-0.23,18,98.6,0,19,19.6,3,31.0,1.0,0
2024112555,051022-4198294,std_2024112555@dongguk.edu,학생_2555,바이오시스템대학,바이오환경과학과,2,F,수능위주(정시),2.57,2.92,0.35,18,96.8,0,21,25.4,4,25.7,0.0,0
2024112556,050420-3766194,std_2024112556@dongguk.edu,학생_2556,경영대학,경영학과,2,M,논술위주,3.0,3.11,0.11,18,90.0,0,22,27.7,4,20.4,0.0,0
2024112557,050701-4721838,std_2024112557@dongguk.edu,학생_2557,공과대학,컴퓨터인공지능전공,2,F,학생부종합(DoDream),4.01,3.59,-0.43,18,86.7,0,22,24.0,3,24.8,2.0,0
2023112558,040708-3153331,std_2023112558@dongguk.edu,학생_2558,바이오시스템대학,바이오환경과학과,3,M,논술위주,2.45,2.85,0.41,18,90.0,0,21,5.0,1,39.8,1.0,0
2021112559,020417-4773640,std_2021112559@dongguk.edu,학생_2559,공과대학,정보통신공학과,4,F,논술위주,3.24,3.34,0.1,18,94.8,0,26,5.0,1,40.8,2.0,0
2023112560,040207-3225076,std_2023112560@dongguk.edu,학생_2560,경영대학,회계학과,3,M,교과위주(학교장추천),3.41,3.79,0.38,18,87.4,0,20,24.0,3,15.1,3.0,0
2024112561,050919-4537240,std_2024112561@dongguk.edu,학생_2561,문과대학,철학과,2,F,교과위주(학교장추천),3.7,3.74,0.05,18,92.3,0,15,16.7,2,26.4,3.0,0
2023112562,040515-3321868,std_2023112562@dongguk.edu,학생_2562,문과대학,국어국문학과,3,M,논술위주,3.02,2.89,-0.14,18,97.8,0,20,12.5,2,18.4,2.0,0
2023112563,040214-4838855,std_2023112563@dongguk.edu,학생_2563,문과대학,국어국문학과,3,F,학생부종합(DoDream),3.19,3.02,-0.17,18,94.7,0,21,25.1,4,24.9,1.0,0
2024112564,050606-3923232,std_2024112564@dongguk.edu,학생_2564,문과대학,국어국문학과,2,M,수능위주(정시),2.72,2.64,-0.08,18,95.1,0,16,18.9,3,37.6,,0
2023112565,040214-4415250,std_2023112565@dongguk.edu,학생_2565,공과대학,컴퓨터인공지능전공,3,F,논술위주,2.91,2.79,-0.12,18,99.2,0,15,20.3,3,41.7,,0
2023112566,040320-3559483,std_2023112566@dongguk.edu,학생_2566,공과대학,정보통신공학과,3,M,교과위주(학교장추천),2.2,2.17,0.13,18,84.6,0,23,23.1,3,31.2,,0
2021112567,020624-4467735,std_2021112567@dongguk.edu,학생_2567,문과대학,사학과,4,F,논술위주,3.17,3.11,-0.06,15,95.1,1,13,20.4,3,17.9,2.0,0
2021112568,020903-3734308,std_2021112568@dongguk.edu,학생_2568,문과대학,사학과,4,M,수능위주(정시),3.97,3.42,-0.56,18,95.5,0,20,39.5,6,34.3,1.0,0
2024112569,050404-4707453,std_2024112569@dongguk.edu,학생_2569,문과대학,철학과,2,F,학생부종합(DoDream),2.93,2.74,-0.19,18,83.5,0,15,6.7,1,32.2,,0
2024112570,051104-3402712,std_2024112570@dongguk.edu,학생_2570,공과대학,정보통신공학과,2,M,학생부종합(DoDream),3.18,3.42,0.24,18,94.6,0,18,22.8,3,59.5,1.0,0
2024112571,050107-4758963,std_2024112571@dongguk.edu,학생_2571,공과대학,전자전기공학부,2,F,학생부종합(DoDream),3.04,3.21,0.17,18,92.3,0,20,24.6,4,46.0,2.0,0
2022112572,030401-3366331,std_2022112572@dongguk.edu,학생_2572,바이오시스템대학,식품생명공학과,4,M,논술위주,2.2,2.07,0.07,18,94.0,0,20,11.7,2,31.9,0.0,0
2024112573,050122-4926814,std_2024112573@dongguk.edu,학생_2573,문과대학,국어국문학과,2,F,논술위주,3.11,3.15,0.03,18,97.8,0,26,9.7,1,20.6,0.0,0
2023112574,040316-3975009,std_2023112574@dongguk.edu,학생_2574,사범대학,교육학과,3,M,학생부종합(DoDream),3.47,3.67,0.2,18,97.5,0,18,10.4,1,46.1,2.0,0
2022112575,030811-4968541,std_2022112575@dongguk.edu,학생_2575,공과대학,정보통신공학과,4,F,교과위주(학교장추천),2.08,2.91,0.83,15,81.5,1,5,0.0,0,81.2,,1
2024112576,050208-3394513,std_2024112576@dongguk.edu,학생_2576,공과대학,컴퓨터인공지능전공,2,M,교과위주(학교장추천),3.39,3.59,0.2,18,94.6,0,17,25.3,4,28.1,1.0,0
2021112577,020618-4463089,std_2021112577@dongguk.edu,학생_2577,문과대학,사학과,4,F,논술위주,1.26,2.55,1.29,6,59.9,4,7,5.4,1,59.6,1.0,1
2024112578,050304-3383666,std_2024112578@dongguk.edu,학생_2578,문과대학,국어국문학과,2,M,교과위주(학교장추천),3.82,4.09,0.28,18,93.6,0,14,17.2,2,35.6,3.0,0
2024112579,050409-4387956,std_2024112579@dongguk.edu,학생_2579,문과대학,영어영문학전공,2,F,학생부종합(DoDream),3.32,3.52,0.2,18,95.8,0,21,7.4,1,31.7,1.0,0
2023112580,041122-3628122,std_2023112580@dongguk.edu,학생_2580,경영대학,회계학과,3,M,논술위주,3.21,3.01,-0.19,18,98.5,0,19,5.7,1,59.4,0.0,0
2022112581,030812-4194831,std_2022112581@dongguk.edu,학생_2581,바이오시스템대학,식품생명공학과,4,F,수능위주(정시),2.3,3.96,1.37,12,70.5,2,5,3.8,1,52.7,1.0,1
2023112582,040809-3366583,std_2023112582@dongguk.edu,학생_2582,공과대학,정보통신공학과,3,M,수능위주(정시),1.45,3.1,1.65,12,64.1,2,7,3.3,0,60.1,0.0,1
2023112583,040619-4130504,std_2023112583@dongguk.edu,학생_2583,경영대학,경영정보학과,3,F,논술위주,3.83,3.26,-0.57,18,89.1,0,24,15.9,2,22.4,3.0,0
2023112584,040724-3979738,std_2023112584@dongguk.edu,학생_2584,문과대학,영어영문학전공,3,M,수능위주(정시),3.1,3.22,0.12,18,88.7,0,23,44.6,6,25.5,1.0,0
2023112585,040323-4558985,std_2023112585@dongguk.edu,학생_2585,문과대학,철학과,3,F,교과위주(학교장추천),2.03,3.4,1.37,12,64.8,2,5,7.6,1,79.9,1.0,1
2022112586,030418-3342833,std_2022112586@dongguk.edu,학생_2586,공과대학,정보통신공학과,4,M,교과위주(학교장추천),2.69,3.06,0.37,15,96.8,1,20,10.0,1,25.9,,0
2021112587,020117-4495268,std_2021112587@dongguk.edu,학생_2587,사범대학,교육학과,4,F,학생부종합(DoDream),3.82,3.88,0.05,18,98.0,0,28,39.2,6,33.4,0.0,0
2024112588,050803-3574698,std_2024112588@dongguk.edu,학생_2588,문과대학,사학과,2,M,학생부종합(DoDream),1.07,2.59,1.52,12,62.2,2,8,1.2,0,58.3,,1
2022112589,030502-4495311,std_2022112589@dongguk.edu,학생_2589,경영대학,회계학과,4,F,논술위주,2.47,1.83,-0.65,18,88.6,0,17,38.3,5,44.2,2.0,0
2023112590,040204-3177201,std_2023112590@dongguk.edu,학생_2590,사범대학,교육학과,3,M,논술위주,3.08,2.88,-0.2,18,88.1,0,22,35.1,5,27.1,0.0,0
2024112591,051008-4460460,std_2024112591@dongguk.edu,학생_2591,경영대학,회계학과,2,F,학생부종합(DoDream),1.39,2.89,1.5,15,65.2,1,6,2.3,0,61.6,,1
2023112592,040805-3510394,std_2023112592@dongguk.edu,학생_2592,경영대학,경영정보학과,3,M,논술위주,3.8,3.6,-0.2,18,94.5,0,16,29.0,4,46.6,0.0,0
2023112593,041012-4651570,std_2023112593@dongguk.edu,학생_2593,바이오시스템대학,생명과학과,3,F,학생부종합(DoDream),4.4,4.3,-0.2,18,93.8,0,18,33.0,5,50.7,3.0,0
2022112594,031017-3809547,std_2022112594@dongguk.edu,학생_2594,바이오시스템대학,생명과학과,4,M,학생부종합(DoDream),3.29,3.4,0.11,15,100.0,1,18,22.8,3,12.3,0.0,0
2021112595,021013-4283245,std_2021112595@dongguk.edu,학생_2595,문과대학,사학과,4,F,학생부종합(DoDream),3.6,3.69,0.09,18,96.7,0,19,37.5,5,29.8,3.0,0
2024112596,051224-3251525,std_2024112596@dongguk.edu,학생_2596,경영대학,경영정보학과,2,M,교과위주(학교장추천),2.81,2.86,0.05,18,93.8,0,21,16.2,2,25.1,2.0,0
2022112597,031117-4529969,std_2022112597@dongguk.edu,학생_2597,경영대학,회계학과,4,F,학생부종합(DoDream),3.26,3.22,-0.04,15,96.6,1,26,14.4,2,36.1,0.0,0
2024112598,050201-3777518,std_2024112598@dongguk.edu,학생_2598,경영대학,회계학과,2,M,학생부종합(DoDream),3.92,3.89,-0.03,18,93.3,0,22,12.5,2,40.3,1.0,0
2023112599,040918-4342755,std_2023112599@dongguk.edu,학생_2599,공과대학,정보통신공학과,3,F,학생부종합(DoDream),3.49,3.47,-0.02,18,92.8,0,23,30.8,4,35.9,2.0,0
2023112600,040310-3186879,std_2023112600@dongguk.edu,학생_2600,공과대학,정보통신공학과,3,M,논술위주,4.4,4.14,-0.43,18,97.2,0,23,29.5,4,26.6,1.0,0
2021112601,021222-4278790,std_2021112601@dongguk.edu,학생_2601,사범대학,국어교육과,4,F,교과위주(학교장추천),4.02,3.79,-0.23,18,95.0,0,22,14.6,2,50.7,3.0,0
2024112602,050227-3465877,std_2024112602@dongguk.edu,학생_2602,바이오시스템대학,바이오환경과학과,2,M,논술위주,3.34,3.31,-0.03,18,87.8,0,13,35.3,5,25.0,3.0,0
2024112603,050107-4914280,std_2024112603@dongguk.edu,학생_2603,경영대학,회계학과,2,F,교과위주(학교장추천),3.1,3.17,0.07,15,91.0,1,22,11.9,2,28.1,0.0,0
2021112604,020721-3258348,std_2021112604@dongguk.edu,학생_2604,경영대학,경영학과,4,M,교과위주(학교장추천),2.3,3.84,1.26,6,73.9,4,2,6.0,1,74.6,,1
2022112605,030319-4462147,std_2022112605@dongguk.edu,학생_2605,경영대학,경영정보학과,4,F,수능위주(정시),1.53,3.05,1.52,6,65.1,4,6,7.2,1,49.3,,1
2023112606,040404-3245941,std_2023112606@dongguk.edu,학생_2606,공과대학,기계로봇에너지공학과,3,M,논술위주,2.99,2.92,-0.07,18,100.0,0,17,5.0,1,39.7,,0
2024112607,050919-4718264,std_2024112607@dongguk.edu,학생_2607,공과대학,컴퓨터인공지능전공,2,F,교과위주(학교장추천),1.0,2.3,1.42,15,71.8,1,11,5.4,1,69.6,0.0,1
2023112608,040905-3764622,std_2023112608@dongguk.edu,학생_2608,경영대학,경영학과,3,M,논술위주,2.3,3.26,0.89,6,68.8,4,8,5.9,1,47.9,1.0,1
2024112609,050116-4492038,std_2024112609@dongguk.edu,학생_2609,경영대학,경영정보학과,2,F,교과위주(학교장추천),3.98,3.98,-0.01,15,84.7,1,20,31.2,4,21.2,1.0,0
2024112610,051018-3460441,std_2024112610@dongguk.edu,학생_2610,바이오시스템대학,바이오환경과학과,2,M,논술위주,3.12,3.48,0.36,18,94.3,0,14,11.8,2,36.5,1.0,0
2021112611,020712-4327951,std_2021112611@dongguk.edu,학생_2611,문과대학,사학과,4,F,교과위주(학교장추천),2.35,2.67,0.32,18,86.2,0,18,29.9,4,25.1,2.0,0
2024112612,050423-3953491,std_2024112612@dongguk.edu,학생_2612,바이오시스템대학,바이오환경과학과,2,M,논술위주,3.73,3.33,-0.39,15,94.9,1,21,20.8,3,35.2,1.0,0
2024112613,050512-4767344,std_2024112613@dongguk.edu,학생_2613,경영대학,경영학과,2,F,학생부종합(DoDream),2.95,2.55,-0.4,18,96.9,0,17,27.1,4,48.5,3.0,0
2023112614,040705-3407495,std_2023112614@dongguk.edu,학생_2614,공과대학,기계로봇에너지공학과,3,M,논술위주,2.2,2.75,0.56,18,92.4,0,19,25.9,4,36.2,,0
2023112615,041226-4244961,std_2023112615@dongguk.edu,학생_2615,문과대학,사학과,3,F,학생부종합(DoDream),3.53,3.52,-0.01,18,87.2,0,19,7.5,1,17.4,1.0,0
2022112616,030708-3390938,std_2022112616@dongguk.edu,학생_2616,경영대학,회계학과,4,M,논술위주,2.9,2.71,-0.19,18,93.8,0,15,6.9,1,28.7,1.0,0
2022112617,031022-4861989,std_2022112617@dongguk.edu,학생_2617,바이오시스템대학,바이오환경과학과,4,F,교과위주(학교장추천),3.07,3.2,0.13,18,94.6,0,17,23.2,3,43.8,3.0,0
2024112618,050703-3322792,std_2024112618@dongguk.edu,학생_2618,문과대학,철학과,2,M,교과위주(학교장추천),1.82,2.98,1.15,15,64.4,1,9,2.2,0,62.5,,1
2024112619,050603-4944304,std_2024112619@dongguk.edu,학생_2619,공과대학,전자전기공학부,2,F,교과위주(학교장추천),3.3,2.8,-0.5,18,93.1,0,24,18.7,3,28.8,,0
2022112620,030608-3260404,std_2022112620@dongguk.edu,학생_2620,경영대학,경영학과,4,M,논술위주,3.64,3.83,0.18,18,91.1,0,24,29.2,4,14.0,3.0,0
2022112621,030817-4969378,std_2022112621@dongguk.edu,학생_2621,경영대학,회계학과,4,F,학생부종합(DoDream),2.91,3.09,0.17,15,93.0,1,19,16.2,2,25.4,3.0,0
2022112622,031120-3716707,std_2022112622@dongguk.edu,학생_2622,바이오시스템대학,바이오환경과학과,4,M,교과위주(학교장추천),2.92,2.8,-0.12,18,89.5,0,15,24.5,4,14.4,0.0,0
2022112623,030602-4394091,std_2022112623@dongguk.edu,학생_2623,사범대학,수학교육과,4,F,학생부종합(DoDream),2.37,2.56,0.19,18,91.1,0,24,26.7,4,12.4,0.0,0
2021112624,020105-3505174,std_2021112624@dongguk.edu,학생_2624,사범대학,국어교육과,4,M,수능위주(정시),2.86,2.91,0.05,18,92.0,0,17,15.9,2,26.0,0.0,0
2022112625,030216-4839963,std_2022112625@dongguk.edu,학생_2625,바이오시스템대학,바이오환경과학과,4,F,교과위주(학교장추천),1.21,2.61,1.41,15,64.0,1,2,1.8,0,75.9,1.0,1
2024112626,050805-3246422,std_2024112626@dongguk.edu,학생_2626,공과대학,컴퓨터인공지능전공,2,M,수능위주(정시),2.3,4.15,1.67,15,74.8,1,6,1.8,0,59.4,0.0,1
2024112627,050601-4111224,std_2024112627@dongguk.edu,학생_2627,바이오시스템대학,바이오환경과학과,2,F,학생부종합(DoDream),3.95,3.6,-0.35,18,85.0,0,19,10.9,2,30.5,2.0,0
2024112628,050302-3770015,std_2024112628@dongguk.edu,학생_2628,공과대학,컴퓨터인공지능전공,2,M,교과위주(학교장추천),3.14,3.36,0.21,18,94.4,0,27,33.2,5,14.1,2.0,0
2021112629,020406-4630839,std_2021112629@dongguk.edu,학생_2629,경영대학,경영학과,4,F,학생부종합(DoDream),3.04,3.26,0.22,18,92.2,0,21,18.4,3,35.1,2.0,0
2023112630,040225-3907422,std_2023112630@dongguk.edu,학생_2630,공과대학,기계로봇에너지공학과,3,M,논술위주,2.95,3.27,0.32,15,92.1,1,19,45.9,7,28.5,0.0,0
2022112631,031102-4330872,std_2022112631@dongguk.edu,학생_2631,공과대학,정보통신공학과,4,F,교과위주(학교장추천),3.84,3.74,-0.11,18,97.5,0,20,19.6,3,37.8,0.0,0
2022112632,030521-3749438,std_2022112632@dongguk.edu,학생_2632,공과대학,컴퓨터인공지능전공,4,M,논술위주,3.29,3.17,-0.12,18,91.7,0,23,12.2,2,31.8,2.0,0
2024112633,050926-4975492,std_2024112633@dongguk.edu,학생_2633,공과대학,전자전기공학부,2,F,학생부종합(DoDream),2.31,2.38,0.07,15,88.3,1,18,11.1,2,24.7,2.0,0
2023112634,040323-3671630,std_2023112634@dongguk.edu,학생_2634,문과대학,철학과,3,M,수능위주(정시),2.54,2.98,0.45,18,86.4,0,23,20.8,3,34.0,0.0,0
2022112635,031203-4191414,std_2022112635@dongguk.edu,학생_2635,문과대학,사학과,4,F,논술위주,3.07,3.71,0.63,18,88.7,0,19,19.1,3,39.0,1.0,0
2022112636,030606-3630795,std_2022112636@dongguk.edu,학생_2636,바이오시스템대학,생명과학과,4,M,학생부종합(DoDream),3.06,3.13,0.07,18,95.2,0,25,14.6,2,17.9,3.0,0
2023112637,041118-4896523,std_2023112637@dongguk.edu,학생_2637,바이오시스템대학,바이오환경과학과,3,F,학생부종합(DoDream),2.3,3.87,1.48,15,72.6,1,8,9.6,1,67.9,1.0,1
2024112638,050119-3872725,std_2024112638@dongguk.edu,학생_2638,사범대학,교육학과,2,M,논술위주,2.63,2.63,-0.0,18,92.8,0,24,28.3,4,29.9,3.0,0
2022112639,030824-4332026,std_2022112639@dongguk.edu,학생_2639,문과대학,영어영문학전공,4,F,논술위주,2.71,2.87,0.16,18,93.2,0,24,29.8,4,16.2,0.0,0
2024112640,050313-3122264,std_2024112640@dongguk.edu,학생_2640,바이오시스템대학,식품생명공학과,2,M,수능위주(정시),1.48,2.75,1.26,15,73.2,1,8,2.5,0,90.4,1.0,1
2021112641,021009-4714803,std_2021112641@dongguk.edu,학생_2641,공과대학,전자전기공학부,4,F,논술위주,3.62,3.46,-0.17,18,92.4,0,17,33.6,5,19.6,1.0,0
2023112642,040524-3649928,std_2023112642@dongguk.edu,학생_2642,공과대학,전자전기공학부,3,M,수능위주(정시),3.88,3.96,0.08,18,100.0,0,14,32.5,5,42.9,1.0,0
2023112643,040112-4359422,std_2023112643@dongguk.edu,학생_2643,바이오시스템대학,식품생명공학과,3,F,논술위주,2.39,2.55,0.16,18,98.4,0,21,19.8,3,14.6,2.0,0
2021112644,021223-3946173,std_2021112644@dongguk.edu,학생_2644,경영대학,경영정보학과,4,M,학생부종합(DoDream),2.3,3.38,1.02,6,83.5,4,11,0.0,0,49.7,,1
2022112645,031011-4945863,std_2022112645@dongguk.edu,학생_2645,공과대학,전자전기공학부,4,F,교과위주(학교장추천),3.88,3.84,-0.04,18,92.0,0,23,5.0,1,44.9,3.0,0
2021112646,020516-3143640,std_2021112646@dongguk.edu,학생_2646,공과대학,정보통신공학과,4,M,논술위주,2.87,2.59,-0.28,18,83.6,0,17,20.3,3,33.1,,0
2024112647,050217-4500795,std_2024112647@dongguk.edu,학생_2647,문과대학,영어영문학전공,2,F,수능위주(정시),3.51,3.46,-0.06,18,93.5,0,24,19.1,3,19.1,3.0,0
2023112648,040809-3369937,std_2023112648@dongguk.edu,학생_2648,문과대학,사학과,3,M,수능위주(정시),2.51,2.78,0.27,18,90.4,0,22,21.2,3,36.7,0.0,0
2023112649,040525-4988572,std_2023112649@dongguk.edu,학생_2649,사범대학,수학교육과,3,F,학생부종합(DoDream),3.6,3.67,0.07,18,89.1,0,27,20.1,3,33.0,2.0,0
2024112650,050804-3698249,std_2024112650@dongguk.edu,학생_2650,공과대학,컴퓨터인공지능전공,2,M,논술위주,2.46,2.71,0.25,18,96.6,0,21,35.0,5,35.7,3.0,0
2022112651,031216-4733150,std_2022112651@dongguk.edu,학생_2651,공과대학,컴퓨터인공지능전공,4,F,수능위주(정시),3.39,3.31,-0.08,18,96.4,0,14,11.5,2,26.6,2.0,0
2022112652,030302-3657093,std_2022112652@dongguk.edu,학생_2652,경영대학,경영학과,4,M,논술위주,3.09,3.15,0.06,18,92.3,0,15,33.8,5,18.1,1.0,0
2023112653,040727-4549756,std_2023112653@dongguk.edu,학생_2653,공과대학,컴퓨터인공지능전공,3,F,수능위주(정시),2.18,3.45,1.27,12,82.1,2,9,0.0,0,55.8,,1
2023112654,040621-3602431,std_2023112654@dongguk.edu,학생_2654,사범대학,수학교육과,3,M,학생부종합(DoDream),2.3,4.27,1.29,15,85.0,1,3,3.6,1,66.9,1.0,1
2021112655,020708-4717540,std_2021112655@dongguk.edu,학생_2655,사범대학,교육학과,4,F,수능위주(정시),2.98,3.19,0.21,18,87.0,0,18,31.7,5,44.1,2.0,0
2023112656,041023-3837884,std_2023112656@dongguk.edu,학생_2656,공과대학,기계로봇에너지공학과,3,M,교과위주(학교장추천),1.29,2.23,0.94,12,63.7,2,9,3.0,0,83.5,,1
2023112657,040805-4239639,std_2023112657@dongguk.edu,학생_2657,공과대학,전자전기공학부,3,F,교과위주(학교장추천),2.2,2.49,0.34,18,95.6,0,12,13.1,2,40.4,3.0,0
2021112658,021017-3534196,std_2021112658@dongguk.edu,학생_2658,문과대학,철학과,4,M,학생부종합(DoDream),3.45,3.73,0.28,18,96.0,0,20,52.2,7,34.5,,0
2023112659,040620-4750635,std_2023112659@dongguk.edu,학생_2659,경영대학,경영학과,3,F,교과위주(학교장추천),3.26,3.33,0.07,18,96.6,0,19,37.4,5,24.4,1.0,0
2023112660,040225-3718791,std_2023112660@dongguk.edu,학생_2660,공과대학,전자전기공학부,3,M,수능위주(정시),1.5,2.89,1.39,15,83.9,1,9,7.9,1,57.2,,1
2024112661,050211-4317433,std_2024112661@dongguk.edu,학생_2661,공과대학,전자전기공학부,2,F,학생부종합(DoDream),3.32,3.68,0.36,18,89.1,0,22,27.5,4,39.6,1.0,0
2023112662,041109-3953755,std_2023112662@dongguk.edu,학생_2662,문과대학,사학과,3,M,교과위주(학교장추천),1.89,3.55,1.67,15,85.0,1,11,8.0,1,80.9,,1
2023112663,040108-4767178,std_2023112663@dongguk.edu,학생_2663,경영대학,경영학과,3,F,수능위주(정시),2.1,3.67,1.57,6,71.5,4,3,3.3,0,57.5,1.0,1
2023112664,040122-3747003,std_2023112664@dongguk.edu,학생_2664,경영대학,경영정보학과,3,M,논술위주,2.85,2.55,-0.29,18,94.9,0,16,24.0,3,36.4,1.0,0
2024112665,051022-4654368,std_2024112665@dongguk.edu,학생_2665,공과대학,정보통신공학과,2,F,학생부종합(DoDream),2.2,2.71,0.56,18,100.0,0,18,31.3,4,34.1,2.0,0
2022112666,030822-3742076,std_2022112666@dongguk.edu,학생_2666,문과대학,철학과,4,M,교과위주(학교장추천),2.2,2.18,0.09,18,90.6,0,26,30.0,4,38.1,3.0,0
2023112667,041021-4416126,std_2023112667@dongguk.edu,학생_2667,바이오시스템대학,바이오환경과학과,3,F,학생부종합(DoDream),2.3,3.48,0.89,12,63.1,2,6,6.2,1,53.8,0.0,1
2021112668,020327-3536947,std_2021112668@dongguk.edu,학생_2668,문과대학,국어국문학과,4,M,수능위주(정시),3.58,3.54,-0.04,18,95.5,0,16,36.1,5,18.7,,0
2021112669,021113-4507132,std_2021112669@dongguk.edu,학생_2669,경영대학,회계학과,4,F,교과위주(학교장추천),2.3,4.08,1.31,15,76.1,1,9,1.3,0,57.0,,1
2021112670,020916-3970137,std_2021112670@dongguk.edu,학생_2670,경영대학,경영학과,4,M,교과위주(학교장추천),3.01,3.0,-0.01,18,88.0,0,19,5.3,1,18.2,0.0,0
2022112671,031207-4570908,std_2022112671@dongguk.edu,학생_2671,바이오시스템대학,식품생명공학과,4,F,학생부종합(DoDream),2.85,2.57,-0.28,18,90.0,0,17,16.0,2,42.5,,0
2023112672,041126-3587442,std_2023112672@dongguk.edu,학생_2672,공과대학,기계로봇에너지공학과,3,M,학생부종합(DoDream),2.96,3.07,0.12,18,91.4,0,19,16.7,2,28.9,0.0,0
2024112673,050926-4482912,std_2024112673@dongguk.edu,학생_2673,바이오시스템대학,식품생명공학과,2,F,교과위주(학교장추천),4.07,3.92,-0.15,15,93.3,1,19,14.6,2,14.9,1.0,0
2023112674,040916-3958410,std_2023112674@dongguk.edu,학생_2674,경영대학,회계학과,3,M,학생부종합(DoDream),2.89,2.77,-0.12,18,99.5,0,15,40.8,6,26.6,,0
2021112675,020319-4133934,std_2021112675@dongguk.edu,학생_2675,공과대학,컴퓨터인공지능전공,4,F,수능위주(정시),2.2,3.77,1.57,12,67.7,2,4,5.8,1,56.0,,1
2021112676,020818-3538773,std_2021112676@dongguk.edu,학생_2676,공과대학,전자전기공학부,4,M,교과위주(학교장추천),2.95,2.93,-0.02,18,97.6,0,28,28.4,4,24.7,2.0,0
2023112677,041201-4405138,std_2023112677@dongguk.edu,학생_2677,공과대학,전자전기공학부,3,F,교과위주(학교장추천),4.4,4.27,-0.18,18,86.9,0,18,31.9,5,26.6,,0
2023112678,041223-3389137,std_2023112678@dongguk.edu,학생_2678,사범대학,교육학과,3,M,수능위주(정시),2.78,2.84,0.06,18,91.8,0,18,15.9,2,46.7,3.0,0
2024112679,050404-4282532,std_2024112679@dongguk.edu,학생_2679,공과대학,기계로봇에너지공학과,2,F,논술위주,3.38,3.21,-0.17,15,100.0,1,19,24.9,4,37.1,1.0,0
2024112680,050716-3759047,std_2024112680@dongguk.edu,학생_2680,공과대학,컴퓨터인공지능전공,2,M,교과위주(학교장추천),2.34,2.37,0.04,18,91.7,0,8,12.0,2,30.3,1.0,0
2022112681,031009-4335696,std_2022112681@dongguk.edu,학생_2681,사범대학,교육학과,4,F,수능위주(정시),2.66,2.76,0.1,18,88.7,0,11,37.9,5,46.5,1.0,0
2021112682,020526-3170210,std_2021112682@dongguk.edu,학생_2682,공과대학,정보통신공학과,4,M,수능위주(정시),2.3,3.85,0.93,15,73.3,1,7,2.0,0,47.9,1.0,1
2022112683,030717-4143129,std_2022112683@dongguk.edu,학생_2683,사범대학,교육학과,4,F,논술위주,2.2,2.15,0.36,18,89.2,0,18,42.2,6,41.7,0.0,0
2024112684,050610-3371645,std_2024112684@dongguk.edu,학생_2684,경영대학,경영학과,2,M,논술위주,3.11,3.33,0.22,18,93.2,0,27,44.1,6,27.3,1.0,0
2022112685,030604-4701142,std_2022112685@dongguk.edu,학생_2685,공과대학,정보통신공학과,4,F,논술위주,3.24,3.33,0.08,18,97.8,0,17,6.6,1,33.5,,0
2024112686,051106-3631113,std_2024112686@dongguk.edu,학생_2686,경영대학,경영정보학과,2,M,교과위주(학교장추천),2.71,3.01,0.3,18,90.5,0,21,16.1,2,26.0,2.0,0
2021112687,020509-4506813,std_2021112687@dongguk.edu,학생_2687,사범대학,교육학과,4,F,학생부종합(DoDream),3.42,3.66,0.24,18,94.0,0,14,26.9,4,32.0,0.0,0
2022112688,030407-3943181,std_2022112688@dongguk.edu,학생_2688,바이오시스템대학,식품생명공학과,4,M,학생부종합(DoDream),3.04,3.26,0.22,18,100.0,0,21,25.6,4,33.6,1.0,0
2023112689,040120-4616969,std_2023112689@dongguk.edu,학생_2689,공과대학,정보통신공학과,3,F,논술위주,2.69,3.14,0.45,18,100.0,0,20,25.2,4,10.0,0.0,0
2022112690,031002-3930717,std_2022112690@dongguk.edu,학생_2690,사범대학,수학교육과,4,M,교과위주(학교장추천),3.56,3.6,0.04,18,87.9,0,18,21.3,3,49.4,1.0,0
2022112691,030608-4556556,std_2022112691@dongguk.edu,학생_2691,경영대학,경영학과,4,F,학생부종합(DoDream),3.29,3.27,-0.02,18,97.4,0,18,25.9,4,40.0,3.0,0
2022112692,031103-3751391,std_2022112692@dongguk.edu,학생_2692,공과대학,정보통신공학과,4,M,수능위주(정시),1.4,2.55,1.16,15,85.0,1,4,4.3,1,82.5,1.0,1
2022112693,030408-4289234,std_2022112693@dongguk.edu,학생_2693,바이오시스템대학,생명과학과,4,F,학생부종합(DoDream),3.61,3.36,-0.25,18,95.6,0,20,28.7,4,32.9,3.0,0
2023112694,040619-3809081,std_2023112694@dongguk.edu,학생_2694,공과대학,기계로봇에너지공학과,3,M,수능위주(정시),2.81,2.98,0.17,18,84.8,0,17,12.6,2,28.8,2.0,0
2021112695,021223-4370842,std_2021112695@dongguk.edu,학생_2695,문과대학,영어영문학전공,4,F,학생부종합(DoDream),1.78,2.79,1.02,12,85.0,2,11,3.5,1,95.0,1.0,1
2023112696,040402-3571685,std_2023112696@dongguk.edu,학생_2696,문과대학,철학과,3,M,수능위주(정시),3.1,3.14,0.03,18,90.0,0,15,15.4,2,51.3,3.0,0
2022112697,030720-4671902,std_2022112697@dongguk.edu,학생_2697,문과대학,영어영문학전공,4,F,수능위주(정시),2.44,2.57,0.13,18,100.0,0,15,27.7,4,20.0,1.0,0
2024112698,050321-3294540,std_2024112698@dongguk.edu,학생_2698,바이오시스템대학,식품생명공학과,2,M,교과위주(학교장추천),3.19,3.33,0.13,18,95.7,0,21,31.1,4,30.8,1.0,0
2023112699,040206-4439195,std_2023112699@dongguk.edu,학생_2699,바이오시스템대학,식품생명공학과,3,F,수능위주(정시),3.42,3.14,-0.28,18,93.9,0,28,23.3,3,23.2,,0
2022112700,031209-3503285,std_2022112700@dongguk.edu,학생_2700,사범대학,국어교육과,4,M,학생부종합(DoDream),3.28,3.31,0.03,18,100.0,0,18,25.6,4,23.6,0.0,0
2023112701,040524-4226688,std_2023112701@dongguk.edu,학생_2701,공과대학,정보통신공학과,3,F,논술위주,2.3,3.83,1.2,15,70.8,1,7,2.8,0,53.1,,1
2023112702,040305-3791329,std_2023112702@dongguk.edu,학생_2702,공과대학,정보통신공학과,3,M,수능위주(정시),2.95,3.06,0.11,18,91.1,0,22,20.4,3,22.8,2.0,0
2021112703,021217-4286293,std_2021112703@dongguk.edu,학생_2703,경영대학,경영정보학과,4,F,교과위주(학교장추천),3.59,3.82,0.23,18,94.1,0,26,25.3,4,25.3,,0
2023112704,041218-3459585,std_2023112704@dongguk.edu,학생_2704,경영대학,회계학과,3,M,수능위주(정시),1.9,3.08,1.17,12,77.5,2,6,1.5,0,61.5,0.0,1
2024112705,051109-4945355,std_2024112705@dongguk.edu,학생_2705,경영대학,경영학과,2,F,수능위주(정시),2.84,2.7,-0.14,18,100.0,0,19,16.8,2,24.3,3.0,0
2024112706,050226-3766048,std_2024112706@dongguk.edu,학생_2706,사범대학,수학교육과,2,M,수능위주(정시),2.84,2.77,-0.07,18,88.6,0,19,17.0,2,36.7,2.0,0
2023112707,040808-4815850,std_2023112707@dongguk.edu,학생_2707,경영대학,회계학과,3,F,학생부종합(DoDream),3.72,3.34,-0.37,18,90.4,0,23,28.0,4,36.6,2.0,0
2022112708,030203-3200216,std_2022112708@dongguk.edu,학생_2708,경영대학,경영학과,4,M,수능위주(정시),2.36,2.89,0.54,18,93.2,0,19,17.5,2,27.5,2.0,0
2024112709,051105-4740137,std_2024112709@dongguk.edu,학생_2709,경영대학,경영정보학과,2,F,논술위주,4.14,4.12,-0.02,18,98.1,0,25,41.2,6,18.9,3.0,0
2024112710,050305-3135258,std_2024112710@dongguk.edu,학생_2710,문과대학,철학과,2,M,수능위주(정시),2.2,2.14,0.14,18,87.6,0,23,37.2,5,33.4,2.0,0
2021112711,020626-4929017,std_2021112711@dongguk.edu,학생_2711,공과대학,컴퓨터인공지능전공,4,F,학생부종합(DoDream),2.79,2.92,0.13,18,97.0,0,25,33.5,5,22.2,3.0,0
2022112712,030222-3676007,std_2022112712@dongguk.edu,학생_2712,공과대학,정보통신공학과,4,M,논술위주,3.43,3.28,-0.15,15,100.0,1,21,23.6,3,28.3,0.0,0
2024112713,051022-4195784,std_2024112713@dongguk.edu,학생_2713,경영대학,경영학과,2,F,교과위주(학교장추천),3.22,3.19,-0.03,18,99.2,0,27,20.8,3,34.2,0.0,0
2023112714,040508-3195209,std_2023112714@dongguk.edu,학생_2714,공과대학,전자전기공학부,3,M,논술위주,4.1,3.91,-0.19,18,97.9,0,16,46.5,7,14.8,,0
2022112715,030312-4516782,std_2022112715@dongguk.edu,학생_2715,바이오시스템대학,바이오환경과학과,4,F,교과위주(학교장추천),2.44,2.4,-0.05,18,95.9,0,18,19.7,3,42.3,0.0,0
2023112716,041201-3508245,std_2023112716@dongguk.edu,학생_2716,경영대학,경영학과,3,M,학생부종합(DoDream),2.84,3.03,0.19,18,96.1,0,16,33.4,5,25.8,2.0,0
2022112717,030721-4153160,std_2022112717@dongguk.edu,학생_2717,문과대학,철학과,4,F,학생부종합(DoDream),3.18,3.27,0.09,18,92.1,0,18,16.9,2,18.5,2.0,0
2023112718,040203-3333717,std_2023112718@dongguk.edu,학생_2718,경영대학,경영정보학과,3,M,수능위주(정시),2.3,3.28,0.98,9,66.0,3,11,5.6,1,86.6,0.0,1
2022112719,030303-4743971,std_2022112719@dongguk.edu,학생_2719,공과대학,기계로봇에너지공학과,4,F,학생부종합(DoDream),2.96,3.11,0.15,18,95.9,0,19,34.7,5,32.2,1.0,0
2023112720,040917-3220891,std_2023112720@dongguk.edu,학생_2720,경영대학,경영학과,3,M,학생부종합(DoDream),2.76,3.26,0.5,18,93.7,0,25,15.5,2,26.3,3.0,0
2023112721,040209-4596341,std_2023112721@dongguk.edu,학생_2721,경영대학,회계학과,3,F,학생부종합(DoDream),1.86,3.65,1.79,15,68.2,1,6,4.7,1,76.1,,1
2024112722,050217-3578968,std_2024112722@dongguk.edu,학생_2722,바이오시스템대학,바이오환경과학과,2,M,교과위주(학교장추천),3.9,3.83,-0.07,18,92.8,0,18,27.2,4,39.0,1.0,0
2023112723,041120-4388768,std_2023112723@dongguk.edu,학생_2723,공과대학,컴퓨터인공지능전공,3,F,학생부종합(DoDream),3.48,3.89,0.41,18,98.1,0,15,32.7,5,25.3,2.0,0
2021112724,020113-3518944,std_2021112724@dongguk.edu,학생_2724,바이오시스템대학,식품생명공학과,4,M,학생부종합(DoDream),3.36,3.63,0.27,18,96.5,0,20,20.3,3,23.3,1.0,0
2021112725,020808-4600693,std_2021112725@dongguk.edu,학생_2725,공과대학,컴퓨터인공지능전공,4,F,수능위주(정시),3.0,2.65,-0.35,18,97.6,0,28,27.6,4,31.2,1.0,0
2021112726,020417-3257351,std_2021112726@dongguk.edu,학생_2726,경영대학,회계학과,4,M,교과위주(학교장추천),3.09,3.15,0.05,18,92.4,0,13,12.6,2,24.1,1.0,0
2024112727,051022-4261682,std_2024112727@dongguk.edu,학생_2727,공과대학,전자전기공학부,2,F,논술위주,3.14,3.52,0.37,18,99.1,0,25,30.3,4,14.7,0.0,0
2023112728,040909-3543396,std_2023112728@dongguk.edu,학생_2728,경영대학,경영정보학과,3,M,교과위주(학교장추천),2.3,3.57,0.96,6,64.2,4,3,7.9,1,56.9,0.0,1
2021112729,020427-4206825,std_2021112729@dongguk.edu,학생_2729,사범대학,국어교육과,4,F,수능위주(정시),3.49,3.74,0.25,18,95.5,0,21,26.9,4,30.4,1.0,0
2023112730,040103-3470938,std_2023112730@dongguk.edu,학생_2730,사범대학,교육학과,3,M,논술위주,2.88,2.98,0.1,18,92.0,0,11,15.2,2,37.9,1.0,0
2023112731,040924-4271529,std_2023112731@dongguk.edu,학생_2731,사범대학,교육학과,3,F,교과위주(학교장추천),3.57,3.39,-0.18,15,88.7,1,27,22.7,3,10.0,3.0,0
2021112732,020218-3720015,std_2021112732@dongguk.edu,학생_2732,문과대학,영어영문학전공,4,M,교과위주(학교장추천),2.87,2.93,0.06,18,88.0,0,23,18.3,3,22.6,0.0,0
2022112733,030710-4466914,std_2022112733@dongguk.edu,학생_2733,공과대학,컴퓨터인공지능전공,4,F,논술위주,3.09,3.0,-0.09,18,92.8,0,25,18.1,3,21.7,0.0,0
2022112734,030811-3303867,std_2022112734@dongguk.edu,학생_2734,공과대학,전자전기공학부,4,M,수능위주(정시),3.57,3.07,-0.5,18,93.8,0,20,24.9,4,10.3,1.0,0
2022112735,030304-4975682,std_2022112735@dongguk.edu,학생_2735,공과대학,컴퓨터인공지능전공,4,F,학생부종합(DoDream),3.28,3.38,0.1,18,94.3,0,27,21.8,3,39.0,0.0,0
2024112736,050709-3524967,std_2024112736@dongguk.edu,학생_2736,바이오시스템대학,바이오환경과학과,2,M,교과위주(학교장추천),3.7,3.46,-0.25,18,88.3,0,24,24.5,4,28.8,1.0,0
2024112737,050916-4661430,std_2024112737@dongguk.edu,학생_2737,문과대학,국어국문학과,2,F,수능위주(정시),2.75,3.14,0.39,18,92.6,0,19,14.4,2,23.1,3.0,0
2022112738,030916-3189883,std_2022112738@dongguk.edu,학생_2738,공과대학,컴퓨터인공지능전공,4,M,논술위주,3.26,3.05,-0.21,18,87.9,0,24,26.1,4,21.1,3.0,0
2023112739,041228-4735500,std_2023112739@dongguk.edu,학생_2739,공과대학,기계로봇에너지공학과,3,F,학생부종합(DoDream),3.02,2.82,-0.2,18,91.7,0,18,31.1,4,11.2,1.0,0
2023112740,040707-3555002,std_2023112740@dongguk.edu,학생_2740,경영대학,경영학과,3,M,학생부종합(DoDream),3.61,3.93,0.32,15,100.0,1,18,34.9,5,25.8,,0
2023112741,041010-4758219,std_2023112741@dongguk.edu,학생_2741,문과대학,철학과,3,F,논술위주,3.15,3.28,0.14,18,91.9,0,15,26.3,4,27.2,3.0,0
2024112742,050121-3958455,std_2024112742@dongguk.edu,학생_2742,바이오시스템대학,생명과학과,2,M,교과위주(학교장추천),2.94,3.03,0.08,18,92.2,0,22,27.1,4,34.1,1.0,0
2024112743,050409-4379149,std_2024112743@dongguk.edu,학생_2743,경영대학,회계학과,2,F,수능위주(정시),3.4,3.35,-0.05,18,99.0,0,18,14.5,2,23.6,,0
2023112744,040124-3785109,std_2023112744@dongguk.edu,학생_2744,바이오시스템대학,바이오환경과학과,3,M,논술위주,4.02,3.96,-0.05,18,94.7,0,16,32.4,5,41.0,2.0,0
2023112745,041223-4968652,std_2023112745@dongguk.edu,학생_2745,사범대학,수학교육과,3,F,논술위주,1.64,3.24,1.6,15,66.5,1,4,5.3,1,57.1,0.0,1
2024112746,050103-3832310,std_2024112746@dongguk.edu,학생_2746,경영대학,경영학과,2,M,교과위주(학교장추천),2.78,3.07,0.29,18,90.6,0,22,30.8,4,22.0,0.0,0
2023112747,040407-4759669,std_2023112747@dongguk.edu,학생_2747,바이오시스템대학,바이오환경과학과,3,F,교과위주(학교장추천),4.23,3.69,-0.54,18,93.5,0,20,20.2,3,31.2,2.0,0
2022112748,031208-3619721,std_2022112748@dongguk.edu,학생_2748,문과대학,국어국문학과,4,M,논술위주,2.33,2.64,0.31,15,92.3,1,21,22.0,3,27.4,,0
2024112749,050108-4216805,std_2024112749@dongguk.edu,학생_2749,경영대학,경영정보학과,2,F,교과위주(학교장추천),3.38,3.18,-0.2,18,93.1,0,18,27.6,4,35.0,0.0,0
2023112750,041115-3648543,std_2023112750@dongguk.edu,학생_2750,경영대학,경영정보학과,3,M,교과위주(학교장추천),1.81,3.12,1.31,12,77.5,2,1,5.2,1,82.2,1.0,1
2024112751,050610-4906045,std_2024112751@dongguk.edu,학생_2751,바이오시스템대학,생명과학과,2,F,수능위주(정시),4.27,4.3,0.03,18,91.4,0,25,27.0,4,29.9,2.0,0
2024112752,050905-3321281,std_2024112752@dongguk.edu,학생_2752,바이오시스템대학,생명과학과,2,M,교과위주(학교장추천),3.71,3.25,-0.46,18,95.9,0,22,33.8,5,28.9,3.0,0
2023112753,041223-4252499,std_2023112753@dongguk.edu,학생_2753,문과대학,영어영문학전공,3,F,논술위주,2.2,2.44,0.24,18,93.7,0,23,19.5,3,32.7,0.0,0
2023112754,040927-3473779,std_2023112754@dongguk.edu,학생_2754,바이오시스템대학,생명과학과,3,M,수능위주(정시),2.94,3.13,0.19,18,95.3,0,19,23.9,3,25.1,1.0,0
2022112755,030205-4977400,std_2022112755@dongguk.edu,학생_2755,경영대학,경영정보학과,4,F,교과위주(학교장추천),3.74,4.13,0.39,18,100.0,0,21,33.0,5,30.2,0.0,0
2023112756,040422-3985245,std_2023112756@dongguk.edu,학생_2756,문과대학,철학과,3,M,교과위주(학교장추천),2.59,2.59,0.0,18,90.8,0,19,28.6,4,21.4,0.0,0
2021112757,020518-4736251,std_2021112757@dongguk.edu,학생_2757,바이오시스템대학,식품생명공학과,4,F,수능위주(정시),3.71,3.97,0.26,15,100.0,1,15,18.8,3,26.4,2.0,0
2023112758,040408-3333201,std_2023112758@dongguk.edu,학생_2758,사범대학,교육학과,3,M,학생부종합(DoDream),3.64,3.24,-0.4,18,89.1,0,22,28.0,4,35.5,2.0,0
2024112759,050312-4597185,std_2024112759@dongguk.edu,학생_2759,공과대학,기계로봇에너지공학과,2,F,학생부종합(DoDream),4.4,4.08,-0.42,18,91.3,0,13,11.7,2,20.2,0.0,0
2021112760,020715-3784623,std_2021112760@dongguk.edu,학생_2760,공과대학,전자전기공학부,4,M,교과위주(학교장추천),3.19,3.2,0.01,18,86.4,0,18,10.1,1,19.2,0.0,0
2021112761,021002-4835611,std_2021112761@dongguk.edu,학생_2761,문과대학,국어국문학과,4,F,학생부종합(DoDream),3.39,3.26,-0.13,18,95.4,0,20,11.6,2,38.7,1.0,0
2024112762,050409-3764287,std_2024112762@dongguk.edu,학생_2762,공과대학,기계로봇에너지공학과,2,M,수능위주(정시),3.18,3.3,0.12,18,88.2,0,21,11.2,2,29.3,2.0,0
2023112763,040608-4339062,std_2023112763@dongguk.edu,학생_2763,바이오시스템대학,바이오환경과학과,3,F,논술위주,3.38,3.39,0.02,18,92.6,0,12,26.7,4,39.0,0.0,0
2024112764,050227-3220219,std_2024112764@dongguk.edu,학생_2764,공과대학,컴퓨터인공지능전공,2,M,학생부종합(DoDream),1.41,2.43,1.03,12,67.7,2,6,0.0,0,61.9,1.0,1
2024112765,050623-4338888,std_2024112765@dongguk.edu,학생_2765,공과대학,기계로봇에너지공학과,2,F,논술위주,3.15,3.38,0.23,18,88.8,0,20,9.6,1,23.0,2.0,0
2024112766,050506-3945085,std_2024112766@dongguk.edu,학생_2766,공과대학,전자전기공학부,2,M,수능위주(정시),2.2,2.57,0.59,18,91.3,0,8,21.7,3,42.7,0.0,0
2024112767,051028-4549748,std_2024112767@dongguk.edu,학생_2767,공과대학,컴퓨터인공지능전공,2,F,수능위주(정시),2.71,3.32,0.61,18,100.0,0,18,32.0,5,23.4,3.0,0
2024112768,050716-3950064,std_2024112768@dongguk.edu,학생_2768,공과대학,정보통신공학과,2,M,학생부종합(DoDream),3.27,3.48,0.22,18,95.5,0,25,33.7,5,35.7,2.0,0
2023112769,040213-4527998,std_2023112769@dongguk.edu,학생_2769,바이오시스템대학,바이오환경과학과,3,F,교과위주(학교장추천),3.2,2.88,-0.32,18,100.0,0,20,14.7,2,32.4,2.0,0
2023112770,040827-3859786,std_2023112770@dongguk.edu,학생_2770,공과대학,기계로봇에너지공학과,3,M,학생부종합(DoDream),2.11,3.66,1.55,9,77.3,3,6,5.2,1,76.7,1.0,1
2023112771,040927-4343980,std_2023112771@dongguk.edu,학생_2771,경영대학,경영정보학과,3,F,학생부종합(DoDream),2.92,3.19,0.27,18,100.0,0,18,22.7,3,42.4,0.0,0
2023112772,040221-3893047,std_2023112772@dongguk.edu,학생_2772,공과대학,컴퓨터인공지능전공,3,M,학생부종합(DoDream),1.75,3.16,1.41,6,68.9,4,7,5.9,1,60.2,,1
2022112773,031126-4190958,std_2022112773@dongguk.edu,학생_2773,공과대학,컴퓨터인공지능전공,4,F,논술위주,3.94,3.78,-0.17,18,94.0,0,16,26.4,4,22.7,1.0,0
2022112774,030305-3415565,std_2022112774@dongguk.edu,학생_2774,문과대학,사학과,4,M,논술위주,1.7,3.19,1.49,9,78.5,3,9,2.8,0,64.8,1.0,1
2021112775,020519-4394518,std_2021112775@dongguk.edu,학생_2775,공과대학,컴퓨터인공지능전공,4,F,수능위주(정시),3.0,2.8,-0.2,18,98.0,0,17,34.2,5,16.7,1.0,0
2022112776,030521-3245103,std_2022112776@dongguk.edu,학생_2776,공과대학,기계로봇에너지공학과,4,M,학생부종합(DoDream),2.86,3.05,0.19,18,89.6,0,21,37.1,5,28.0,3.0,0
2021112777,020110-4225242,std_2021112777@dongguk.edu,학생_2777,공과대학,기계로봇에너지공학과,4,F,학생부종합(DoDream),3.88,3.66,-0.22,18,93.4,0,15,35.2,5,21.8,3.0,0
2024112778,051206-3757127,std_2024112778@dongguk.edu,학생_2778,공과대학,컴퓨터인공지능전공,2,M,수능위주(정시),1.66,3.33,1.67,15,66.7,1,6,6.9,1,78.4,1.0,1
2024112779,050328-4413989,std_2024112779@dongguk.edu,학생_2779,경영대학,경영정보학과,2,F,수능위주(정시),2.64,3.16,0.52,18,96.9,0,20,24.5,4,40.1,1.0,0
2024112780,050112-3692136,std_2024112780@dongguk.edu,학생_2780,경영대학,경영정보학과,2,M,교과위주(학교장추천),3.35,3.64,0.29,18,93.0,0,22,17.2,2,13.9,1.0,0
2023112781,040814-4196159,std_2023112781@dongguk.edu,학생_2781,경영대학,경영학과,3,F,학생부종합(DoDream),2.51,2.86,0.35,18,89.9,0,21,15.1,2,34.4,,0
2023112782,040308-3331887,std_2023112782@dongguk.edu,학생_2782,공과대학,기계로봇에너지공학과,3,M,수능위주(정시),3.0,3.15,0.15,18,96.5,0,20,21.2,3,33.9,1.0,0
2024112783,050303-4959972,std_2024112783@dongguk.edu,학생_2783,바이오시스템대학,바이오환경과학과,2,F,교과위주(학교장추천),3.47,2.9,-0.57,18,93.6,0,21,19.3,3,14.5,3.0,0
2023112784,040222-3861488,std_2023112784@dongguk.edu,학생_2784,문과대학,영어영문학전공,3,M,학생부종합(DoDream),2.93,2.98,0.05,18,97.5,0,17,33.3,5,48.7,0.0,0
2024112785,050903-4321222,std_2024112785@dongguk.edu,학생_2785,공과대학,정보통신공학과,2,F,교과위주(학교장추천),2.3,3.91,1.0,15,82.1,1,11,1.1,0,46.7,0.0,1
2021112786,020313-3604929,std_2021112786@dongguk.edu,학생_2786,경영대학,경영학과,4,M,논술위주,2.58,2.88,0.31,18,92.2,0,25,25.0,4,47.2,1.0,0
2023112787,040223-4811569,std_2023112787@dongguk.edu,학생_2787,공과대학,컴퓨터인공지능전공,3,F,교과위주(학교장추천),3.39,3.75,0.36,18,94.2,0,15,12.3,2,35.2,1.0,0
2023112788,041002-3303744,std_2023112788@dongguk.edu,학생_2788,문과대학,영어영문학전공,3,M,학생부종합(DoDream),1.71,3.12,1.41,15,82.6,1,5,0.0,0,53.2,,1
2023112789,040510-4112409,std_2023112789@dongguk.edu,학생_2789,공과대학,전자전기공학부,3,F,논술위주,4.05,3.37,-0.68,18,96.1,0,19,32.3,5,26.0,0.0,0
2022112790,030418-3283940,std_2022112790@dongguk.edu,학생_2790,바이오시스템대학,생명과학과,4,M,교과위주(학교장추천),1.46,2.86,1.4,12,76.6,2,1,2.2,0,73.0,0.0,1
2021112791,020901-4613785,std_2021112791@dongguk.edu,학생_2791,공과대학,정보통신공학과,4,F,수능위주(정시),2.03,3.82,1.8,12,69.8,2,14,2.8,0,87.2,0.0,1
2023112792,040611-3226343,std_2023112792@dongguk.edu,학생_2792,공과대학,컴퓨터인공지능전공,3,M,수능위주(정시),2.58,2.54,-0.04,15,88.2,1,19,29.7,4,18.8,2.0,0
2024112793,050919-4315139,std_2024112793@dongguk.edu,학생_2793,사범대학,국어교육과,2,F,수능위주(정시),2.24,2.54,0.3,18,92.6,0,16,23.0,3,14.1,2.0,0
2023112794,040514-3677759,std_2023112794@dongguk.edu,학생_2794,사범대학,교육학과,3,M,논술위주,3.02,3.19,0.17,18,90.0,0,17,16.5,2,41.0,3.0,0
2022112795,030513-4193062,std_2022112795@dongguk.edu,학생_2795,문과대학,사학과,4,F,논술위주,3.49,3.27,-0.22,18,95.7,0,14,21.5,3,16.0,1.0,0
2024112796,051023-3920169,std_2024112796@dongguk.edu,학생_2796,경영대학,경영정보학과,2,M,학생부종합(DoDream),3.32,3.6,0.28,18,99.3,0,18,38.6,6,31.2,2.0,0
2021112797,020811-4425909,std_2021112797@dongguk.edu,학생_2797,공과대학,전자전기공학부,4,F,학생부종합(DoDream),2.81,2.56,-0.25,15,85.1,1,18,11.7,2,43.9,0.0,0
2023112798,040309-3205425,std_2023112798@dongguk.edu,학생_2798,공과대학,전자전기공학부,3,M,교과위주(학교장추천),3.81,3.6,-0.21,18,94.3,0,15,23.5,3,20.6,0.0,0
2022112799,030512-4904360,std_2022112799@dongguk.edu,학생_2799,공과대학,컴퓨터인공지능전공,4,F,수능위주(정시),2.3,3.74,1.41,9,65.4,3,7,4.9,1,70.8,0.0,1
2024112800,051127-3328134,std_2024112800@dongguk.edu,학생_2800,공과대학,정보통신공학과,2,M,교과위주(학교장추천),2.45,2.73,0.28,15,98.9,1,21,17.4,2,35.5,0.0,0
2021112801,020925-4245585,std_2021112801@dongguk.edu,학생_2801,공과대학,정보통신공학과,4,F,논술위주,3.5,3.45,-0.05,18,91.6,0,15,23.4,3,27.5,2.0,0
2024112802,050706-3892305,std_2024112802@dongguk.edu,학생_2802,공과대학,정보통신공학과,2,M,학생부종합(DoDream),3.44,2.79,-0.65,18,90.6,0,12,27.7,4,27.7,,0
2024112803,050903-4869296,std_2024112803@dongguk.edu,학생_2803,공과대학,전자전기공학부,2,F,교과위주(학교장추천),1.89,2.73,0.83,15,74.3,1,5,1.9,0,72.1,,1
2023112804,040604-3196270,std_2023112804@dongguk.edu,학생_2804,경영대학,경영학과,3,M,수능위주(정시),3.44,3.18,-0.26,18,93.3,0,25,5.0,1,49.2,3.0,0
2023112805,040916-4767300,std_2023112805@dongguk.edu,학생_2805,공과대학,전자전기공학부,3,F,수능위주(정시),3.43,3.3,-0.13,18,92.6,0,23,37.7,5,31.3,0.0,0
2023112806,040721-3172191,std_2023112806@dongguk.edu,학생_2806,공과대학,컴퓨터인공지능전공,3,M,논술위주,2.34,2.49,0.14,15,97.8,1,18,16.8,2,19.6,1.0,0
2021112807,020306-4431670,std_2021112807@dongguk.edu,학생_2807,문과대학,철학과,4,F,교과위주(학교장추천),2.56,2.63,0.07,18,87.8,0,20,23.1,3,29.3,0.0,0
2024112808,050117-3136820,std_2024112808@dongguk.edu,학생_2808,사범대학,수학교육과,2,M,논술위주,2.3,4.05,0.8,12,68.9,2,6,9.1,1,58.2,,1
2024112809,050501-4479495,std_2024112809@dongguk.edu,학생_2809,문과대학,영어영문학전공,2,F,논술위주,3.46,3.49,0.04,15,97.1,1,15,24.6,4,40.9,3.0,0
2023112810,040619-3497932,std_2023112810@dongguk.edu,학생_2810,공과대학,전자전기공학부,3,M,수능위주(정시),3.51,3.68,0.17,18,91.8,0,22,10.4,1,28.1,0.0,0
2022112811,031127-4625727,std_2022112811@dongguk.edu,학생_2811,경영대학,회계학과,4,F,수능위주(정시),2.2,2.41,0.42,18,88.9,0,15,20.6,3,34.6,0.0,0
2021112812,020226-3874473,std_2021112812@dongguk.edu,학생_2812,공과대학,기계로봇에너지공학과,4,M,교과위주(학교장추천),2.92,2.91,-0.01,18,93.2,0,19,35.2,5,20.9,2.0,0
2022112813,030701-4213903,std_2022112813@dongguk.edu,학생_2813,경영대학,경영학과,4,F,논술위주,3.68,3.5,-0.18,18,89.3,0,17,13.4,2,30.3,2.0,0
2023112814,040328-3874381,std_2023112814@dongguk.edu,학생_2814,경영대학,경영정보학과,3,M,수능위주(정시),2.3,3.7,1.28,12,77.2,2,5,1.6,0,90.4,,1
2023112815,040226-4652357,std_2023112815@dongguk.edu,학생_2815,문과대학,국어국문학과,3,F,학생부종합(DoDream),3.16,3.32,0.16,18,94.6,0,13,13.2,2,22.2,0.0,0
2021112816,021221-3242483,std_2021112816@dongguk.edu,학생_2816,바이오시스템대학,생명과학과,4,M,수능위주(정시),3.7,3.83,0.13,15,100.0,1,22,19.4,3,12.4,0.0,0
2023112817,040924-4599729,std_2023112817@dongguk.edu,학생_2817,공과대학,전자전기공학부,3,F,교과위주(학교장추천),3.99,3.89,-0.1,18,97.6,0,23,5.4,1,43.2,1.0,0
2021112818,020614-3537576,std_2021112818@dongguk.edu,학생_2818,문과대학,사학과,4,M,학생부종합(DoDream),2.96,2.85,-0.12,15,92.8,1,27,38.0,5,35.1,3.0,0
2023112819,040309-4734947,std_2023112819@dongguk.edu,학생_2819,문과대학,철학과,3,F,학생부종합(DoDream),3.22,3.49,0.27,18,95.4,0,18,19.5,3,32.4,3.0,0
2024112820,050407-3360383,std_2024112820@dongguk.edu,학생_2820,공과대학,컴퓨터인공지능전공,2,M,교과위주(학교장추천),1.85,2.98,1.13,6,81.0,4,1,2.5,0,53.4,0.0,1
2023112821,040310-4569895,std_2023112821@dongguk.edu,학생_2821,공과대학,기계로봇에너지공학과,3,F,학생부종합(DoDream),3.33,3.23,-0.1,18,90.7,0,18,35.9,5,28.6,2.0,0
2022112822,030817-3142447,std_2022112822@dongguk.edu,학생_2822,문과대학,철학과,4,M,교과위주(학교장추천),2.66,2.49,-0.17,18,92.2,0,28,31.9,5,29.1,0.0,0
2024112823,050212-4760485,std_2024112823@dongguk.edu,학생_2823,경영대학,경영학과,2,F,논술위주,3.61,3.74,0.13,18,89.1,0,20,22.3,3,35.0,1.0,0
2024112824,050227-3983002,std_2024112824@dongguk.edu,학생_2824,문과대학,사학과,2,M,학생부종합(DoDream),3.04,3.09,0.04,18,92.2,0,22,15.1,2,42.6,0.0,0
2023112825,040601-4534097,std_2023112825@dongguk.edu,학생_2825,바이오시스템대학,식품생명공학과,3,F,수능위주(정시),2.11,3.2,1.09,12,74.2,2,5,0.8,0,66.5,0.0,1
2022112826,030728-3947928,std_2022112826@dongguk.edu,학생_2826,공과대학,정보통신공학과,4,M,논술위주,4.16,3.84,-0.33,18,93.2,0,17,22.2,3,38.5,1.0,0
2021112827,020803-4404619,std_2021112827@dongguk.edu,학생_2827,사범대학,교육학과,4,F,학생부종합(DoDream),3.06,2.82,-0.24,18,92.2,0,17,16.8,2,10.0,1.0,0
2024112828,050226-3791729,std_2024112828@dongguk.edu,학생_2828,문과대학,사학과,2,M,학생부종합(DoDream),3.61,3.52,-0.09,18,96.9,0,18,30.4,4,28.5,1.0,0
2024112829,051113-4540851,std_2024112829@dongguk.edu,학생_2829,바이오시스템대학,바이오환경과학과,2,F,학생부종합(DoDream),3.51,3.49,-0.02,18,90.1,0,19,35.4,5,36.8,2.0,0
2024112830,050518-3830112,std_2024112830@dongguk.edu,학생_2830,문과대학,국어국문학과,2,M,교과위주(학교장추천),3.38,3.55,0.17,18,92.8,0,24,18.3,3,35.3,,0
2023112831,040214-4405394,std_2023112831@dongguk.edu,학생_2831,공과대학,전자전기공학부,3,F,수능위주(정시),4.4,4.3,-0.27,18,90.3,0,20,25.3,4,26.5,3.0,0
2022112832,030304-3660451,std_2022112832@dongguk.edu,학생_2832,공과대학,전자전기공학부,4,M,학생부종합(DoDream),3.45,3.3,-0.16,18,97.0,0,20,36.1,5,43.8,0.0,0
2023112833,040814-4343503,std_2023112833@dongguk.edu,학생_2833,공과대학,정보통신공학과,3,F,수능위주(정시),2.88,2.95,0.07,18,94.1,0,22,35.4,5,30.6,1.0,0
2024112834,050904-3160714,std_2024112834@dongguk.edu,학생_2834,공과대학,전자전기공학부,2,M,논술위주,2.72,2.63,-0.09,18,95.4,0,26,5.2,1,16.8,1.0,0
2021112835,020204-4224276,std_2021112835@dongguk.edu,학생_2835,바이오시스템대학,식품생명공학과,4,F,교과위주(학교장추천),3.59,3.55,-0.04,15,99.7,1,22,8.4,1,56.7,0.0,0
2024112836,050817-3443465,std_2024112836@dongguk.edu,학생_2836,경영대학,회계학과,2,M,수능위주(정시),3.11,3.0,-0.11,18,100.0,0,20,20.1,3,25.5,2.0,0
2023112837,040202-4207835,std_2023112837@dongguk.edu,학생_2837,공과대학,컴퓨터인공지능전공,3,F,논술위주,2.96,2.94,-0.02,18,95.6,0,23,29.1,4,31.2,1.0,0
2022112838,030303-3758826,std_2022112838@dongguk.edu,학생_2838,공과대학,컴퓨터인공지능전공,4,M,수능위주(정시),3.45,3.18,-0.26,18,97.5,0,22,26.0,4,10.8,1.0,0
2021112839,021222-4938122,std_2021112839@dongguk.edu,학생_2839,사범대학,교육학과,4,F,수능위주(정시),3.2,3.24,0.03,18,100.0,0,19,37.8,5,27.2,,0
2022112840,030628-3630582,std_2022112840@dongguk.edu,학생_2840,바이오시스템대학,생명과학과,4,M,논술위주,2.2,2.14,0.18,18,93.1,0,16,5.7,1,28.4,2.0,0
2022112841,030819-4216862,std_2022112841@dongguk.edu,학생_2841,경영대학,회계학과,4,F,교과위주(학교장추천),2.97,3.16,0.2,18,91.0,0,26,5.0,1,36.8,2.0,0
2023112842,041103-3147308,std_2023112842@dongguk.edu,학생_2842,경영대학,회계학과,3,M,수능위주(정시),2.91,3.12,0.21,18,100.0,0,14,19.8,3,46.0,3.0,0
2024112843,051002-4124977,std_2024112843@dongguk.edu,학생_2843,문과대학,철학과,2,F,교과위주(학교장추천),3.65,3.46,-0.19,18,98.6,0,25,25.6,4,27.0,0.0,0
2023112844,040720-3819529,std_2023112844@dongguk.edu,학생_2844,경영대학,경영학과,3,M,수능위주(정시),2.13,3.46,1.33,15,62.3,1,2,4.1,1,62.7,1.0,1
2021112845,020519-4821368,std_2021112845@dongguk.edu,학생_2845,바이오시스템대학,바이오환경과학과,4,F,수능위주(정시),4.1,4.12,0.02,18,91.7,0,19,25.3,4,27.5,0.0,0
2022112846,031120-3759863,std_2022112846@dongguk.edu,학생_2846,공과대학,전자전기공학부,4,M,교과위주(학교장추천),2.31,2.39,0.07,18,96.2,0,18,41.4,6,28.7,2.0,0
2023112847,040926-4571182,std_2023112847@dongguk.edu,학생_2847,문과대학,철학과,3,F,수능위주(정시),3.4,3.48,0.08,15,90.5,1,21,30.9,4,10.0,0.0,0
2022112848,030313-3994546,std_2022112848@dongguk.edu,학생_2848,문과대학,철학과,4,M,교과위주(학교장추천),3.71,3.27,-0.44,18,86.2,0,24,12.1,2,37.8,3.0,0
2023112849,040417-4794994,std_2023112849@dongguk.edu,학생_2849,공과대학,기계로봇에너지공학과,3,F,교과위주(학교장추천),3.44,3.46,0.03,18,93.0,0,15,18.0,3,39.0,0.0,0
2023112850,040701-3194476,std_2023112850@dongguk.edu,학생_2850,바이오시스템대학,식품생명공학과,3,M,수능위주(정시),2.81,3.06,0.25,18,93.3,0,22,33.1,5,33.5,3.0,0
2023112851,041010-4620447,std_2023112851@dongguk.edu,학생_2851,공과대학,전자전기공학부,3,F,교과위주(학교장추천),2.76,2.84,0.08,18,99.6,0,18,19.8,3,36.5,0.0,0
2022112852,030207-3990239,std_2022112852@dongguk.edu,학생_2852,문과대학,사학과,4,M,교과위주(학교장추천),2.74,2.91,0.17,18,92.5,0,27,27.5,4,32.8,3.0,0
2024112853,051027-4939963,std_2024112853@dongguk.edu,학생_2853,공과대학,전자전기공학부,2,F,논술위주,3.1,2.91,-0.19,18,100.0,0,24,26.0,4,57.4,,0
2023112854,040106-3633170,std_2023112854@dongguk.edu,학생_2854,공과대학,정보통신공학과,3,M,교과위주(학교장추천),3.9,3.99,0.09,15,92.6,1,22,17.7,3,46.2,1.0,0
2023112855,041008-4184299,std_2023112855@dongguk.edu,학생_2855,공과대학,컴퓨터인공지능전공,3,F,수능위주(정시),3.05,3.12,0.07,18,94.4,0,21,21.0,3,36.7,0.0,0
2023112856,041215-3276355,std_2023112856@dongguk.edu,학생_2856,바이오시스템대학,식품생명공학과,3,M,수능위주(정시),2.6,3.16,0.55,18,98.5,0,21,20.1,3,22.5,0.0,0
2023112857,041124-4282203,std_2023112857@dongguk.edu,학생_2857,공과대학,기계로봇에너지공학과,3,F,수능위주(정시),2.2,2.21,0.65,18,100.0,0,16,29.3,4,40.2,1.0,0
2021112858,020825-3211261,std_2021112858@dongguk.edu,학생_2858,문과대학,국어국문학과,4,M,교과위주(학교장추천),3.85,3.74,-0.12,18,100.0,0,23,34.3,5,28.3,3.0,0
2024112859,050206-4415232,std_2024112859@dongguk.edu,학생_2859,공과대학,전자전기공학부,2,F,교과위주(학교장추천),2.2,3.25,1.05,15,72.2,1,3,0.0,0,55.0,,1
2024112860,050424-3642049,std_2024112860@dongguk.edu,학생_2860,바이오시스템대학,생명과학과,2,M,수능위주(정시),2.7,3.12,0.42,18,93.3,0,16,16.1,2,12.1,3.0,0
2022112861,030328-4574210,std_2022112861@dongguk.edu,학생_2861,경영대학,경영정보학과,4,F,수능위주(정시),3.63,3.27,-0.36,18,98.7,0,28,18.4,3,12.6,2.0,0
2022112862,031102-3161482,std_2022112862@dongguk.edu,학생_2862,경영대학,경영정보학과,4,M,학생부종합(DoDream),2.43,3.02,0.59,18,88.6,0,26,20.3,3,22.5,1.0,0
2023112863,041223-4864974,std_2023112863@dongguk.edu,학생_2863,공과대학,기계로봇에너지공학과,3,F,논술위주,3.86,3.88,0.01,15,94.0,1,28,17.3,2,57.1,3.0,0
2024112864,051110-3194511,std_2024112864@dongguk.edu,학생_2864,바이오시스템대학,식품생명공학과,2,M,교과위주(학교장추천),3.95,3.92,-0.03,15,97.5,1,13,42.3,6,28.0,2.0,0
2023112865,041216-4231833,std_2023112865@dongguk.edu,학생_2865,바이오시스템대학,생명과학과,3,F,교과위주(학교장추천),3.78,3.86,0.08,18,99.7,0,19,33.2,5,25.9,2.0,0
2023112866,040718-3468351,std_2023112866@dongguk.edu,학생_2866,공과대학,컴퓨터인공지능전공,3,M,수능위주(정시),3.08,3.37,0.29,18,94.7,0,15,31.9,5,26.2,1.0,0
2022112867,031105-4439605,std_2022112867@dongguk.edu,학생_2867,문과대학,국어국문학과,4,F,수능위주(정시),2.4,2.19,-0.21,18,91.0,0,15,13.9,2,43.4,1.0,0
2022112868,030519-3102926,std_2022112868@dongguk.edu,학생_2868,공과대학,전자전기공학부,4,M,수능위주(정시),2.53,2.69,0.16,18,91.7,0,20,8.9,1,17.5,0.0,0
2022112869,030528-4605565,std_2022112869@dongguk.edu,학생_2869,공과대학,정보통신공학과,4,F,수능위주(정시),3.25,3.62,0.37,18,94.8,0,19,18.8,3,45.7,1.0,0
2023112870,040910-3803369,std_2023112870@dongguk.edu,학생_2870,사범대학,수학교육과,3,M,교과위주(학교장추천),3.5,3.52,0.03,18,92.6,0,11,33.7,5,37.3,1.0,0
2022112871,031102-4352186,std_2022112871@dongguk.edu,학생_2871,공과대학,정보통신공학과,4,F,학생부종합(DoDream),3.36,3.26,-0.1,18,98.9,0,15,7.3,1,40.2,0.0,0
2023112872,040809-3858160,std_2023112872@dongguk.edu,학생_2872,문과대학,철학과,3,M,학생부종합(DoDream),3.05,2.74,-0.32,15,94.2,1,25,23.9,3,32.9,3.0,0
2023112873,040910-4907137,std_2023112873@dongguk.edu,학생_2873,문과대학,철학과,3,F,논술위주,3.15,2.94,-0.22,18,90.1,0,25,18.6,3,20.6,1.0,0
2024112874,050911-3440549,std_2024112874@dongguk.edu,학생_2874,바이오시스템대학,식품생명공학과,2,M,교과위주(학교장추천),3.88,4.0,0.12,18,90.5,0,21,41.7,6,37.9,1.0,0
2021112875,020827-4994414,std_2021112875@dongguk.edu,학생_2875,공과대학,정보통신공학과,4,F,학생부종합(DoDream),3.87,3.19,-0.67,18,98.3,0,19,33.8,5,33.1,,0
2023112876,040614-3545983,std_2023112876@dongguk.edu,학생_2876,공과대학,컴퓨터인공지능전공,3,M,수능위주(정시),2.62,2.42,-0.2,18,99.0,0,15,36.9,5,16.5,1.0,0
2022112877,030403-4968887,std_2022112877@dongguk.edu,학생_2877,경영대학,경영정보학과,4,F,논술위주,2.99,3.28,0.29,18,98.8,0,28,31.6,5,50.2,2.0,0
2024112878,050413-3408655,std_2024112878@dongguk.edu,학생_2878,문과대학,국어국문학과,2,M,교과위주(학교장추천),1.58,2.48,0.9,15,75.3,1,5,0.0,0,63.3,0.0,1
2022112879,031111-4935684,std_2022112879@dongguk.edu,학생_2879,경영대학,경영정보학과,4,F,학생부종합(DoDream),2.74,3.13,0.38,18,96.4,0,20,26.1,4,37.1,1.0,0
2021112880,020522-3328902,std_2021112880@dongguk.edu,학생_2880,문과대학,영어영문학전공,4,M,교과위주(학교장추천),2.45,2.89,0.44,18,94.1,0,23,38.0,5,25.8,2.0,0
2022112881,030427-4143357,std_2022112881@dongguk.edu,학생_2881,문과대학,국어국문학과,4,F,논술위주,2.59,2.67,0.07,18,93.5,0,25,7.5,1,21.2,2.0,0
2024112882,050608-3975796,std_2024112882@dongguk.edu,학생_2882,사범대학,수학교육과,2,M,교과위주(학교장추천),3.8,3.44,-0.37,15,92.1,1,21,28.6,4,24.1,0.0,0
2024112883,051125-4118343,std_2024112883@dongguk.edu,학생_2883,공과대학,정보통신공학과,2,F,교과위주(학교장추천),4.18,4.15,-0.04,18,92.8,0,14,23.2,3,15.1,,0
2024112884,050510-3370442,std_2024112884@dongguk.edu,학생_2884,문과대학,영어영문학전공,2,M,논술위주,2.89,2.68,-0.21,18,93.9,0,21,33.1,5,17.8,2.0,0
2023112885,040207-4736796,std_2023112885@dongguk.edu,학생_2885,바이오시스템대학,생명과학과,3,F,교과위주(학교장추천),1.26,2.92,1.66,12,80.2,2,1,3.4,0,83.4,,1
2024112886,051215-3715654,std_2024112886@dongguk.edu,학생_2886,바이오시스템대학,식품생명공학과,2,M,학생부종합(DoDream),2.47,2.42,-0.06,18,96.6,0,16,34.1,5,34.9,2.0,0
2023112887,040307-4818511,std_2023112887@dongguk.edu,학생_2887,경영대학,회계학과,3,F,교과위주(학교장추천),3.85,4.3,0.45,18,91.4,0,14,23.8,3,31.1,1.0,0
2021112888,020501-3479134,std_2021112888@dongguk.edu,학생_2888,공과대학,전자전기공학부,4,M,논술위주,2.3,4.03,1.49,15,85.0,1,6,5.7,1,69.6,1.0,1
2022112889,031024-4555267,std_2022112889@dongguk.edu,학생_2889,문과대학,국어국문학과,4,F,논술위주,2.3,3.76,1.13,12,75.5,2,7,7.3,1,51.1,0.0,1
2021112890,020517-3967226,std_2021112890@dongguk.edu,학생_2890,공과대학,기계로봇에너지공학과,4,M,교과위주(학교장추천),2.95,3.05,0.1,18,93.2,0,18,31.3,4,28.3,,0
2023112891,040825-4396874,std_2023112891@dongguk.edu,학생_2891,공과대학,컴퓨터인공지능전공,3,F,교과위주(학교장추천),4.02,4.17,0.16,18,89.5,0,24,31.4,4,18.4,1.0,0
2023112892,040208-3715393,std_2023112892@dongguk.edu,학생_2892,공과대학,정보통신공학과,3,M,논술위주,3.04,2.8,-0.24,18,99.2,0,19,15.2,2,34.0,3.0,0
2023112893,040322-4402021,std_2023112893@dongguk.edu,학생_2893,경영대학,경영정보학과,3,F,학생부종합(DoDream),3.85,4.08,0.23,15,93.3,1,17,30.1,4,24.5,,0
2021112894,021006-3929643,std_2021112894@dongguk.edu,학생_2894,공과대학,정보통신공학과,4,M,논술위주,3.44,3.52,0.08,18,95.7,0,19,13.8,2,48.1,3.0,0
2023112895,040814-4601166,std_2023112895@dongguk.edu,학생_2895,문과대학,국어국문학과,3,F,교과위주(학교장추천),4.2,4.29,0.08,18,90.6,0,24,23.1,3,16.2,3.0,0
2024112896,050611-3389125,std_2024112896@dongguk.edu,학생_2896,경영대학,경영정보학과,2,M,논술위주,3.64,3.59,-0.05,18,91.1,0,20,24.8,4,35.7,2.0,0
2023112897,040617-4751959,std_2023112897@dongguk.edu,학생_2897,문과대학,국어국문학과,3,F,수능위주(정시),2.96,3.14,0.19,18,99.8,0,17,34.8,5,31.5,1.0,0
2023112898,040526-3651390,std_2023112898@dongguk.edu,학생_2898,공과대학,정보통신공학과,3,M,학생부종합(DoDream),3.96,4.08,0.12,18,93.3,0,11,29.6,4,32.0,1.0,0
2023112899,041117-4756594,std_2023112899@dongguk.edu,학생_2899,공과대학,정보통신공학과,3,F,학생부종합(DoDream),4.11,3.65,-0.46,18,100.0,0,19,12.1,2,38.0,2.0,0
2022112900,030924-3941458,std_2022112900@dongguk.edu,학생_2900,사범대학,국어교육과,4,M,학생부종합(DoDream),3.22,2.79,-0.43,18,86.6,0,16,20.1,3,25.2,0.0,0
2022112901,030104-4620074,std_2022112901@dongguk.edu,학생_2901,경영대학,경영정보학과,4,F,논술위주,3.87,4.21,0.35,18,88.4,0,23,29.1,4,15.2,1.0,0
2022112902,031018-3221713,std_2022112902@dongguk.edu,학생_2902,경영대학,회계학과,4,M,논술위주,3.2,3.32,0.13,18,93.8,0,17,28.9,4,28.4,3.0,0
2022112903,031224-4622456,std_2022112903@dongguk.edu,학생_2903,공과대학,컴퓨터인공지능전공,4,F,논술위주,4.09,3.89,-0.2,18,96.9,0,23,8.2,1,20.1,1.0,0
2021112904,020813-3526029,std_2021112904@dongguk.edu,학생_2904,공과대학,전자전기공학부,4,M,수능위주(정시),3.3,3.49,0.19,18,96.1,0,17,38.2,5,22.4,,0
2023112905,040628-4771391,std_2023112905@dongguk.edu,학생_2905,공과대학,기계로봇에너지공학과,3,F,수능위주(정시),3.63,3.49,-0.14,18,95.5,0,14,29.0,4,25.4,1.0,0
2024112906,050627-3868592,std_2024112906@dongguk.edu,학생_2906,사범대학,수학교육과,2,M,교과위주(학교장추천),3.03,3.06,0.04,18,93.9,0,15,32.4,5,19.5,1.0,0
2023112907,040307-4645872,std_2023112907@dongguk.edu,학생_2907,바이오시스템대학,생명과학과,3,F,수능위주(정시),3.02,3.05,0.03,18,98.0,0,19,33.1,5,10.4,2.0,0
2023112908,040520-3112565,std_2023112908@dongguk.edu,학생_2908,공과대학,전자전기공학부,3,M,학생부종합(DoDream),3.65,3.37,-0.28,18,96.6,0,24,26.8,4,16.3,2.0,0
2022112909,030407-4440083,std_2022112909@dongguk.edu,학생_2909,공과대학,정보통신공학과,4,F,교과위주(학교장추천),4.4,4.3,-0.2,18,95.9,0,27,16.6,2,30.6,2.0,0
2023112910,040518-3476057,std_2023112910@dongguk.edu,학생_2910,문과대학,사학과,3,M,논술위주,2.41,2.77,0.35,18,99.9,0,16,10.9,2,19.3,1.0,0
2022112911,030525-4922795,std_2022112911@dongguk.edu,학생_2911,경영대학,회계학과,4,F,수능위주(정시),2.95,3.16,0.22,18,97.4,0,21,24.8,4,25.3,3.0,0
2023112912,040117-3510752,std_2023112912@dongguk.edu,학생_2912,바이오시스템대학,바이오환경과학과,3,M,교과위주(학교장추천),2.66,2.53,-0.14,18,99.3,0,22,18.8,3,43.4,3.0,0
2023112913,041107-4953504,std_2023112913@dongguk.edu,학생_2913,공과대학,정보통신공학과,3,F,수능위주(정시),3.37,3.42,0.04,15,93.9,1,20,27.3,4,17.5,,0
2022112914,031014-3353282,std_2022112914@dongguk.edu,학생_2914,사범대학,수학교육과,4,M,교과위주(학교장추천),3.05,3.34,0.28,18,87.4,0,17,21.3,3,27.6,0.0,0
2024112915,050614-4670819,std_2024112915@dongguk.edu,학생_2915,문과대학,국어국문학과,2,F,교과위주(학교장추천),4.11,4.07,-0.04,15,100.0,1,21,5.0,1,32.9,1.0,0
2022112916,030412-3687965,std_2022112916@dongguk.edu,학생_2916,공과대학,전자전기공학부,4,M,논술위주,3.29,3.02,-0.27,18,88.5,0,23,19.6,3,30.7,0.0,0
2023112917,040624-4554655,std_2023112917@dongguk.edu,학생_2917,공과대학,기계로봇에너지공학과,3,F,학생부종합(DoDream),3.54,3.43,-0.12,18,84.1,0,17,7.3,1,42.0,0.0,0
2022112918,030905-3161476,std_2022112918@dongguk.edu,학생_2918,경영대학,경영학과,4,M,논술위주,3.74,3.71,-0.03,18,98.1,0,26,19.0,3,23.0,3.0,0
2024112919,050904-4307282,std_2024112919@dongguk.edu,학생_2919,공과대학,정보통신공학과,2,F,논술위주,2.86,2.97,0.11,18,97.5,0,18,33.6,5,50.8,0.0,0
2022112920,030508-3697190,std_2022112920@dongguk.edu,학생_2920,바이오시스템대학,생명과학과,4,M,수능위주(정시),2.43,2.36,-0.06,18,96.1,0,19,22.1,3,19.3,,0
2022112921,030611-4851712,std_2022112921@dongguk.edu,학생_2921,문과대학,국어국문학과,4,F,논술위주,2.01,3.76,1.76,12,68.6,2,4,0.1,0,71.6,,1
2022112922,030416-3348753,std_2022112922@dongguk.edu,학생_2922,바이오시스템대학,식품생명공학과,4,M,학생부종합(DoDream),1.0,2.47,1.73,12,69.1,2,5,3.7,1,60.1,0.0,1
2023112923,040814-4113115,std_2023112923@dongguk.edu,학생_2923,공과대학,기계로봇에너지공학과,3,F,교과위주(학교장추천),3.45,3.65,0.2,18,94.3,0,24,38.0,5,40.5,3.0,0
2024112924,051001-3790128,std_2024112924@dongguk.edu,학생_2924,문과대학,철학과,2,M,학생부종합(DoDream),3.71,3.44,-0.26,18,94.6,0,26,27.2,4,34.4,,0
2024112925,050210-4348326,std_2024112925@dongguk.edu,학생_2925,사범대학,수학교육과,2,F,수능위주(정시),2.97,2.95,-0.03,18,97.2,0,16,41.9,6,23.5,2.0,0
2023112926,040410-3894913,std_2023112926@dongguk.edu,학생_2926,문과대학,국어국문학과,3,M,수능위주(정시),2.22,2.3,0.08,18,95.0,0,21,31.4,4,37.6,1.0,0
2023112927,041110-4553294,std_2023112927@dongguk.edu,학생_2927,경영대학,회계학과,3,F,논술위주,2.95,2.87,-0.09,18,98.4,0,16,30.8,4,24.0,2.0,0
2021112928,020111-3317488,std_2021112928@dongguk.edu,학생_2928,공과대학,전자전기공학부,4,M,수능위주(정시),2.31,2.7,0.39,18,94.2,0,21,5.0,1,54.7,3.0,0
2024112929,050804-4533434,std_2024112929@dongguk.edu,학생_2929,공과대학,컴퓨터인공지능전공,2,F,교과위주(학교장추천),2.82,2.81,-0.01,18,89.1,0,21,18.4,3,29.2,0.0,0
2022112930,030420-3965619,std_2022112930@dongguk.edu,학생_2930,공과대학,전자전기공학부,4,M,수능위주(정시),3.61,3.85,0.25,18,89.0,0,19,27.8,4,30.4,,0
2023112931,040114-4285591,std_2023112931@dongguk.edu,학생_2931,사범대학,국어교육과,3,F,교과위주(학교장추천),1.09,2.05,0.96,12,66.7,2,7,8.3,1,84.2,,1
2023112932,040425-3316765,std_2023112932@dongguk.edu,학생_2932,사범대학,수학교육과,3,M,수능위주(정시),3.26,3.45,0.19,18,91.8,0,21,21.7,3,32.1,0.0,0
2022112933,030906-4470885,std_2022112933@dongguk.edu,학생_2933,경영대학,경영학과,4,F,논술위주,3.12,2.82,-0.3,18,92.4,0,21,14.4,2,22.9,3.0,0
2022112934,030215-3239675,std_2022112934@dongguk.edu,학생_2934,경영대학,경영학과,4,M,학생부종합(DoDream),3.38,3.37,-0.01,18,90.5,0,17,28.0,4,18.8,2.0,0
2021112935,021025-4825430,std_2021112935@dongguk.edu,학생_2935,경영대학,경영정보학과,4,F,수능위주(정시),1.95,3.13,1.18,15,81.3,1,1,4.7,1,54.8,0.0,1
2024112936,050426-3968549,std_2024112936@dongguk.edu,학생_2936,공과대학,정보통신공학과,2,M,수능위주(정시),3.3,3.19,-0.11,18,99.0,0,19,37.3,5,34.3,3.0,0
2021112937,020403-4694378,std_2021112937@dongguk.edu,학생_2937,경영대학,회계학과,4,F,논술위주,2.63,3.17,0.54,18,93.2,0,15,26.1,4,30.6,,0
2023112938,040712-3495485,std_2023112938@dongguk.edu,학생_2938,문과대학,국어국문학과,3,M,수능위주(정시),3.82,3.68,-0.14,18,93.9,0,25,39.3,6,17.5,0.0,0
2023112939,040122-4254961,std_2023112939@dongguk.edu,학생_2939,경영대학,경영학과,3,F,교과위주(학교장추천),3.3,3.67,0.37,18,98.1,0,23,21.2,3,39.8,0.0,0
2023112940,040117-3765028,std_2023112940@dongguk.edu,학생_2940,공과대학,컴퓨터인공지능전공,3,M,교과위주(학교장추천),2.94,2.8,-0.14,15,95.7,1,21,23.4,3,11.6,3.0,0
2022112941,030401-4192844,std_2022112941@dongguk.edu,학생_2941,사범대학,교육학과,4,F,수능위주(정시),2.97,2.95,-0.02,18,95.2,0,21,25.6,4,33.0,2.0,0
2023112942,040712-3867405,std_2023112942@dongguk.edu,학생_2942,사범대학,수학교육과,3,M,학생부종합(DoDream),2.28,3.17,0.89,12,64.8,2,3,4.3,1,60.5,1.0,1
2022112943,030612-4515953,std_2022112943@dongguk.edu,학생_2943,문과대학,영어영문학전공,4,F,논술위주,3.27,3.42,0.14,18,90.6,0,22,13.0,2,34.4,1.0,0
2024112944,050827-3698549,std_2024112944@dongguk.edu,학생_2944,문과대학,사학과,2,M,교과위주(학교장추천),2.24,2.6,0.36,18,96.0,0,22,18.8,3,34.9,3.0,0
2024112945,051010-4580399,std_2024112945@dongguk.edu,학생_2945,경영대학,경영학과,2,F,논술위주,2.89,2.86,-0.03,18,96.4,0,18,16.4,2,19.5,3.0,0
2022112946,030217-3965192,std_2022112946@dongguk.edu,학생_2946,문과대학,철학과,4,M,논술위주,1.94,3.49,1.55,15,67.2,1,3,6.5,1,69.8,1.0,1
2022112947,030521-4227982,std_2022112947@dongguk.edu,학생_2947,경영대학,경영학과,4,F,교과위주(학교장추천),2.74,3.1,0.36,18,94.3,0,15,6.7,1,18.0,2.0,0
2024112948,051018-3927073,std_2024112948@dongguk.edu,학생_2948,문과대학,국어국문학과,2,M,교과위주(학교장추천),4.05,3.75,-0.3,18,89.1,0,18,20.0,3,23.9,0.0,0
2023112949,040801-4251698,std_2023112949@dongguk.edu,학생_2949,공과대학,정보통신공학과,3,F,학생부종합(DoDream),3.92,3.66,-0.26,18,99.9,0,16,28.0,4,42.9,1.0,0
2024112950,050302-3491800,std_2024112950@dongguk.edu,학생_2950,경영대학,경영정보학과,2,M,학생부종합(DoDream),3.28,3.15,-0.13,18,94.4,0,26,30.3,4,29.2,3.0,0
2024112951,050604-4991534,std_2024112951@dongguk.edu,학생_2951,공과대학,정보통신공학과,2,F,수능위주(정시),3.38,3.68,0.3,18,94.6,0,21,36.3,5,33.8,3.0,0
2024112952,050205-3466559,std_2024112952@dongguk.edu,학생_2952,사범대학,교육학과,2,M,논술위주,4.4,3.86,-0.58,18,83.9,0,18,30.1,4,41.1,0.0,0
2024112953,050719-4249746,std_2024112953@dongguk.edu,학생_2953,사범대학,수학교육과,2,F,교과위주(학교장추천),2.2,2.6,0.42,18,96.5,0,16,27.2,4,26.1,,0
2023112954,041125-3293562,std_2023112954@dongguk.edu,학생_2954,문과대학,국어국문학과,3,M,학생부종합(DoDream),3.22,3.12,-0.09,18,90.4,0,17,16.8,2,25.7,3.0,0
2022112955,030822-4872188,std_2022112955@dongguk.edu,학생_2955,경영대학,회계학과,4,F,수능위주(정시),3.03,3.08,0.05,18,92.1,0,18,32.8,5,28.9,1.0,0
2023112956,040618-3882944,std_2023112956@dongguk.edu,학생_2956,바이오시스템대학,식품생명공학과,3,M,교과위주(학교장추천),3.92,3.48,-0.44,18,90.6,0,17,39.7,6,34.6,1.0,0
2022112957,031124-4560213,std_2022112957@dongguk.edu,학생_2957,바이오시스템대학,식품생명공학과,4,F,교과위주(학교장추천),2.2,2.17,0.14,18,100.0,0,17,37.4,5,25.0,,0
2023112958,040226-3687175,std_2023112958@dongguk.edu,학생_2958,공과대학,기계로봇에너지공학과,3,M,논술위주,2.57,2.9,0.33,15,97.9,1,25,40.6,6,20.8,0.0,0
2022112959,030704-4102008,std_2022112959@dongguk.edu,학생_2959,공과대학,기계로봇에너지공학과,4,F,수능위주(정시),2.86,2.62,-0.24,18,100.0,0,18,43.4,6,45.8,1.0,0
2023112960,040122-3857044,std_2023112960@dongguk.edu,학생_2960,공과대학,전자전기공학부,3,M,학생부종합(DoDream),3.42,3.45,0.04,18,92.6,0,24,33.3,5,32.2,2.0,0
2022112961,030210-4880826,std_2022112961@dongguk.edu,학생_2961,공과대학,전자전기공학부,4,F,논술위주,2.88,2.96,0.08,18,90.7,0,14,18.7,3,31.7,1.0,0
2023112962,040502-3543758,std_2023112962@dongguk.edu,학생_2962,경영대학,경영정보학과,3,M,교과위주(학교장추천),2.93,2.7,-0.23,18,94.7,0,18,42.3,6,27.9,1.0,0
2021112963,020705-4484360,std_2021112963@dongguk.edu,학생_2963,문과대학,영어영문학전공,4,F,학생부종합(DoDream),3.7,3.67,-0.04,18,89.8,0,18,33.1,5,42.5,1.0,0
2023112964,040325-3141625,std_2023112964@dongguk.edu,학생_2964,공과대학,전자전기공학부,3,M,수능위주(정시),4.27,3.91,-0.36,18,95.2,0,19,37.1,5,10.0,3.0,0
2022112965,030521-4931741,std_2022112965@dongguk.edu,학생_2965,바이오시스템대학,식품생명공학과,4,F,교과위주(학교장추천),2.47,2.39,-0.08,18,97.2,0,19,31.2,4,41.0,1.0,0
2023112966,040108-3730006,std_2023112966@dongguk.edu,학생_2966,공과대학,컴퓨터인공지능전공,3,M,논술위주,4.14,4.02,-0.12,18,97.5,0,15,30.5,4,31.6,,0
2024112967,050114-4916461,std_2024112967@dongguk.edu,학생_2967,문과대학,영어영문학전공,2,F,논술위주,3.63,3.36,-0.26,18,97.0,0,19,17.8,3,42.0,1.0,0
2023112968,040416-3122370,std_2023112968@dongguk.edu,학생_2968,문과대학,철학과,3,M,논술위주,3.58,3.41,-0.17,18,94.5,0,13,32.7,5,18.7,,0
2023112969,040525-4175931,std_2023112969@dongguk.edu,학생_2969,경영대학,경영정보학과,3,F,교과위주(학교장추천),2.3,3.84,1.42,6,77.4,4,3,7.5,1,66.5,0.0,1
2023112970,040603-3839846,std_2023112970@dongguk.edu,학생_2970,문과대학,영어영문학전공,3,M,학생부종합(DoDream),3.06,3.27,0.22,18,95.6,0,21,23.9,3,24.8,0.0,0
2023112971,040419-4250030,std_2023112971@dongguk.edu,학생_2971,문과대학,사학과,3,F,논술위주,2.78,2.83,0.05,18,100.0,0,24,22.8,3,22.1,1.0,0
2023112972,040216-3464985,std_2023112972@dongguk.edu,학생_2972,경영대학,경영학과,3,M,논술위주,4.07,3.74,-0.33,18,97.3,0,21,11.7,2,35.7,3.0,0
2023112973,040413-4656201,std_2023112973@dongguk.edu,학생_2973,사범대학,국어교육과,3,F,학생부종합(DoDream),3.58,3.7,0.12,18,93.6,0,13,23.4,3,22.5,3.0,0
2023112974,040914-3716064,std_2023112974@dongguk.edu,학생_2974,바이오시스템대학,바이오환경과학과,3,M,논술위주,2.34,2.23,-0.11,15,96.6,1,17,15.8,2,30.7,1.0,0
2021112975,020127-4292831,std_2021112975@dongguk.edu,학생_2975,바이오시스템대학,생명과학과,4,F,논술위주,3.53,3.45,-0.08,18,95.1,0,15,32.1,5,18.7,3.0,0
2024112976,050916-3402666,std_2024112976@dongguk.edu,학생_2976,사범대학,수학교육과,2,M,교과위주(학교장추천),3.14,2.91,-0.23,18,96.2,0,20,20.6,3,40.0,2.0,0
2023112977,040907-4956693,std_2023112977@dongguk.edu,학생_2977,공과대학,컴퓨터인공지능전공,3,F,논술위주,3.63,3.5,-0.14,18,95.0,0,23,24.8,4,48.8,1.0,0
2023112978,040213-3837116,std_2023112978@dongguk.edu,학생_2978,경영대학,회계학과,3,M,수능위주(정시),2.03,3.18,1.16,15,60.6,1,1,9.2,1,69.3,0.0,1
2023112979,041014-4692145,std_2023112979@dongguk.edu,학생_2979,사범대학,교육학과,3,F,학생부종합(DoDream),4.16,3.96,-0.2,18,97.6,0,22,21.2,3,10.0,1.0,0
2024112980,051224-3729026,std_2024112980@dongguk.edu,학생_2980,문과대학,국어국문학과,2,M,수능위주(정시),2.3,3.91,1.42,15,66.4,1,7,6.3,1,57.8,,1
2023112981,040408-4296036,std_2023112981@dongguk.edu,학생_2981,바이오시스템대학,식품생명공학과,3,F,수능위주(정시),2.77,2.98,0.21,18,88.8,0,18,19.2,3,24.4,2.0,0
2023112982,040817-3628936,std_2023112982@dongguk.edu,학생_2982,사범대학,수학교육과,3,M,교과위주(학교장추천),2.36,2.74,0.38,18,97.8,0,16,47.8,7,41.6,1.0,0
2024112983,050909-4987508,std_2024112983@dongguk.edu,학생_2983,문과대학,철학과,2,F,교과위주(학교장추천),3.07,3.38,0.31,18,94.7,0,16,29.5,4,35.2,0.0,0
2023112984,041202-3282854,std_2023112984@dongguk.edu,학생_2984,공과대학,정보통신공학과,3,M,논술위주,3.41,3.37,-0.05,18,100.0,0,26,32.9,5,34.6,1.0,0
2023112985,040508-4703169,std_2023112985@dongguk.edu,학생_2985,경영대학,회계학과,3,F,교과위주(학교장추천),2.9,3.1,0.19,15,97.7,1,20,33.3,5,42.7,1.0,0
2023112986,040303-3770333,std_2023112986@dongguk.edu,학생_2986,공과대학,전자전기공학부,3,M,교과위주(학교장추천),2.39,2.64,0.25,18,92.4,0,21,28.7,4,26.7,1.0,0
2024112987,051110-4244670,std_2024112987@dongguk.edu,학생_2987,경영대학,경영학과,2,F,논술위주,2.58,2.73,0.16,18,95.9,0,20,12.5,2,37.7,1.0,0
2023112988,040908-3697757,std_2023112988@dongguk.edu,학생_2988,경영대학,회계학과,3,M,학생부종합(DoDream),2.66,2.67,0.02,18,97.6,0,19,18.1,3,25.0,1.0,0
2022112989,030625-4143689,std_2022112989@dongguk.edu,학생_2989,공과대학,컴퓨터인공지능전공,4,F,논술위주,3.02,2.72,-0.3,18,99.2,0,18,22.9,3,28.2,0.0,0
2022112990,031207-3150411,std_2022112990@dongguk.edu,학생_2990,사범대학,수학교육과,4,M,논술위주,4.31,4.3,-0.01,18,97.7,0,24,44.8,6,12.6,3.0,0
2022112991,030410-4355822,std_2022112991@dongguk.edu,학생_2991,경영대학,경영정보학과,4,F,교과위주(학교장추천),3.15,2.96,-0.18,18,95.3,0,12,22.5,3,35.5,3.0,0
2024112992,050904-3498639,std_2024112992@dongguk.edu,학생_2992,바이오시스템대학,식품생명공학과,2,M,수능위주(정시),3.68,3.66,-0.02,18,98.5,0,14,29.3,4,36.1,0.0,0
2023112993,040926-4366805,std_2023112993@dongguk.edu,학생_2993,공과대학,정보통신공학과,3,F,학생부종합(DoDream),2.3,3.56,1.03,9,85.0,3,3,4.8,1,82.2,0.0,1
2024112994,051121-3676310,std_2024112994@dongguk.edu,학생_2994,경영대학,경영정보학과,2,M,학생부종합(DoDream),4.05,3.8,-0.26,18,97.5,0,27,37.7,5,21.2,2.0,0
2022112995,030515-4564597,std_2022112995@dongguk.edu,학생_2995,사범대학,국어교육과,4,F,논술위주,3.43,3.21,-0.23,18,93.5,0,17,27.9,4,35.0,1.0,0
2024112996,050903-3216200,std_2024112996@dongguk.edu,학생_2996,사범대학,국어교육과,2,M,수능위주(정시),3.29,2.86,-0.43,15,91.2,1,19,29.7,4,45.7,2.0,0
2024112997,050504-4259971,std_2024112997@dongguk.edu,학생_2997,공과대학,정보통신공학과,2,F,수능위주(정시),1.48,2.64,1.16,15,83.0,1,6,3.6,1,66.9,,1
2024112998,050516-3476149,std_2024112998@dongguk.edu,학생_2998,사범대학,교육학과,2,M,수능위주(정시),2.41,2.46,0.05,18,94.6,0,22,20.8,3,40.3,3.0,0
2022112999,030523-4487426,std_2022112999@dongguk.edu,학생_2999,문과대학,국어국문학과,4,F,교과위주(학교장추천),2.8,2.99,0.19,18,90.9,0,21,35.2,5,38.4,1.0,0
2022113000,030807-3337859,std_2022113000@dongguk.edu,학생_3000,경영대학,회계학과,4,M,교과위주(학교장추천),3.48,3.12,-0.36,15,93.3,1,21,24.9,4,35.5,0.0,0
2024113001,050604-4604033,std_2024113001@dongguk.edu,학생_3001,문과대학,영어영문학전공,2,F,교과위주(학교장추천),3.5,3.67,0.17,18,96.9,0,23,6.4,1,29.5,3.0,0
2023113002,040806-3692419,std_2023113002@dongguk.edu,학생_3002,문과대학,국어국문학과,3,M,논술위주,2.9,3.03,0.12,18,92.4,0,22,27.0,4,36.4,3.0,0
2022113003,030824-4247730,std_2022113003@dongguk.edu,학생_3003,경영대학,경영학과,4,F,논술위주,2.3,4.3,1.07,9,63.7,3,5,5.0,1,69.4,1.0,1
2024113004,050514-3497004,std_2024113004@dongguk.edu,학생_3004,공과대학,기계로봇에너지공학과,2,M,수능위주(정시),3.34,2.64,-0.7,15,92.1,1,24,35.2,5,20.6,3.0,0
2024113005,050703-4811050,std_2024113005@dongguk.edu,학생_3005,바이오시스템대학,식품생명공학과,2,F,학생부종합(DoDream),3.67,3.49,-0.18,18,94.7,0,22,35.0,5,28.1,0.0,0
2024113006,050422-3495740,std_2024113006@dongguk.edu,학생_3006,바이오시스템대학,바이오환경과학과,2,M,수능위주(정시),3.21,3.19,-0.03,18,90.9,0,12,19.1,3,26.6,3.0,0
2023113007,041115-4358229,std_2023113007@dongguk.edu,학생_3007,바이오시스템대학,생명과학과,3,F,교과위주(학교장추천),4.1,4.26,0.15,18,89.0,0,17,6.0,1,21.4,3.0,0
2022113008,030218-3674463,std_2022113008@dongguk.edu,학생_3008,바이오시스템대학,식품생명공학과,4,M,교과위주(학교장추천),2.71,2.78,0.07,18,100.0,0,24,17.5,3,38.8,0.0,0
2023113009,040416-4892009,std_2023113009@dongguk.edu,학생_3009,경영대학,회계학과,3,F,학생부종합(DoDream),2.3,3.85,1.16,12,69.9,2,5,10.4,1,51.5,1.0,1
2021113010,021213-3358396,std_2021113010@dongguk.edu,학생_3010,사범대학,수학교육과,4,M,수능위주(정시),3.29,3.59,0.29,18,87.7,0,17,31.6,5,40.2,1.0,0
2022113011,030126-4155403,std_2022113011@dongguk.edu,학생_3011,문과대학,국어국문학과,4,F,교과위주(학교장추천),1.07,2.36,1.29,15,63.2,1,9,1.5,0,60.8,,1
2023113012,041010-3209768,std_2023113012@dongguk.edu,학생_3012,공과대학,정보통신공학과,3,M,논술위주,3.4,3.53,0.13,18,92.2,0,18,30.0,4,16.3,1.0,0
2024113013,050822-4572099,std_2024113013@dongguk.edu,학생_3013,사범대학,국어교육과,2,F,수능위주(정시),2.44,2.31,-0.14,18,96.0,0,17,29.5,4,29.0,1.0,0
2023113014,040113-3851422,std_2023113014@dongguk.edu,학생_3014,공과대학,전자전기공학부,3,M,논술위주,3.71,3.13,-0.58,18,98.5,0,15,36.9,5,16.8,0.0,0
2022113015,030218-4612178,std_2022113015@dongguk.edu,학생_3015,공과대학,전자전기공학부,4,F,논술위주,3.52,3.36,-0.16,18,93.8,0,18,31.3,4,16.0,0.0,0
2021113016,020221-3130491,std_2021113016@dongguk.edu,학생_3016,문과대학,철학과,4,M,학생부종합(DoDream),3.17,2.89,-0.27,18,94.7,0,17,29.7,4,34.9,3.0,0
2022113017,030619-4319442,std_2022113017@dongguk.edu,학생_3017,바이오시스템대학,식품생명공학과,4,F,교과위주(학교장추천),1.47,3.04,1.58,9,55.9,3,10,1.8,0,80.8,,1
2023113018,040421-3920593,std_2023113018@dongguk.edu,학생_3018,문과대학,영어영문학전공,3,M,교과위주(학교장추천),3.23,3.46,0.23,18,96.5,0,17,33.8,5,29.1,0.0,0
2024113019,051128-4196600,std_2024113019@dongguk.edu,학생_3019,사범대학,국어교육과,2,F,교과위주(학교장추천),3.2,3.47,0.27,18,96.1,0,20,19.6,3,40.1,0.0,0
2022113020,031013-3877604,std_2022113020@dongguk.edu,학생_3020,문과대학,철학과,4,M,교과위주(학교장추천),3.74,3.69,-0.05,18,100.0,0,21,19.3,3,17.0,,0
2024113021,050514-4984369,std_2024113021@dongguk.edu,학생_3021,공과대학,기계로봇에너지공학과,2,F,논술위주,2.53,2.52,-0.01,18,90.0,0,26,27.2,4,39.6,3.0,0
2022113022,030103-3916426,std_2022113022@dongguk.edu,학생_3022,공과대학,정보통신공학과,4,M,학생부종합(DoDream),2.54,2.18,-0.36,15,91.5,1,20,29.0,4,27.5,2.0,0
2021113023,021118-4607319,std_2021113023@dongguk.edu,학생_3023,바이오시스템대학,바이오환경과학과,4,F,학생부종합(DoDream),1.63,2.69,1.07,15,70.0,1,5,4.4,1,73.2,1.0,1
2023113024,040411-3913478,std_2023113024@dongguk.edu,학생_3024,문과대학,사학과,3,M,수능위주(정시),3.24,3.25,0.01,18,96.4,0,18,20.4,3,28.6,0.0,0
2022113025,030727-4238474,std_2022113025@dongguk.edu,학생_3025,문과대학,사학과,4,F,논술위주,2.36,2.56,0.2,18,93.2,0,8,27.3,4,14.3,0.0,0
2024113026,051128-3832691,std_2024113026@dongguk.edu,학생_3026,경영대학,회계학과,2,M,학생부종합(DoDream),3.84,3.51,-0.33,18,97.4,0,9,32.4,5,44.3,2.0,0
2024113027,050327-4239656,std_2024113027@dongguk.edu,학생_3027,바이오시스템대학,바이오환경과학과,2,F,수능위주(정시),3.22,3.33,0.11,18,95.1,0,17,16.1,2,45.9,1.0,0
2022113028,030119-3406333,std_2022113028@dongguk.edu,학생_3028,공과대학,기계로봇에너지공학과,4,M,논술위주,3.37,3.58,0.21,15,92.4,1,15,25.9,4,22.7,0.0,0
2024113029,051016-4423850,std_2024113029@dongguk.edu,학생_3029,경영대학,회계학과,2,F,교과위주(학교장추천),2.3,4.01,1.55,15,76.8,1,4,9.6,1,41.3,,1
2021113030,020226-3947093,std_2021113030@dongguk.edu,학생_3030,사범대학,교육학과,4,M,수능위주(정시),1.86,3.57,1.71,15,80.0,1,9,4.2,1,49.9,1.0,1
2024113031,050425-4902303,std_2024113031@dongguk.edu,학생_3031,바이오시스템대학,생명과학과,2,F,교과위주(학교장추천),1.81,2.98,1.18,15,60.8,1,5,4.0,1,72.8,,1
2021113032,021003-3813515,std_2021113032@dongguk.edu,학생_3032,공과대학,전자전기공학부,4,M,학생부종합(DoDream),3.52,3.07,-0.45,18,96.5,0,22,13.5,2,33.5,3.0,0
2024113033,051009-4180033,std_2024113033@dongguk.edu,학생_3033,문과대학,사학과,2,F,학생부종합(DoDream),4.4,4.3,-0.39,18,91.3,0,10,20.8,3,37.0,0.0,0
2023113034,040128-3454367,std_2023113034@dongguk.edu,학생_3034,공과대학,전자전기공학부,3,M,논술위주,4.19,4.3,0.11,18,92.5,0,22,22.7,3,23.4,0.0,0
2023113035,040104-4951119,std_2023113035@dongguk.edu,학생_3035,바이오시스템대학,바이오환경과학과,3,F,논술위주,2.82,2.84,0.03,15,95.8,1,16,8.9,1,21.2,3.0,0
2024113036,050909-3910846,std_2024113036@dongguk.edu,학생_3036,경영대학,회계학과,2,M,학생부종합(DoDream),1.39,2.95,1.56,15,70.5,1,7,7.5,1,59.2,,1
2023113037,040922-4742554,std_2023113037@dongguk.edu,학생_3037,경영대학,경영정보학과,3,F,학생부종합(DoDream),3.73,3.59,-0.15,18,94.0,0,17,25.7,4,54.8,0.0,0
2024113038,050909-3435184,std_2024113038@dongguk.edu,학생_3038,공과대학,전자전기공학부,2,M,논술위주,2.34,2.29,-0.05,18,88.5,0,10,14.8,2,38.1,0.0,0
2022113039,030328-4629771,std_2022113039@dongguk.edu,학생_3039,공과대학,정보통신공학과,4,F,수능위주(정시),4.4,4.07,-0.4,18,91.5,0,21,23.9,3,30.2,3.0,0
2023113040,040316-3119178,std_2023113040@dongguk.edu,학생_3040,공과대학,정보통신공학과,3,M,수능위주(정시),2.01,3.04,1.03,12,65.7,2,5,1.3,0,54.1,0.0,1
2021113041,020915-4957082,std_2021113041@dongguk.edu,학생_3041,사범대학,수학교육과,4,F,학생부종합(DoDream),3.04,3.23,0.19,18,93.3,0,19,24.0,3,22.1,0.0,0
2021113042,020816-3660890,std_2021113042@dongguk.edu,학생_3042,경영대학,회계학과,4,M,논술위주,2.89,3.1,0.21,18,88.3,0,8,25.6,4,25.5,3.0,0
2022113043,030623-4857977,std_2022113043@dongguk.edu,학생_3043,경영대학,경영정보학과,4,F,수능위주(정시),4.13,4.3,0.17,18,91.8,0,22,30.7,4,40.7,1.0,0
2023113044,041016-3169190,std_2023113044@dongguk.edu,학생_3044,사범대학,국어교육과,3,M,논술위주,2.2,2.4,0.24,18,90.7,0,22,46.7,7,47.6,3.0,0
2022113045,030102-4644681,std_2022113045@dongguk.edu,학생_3045,공과대학,정보통신공학과,4,F,학생부종합(DoDream),3.15,3.32,0.17,18,94.3,0,17,23.5,3,17.6,1.0,0
2024113046,051125-3618125,std_2024113046@dongguk.edu,학생_3046,사범대학,국어교육과,2,M,학생부종합(DoDream),3.43,3.39,-0.04,18,88.6,0,14,28.3,4,27.8,3.0,0
2022113047,030415-4187336,std_2022113047@dongguk.edu,학생_3047,문과대학,철학과,4,F,교과위주(학교장추천),2.9,3.3,0.4,18,90.7,0,25,15.8,2,33.7,2.0,0
2023113048,040222-3310383,std_2023113048@dongguk.edu,학생_3048,바이오시스템대학,생명과학과,3,M,수능위주(정시),2.99,3.1,0.1,15,93.3,1,18,26.5,4,20.4,,0
2023113049,040623-4878449,std_2023113049@dongguk.edu,학생_3049,공과대학,기계로봇에너지공학과,3,F,수능위주(정시),3.62,3.21,-0.41,18,97.9,0,20,12.4,2,17.0,2.0,0
2022113050,030901-3747013,std_2022113050@dongguk.edu,학생_3050,공과대학,전자전기공학부,4,M,수능위주(정시),2.08,3.5,1.42,15,77.8,1,9,8.6,1,59.6,,1
2024113051,050808-4310403,std_2024113051@dongguk.edu,학생_3051,바이오시스템대학,바이오환경과학과,2,F,논술위주,3.48,3.36,-0.12,18,87.7,0,23,42.9,6,52.1,1.0,0
2023113052,040217-3454092,std_2023113052@dongguk.edu,학생_3052,공과대학,전자전기공학부,3,M,학생부종합(DoDream),2.24,3.4,1.15,9,73.8,3,5,9.9,1,74.9,0.0,1
2023113053,040311-4642021,std_2023113053@dongguk.edu,학생_3053,공과대학,컴퓨터인공지능전공,3,F,교과위주(학교장추천),3.14,3.37,0.23,18,96.7,0,27,5.0,1,42.2,0.0,0
2024113054,050814-3513876,std_2024113054@dongguk.edu,학생_3054,문과대학,영어영문학전공,2,M,교과위주(학교장추천),2.32,2.6,0.28,18,90.7,0,22,12.0,2,46.3,1.0,0
2023113055,040101-4843042,std_2023113055@dongguk.edu,학생_3055,공과대학,기계로봇에너지공학과,3,F,학생부종합(DoDream),2.38,2.38,-0.0,18,94.5,0,22,9.3,1,28.9,0.0,0
2022113056,030319-3711588,std_2022113056@dongguk.edu,학생_3056,문과대학,사학과,4,M,학생부종합(DoDream),3.72,3.53,-0.19,18,89.8,0,21,30.3,4,45.2,2.0,0
2024113057,050126-4302157,std_2024113057@dongguk.edu,학생_3057,공과대학,컴퓨터인공지능전공,2,F,학생부종합(DoDream),3.22,3.17,-0.05,18,97.6,0,20,27.5,4,32.9,,0
2022113058,030728-3532983,std_2022113058@dongguk.edu,학생_3058,문과대학,철학과,4,M,학생부종합(DoDream),3.72,3.44,-0.28,18,94.4,0,18,25.6,4,20.6,0.0,0
2021113059,020312-4947276,std_2021113059@dongguk.edu,학생_3059,경영대학,회계학과,4,F,수능위주(정시),2.18,3.31,1.13,15,68.2,1,5,5.6,1,70.4,0.0,1
2023113060,040205-3477504,std_2023113060@dongguk.edu,학생_3060,경영대학,경영학과,3,M,수능위주(정시),3.64,3.66,0.02,18,96.0,0,19,28.2,4,24.4,,0
2023113061,040813-4494994,std_2023113061@dongguk.edu,학생_3061,사범대학,교육학과,3,F,논술위주,3.33,3.29,-0.04,18,91.4,0,22,5.0,1,22.4,0.0,0
2023113062,041014-3433369,std_2023113062@dongguk.edu,학생_3062,문과대학,철학과,3,M,학생부종합(DoDream),3.57,3.46,-0.11,18,90.1,0,24,32.0,5,29.8,2.0,0
2023113063,040912-4374615,std_2023113063@dongguk.edu,학생_3063,경영대학,회계학과,3,F,논술위주,2.25,3.56,1.31,9,70.2,3,8,2.6,0,69.8,,1
2024113064,050510-3750032,std_2024113064@dongguk.edu,학생_3064,바이오시스템대학,식품생명공학과,2,M,수능위주(정시),3.71,3.93,0.21,18,99.1,0,27,42.6,6,23.4,0.0,0
2023113065,040902-4604576,std_2023113065@dongguk.edu,학생_3065,경영대학,경영정보학과,3,F,수능위주(정시),2.2,2.31,0.43,15,95.7,1,17,34.1,5,27.0,2.0,0
2023113066,040902-3133153,std_2023113066@dongguk.edu,학생_3066,공과대학,정보통신공학과,3,M,교과위주(학교장추천),3.79,4.02,0.23,18,99.0,0,20,25.4,4,37.3,2.0,0
2023113067,040921-4621308,std_2023113067@dongguk.edu,학생_3067,문과대학,국어국문학과,3,F,학생부종합(DoDream),2.27,2.07,-0.21,15,100.0,1,19,16.6,2,29.7,2.0,0
2024113068,050628-3734040,std_2024113068@dongguk.edu,학생_3068,공과대학,컴퓨터인공지능전공,2,M,수능위주(정시),3.86,3.6,-0.26,18,85.6,0,20,28.9,4,24.0,3.0,0
2024113069,051020-4240229,std_2024113069@dongguk.edu,학생_3069,공과대학,정보통신공학과,2,F,교과위주(학교장추천),3.37,3.0,-0.37,18,98.7,0,17,17.0,2,28.5,,0
2023113070,040711-3332158,std_2023113070@dongguk.edu,학생_3070,문과대학,국어국문학과,3,M,논술위주,3.65,3.33,-0.32,15,99.1,1,19,8.8,1,38.7,2.0,0
2023113071,040428-4432123,std_2023113071@dongguk.edu,학생_3071,바이오시스템대학,식품생명공학과,3,F,학생부종합(DoDream),2.89,3.08,0.19,18,91.0,0,23,28.8,4,31.9,2.0,0
2023113072,040917-3551168,std_2023113072@dongguk.edu,학생_3072,공과대학,컴퓨터인공지능전공,3,M,학생부종합(DoDream),2.86,2.99,0.13,18,95.7,0,13,8.2,1,27.0,2.0,0
2021113073,021113-4203013,std_2021113073@dongguk.edu,학생_3073,사범대학,수학교육과,4,F,수능위주(정시),1.18,2.71,1.53,15,66.7,1,6,10.3,1,70.5,0.0,1
2022113074,030102-3103225,std_2022113074@dongguk.edu,학생_3074,경영대학,경영정보학과,4,M,학생부종합(DoDream),3.21,3.2,-0.01,18,88.5,0,17,16.4,2,25.4,1.0,0
2022113075,030823-4855940,std_2022113075@dongguk.edu,학생_3075,공과대학,정보통신공학과,4,F,교과위주(학교장추천),2.85,2.86,0.01,18,94.2,0,17,13.1,2,39.8,1.0,0
2023113076,041226-3695771,std_2023113076@dongguk.edu,학생_3076,문과대학,영어영문학전공,3,M,교과위주(학교장추천),2.74,3.37,0.63,18,96.8,0,20,13.3,2,15.3,3.0,0
2022113077,031102-4801764,std_2022113077@dongguk.edu,학생_3077,공과대학,정보통신공학과,4,F,논술위주,2.23,3.65,1.42,12,64.2,2,7,0.9,0,64.8,1.0,1
2024113078,051017-3139093,std_2024113078@dongguk.edu,학생_3078,경영대학,경영정보학과,2,M,수능위주(정시),4.18,4.04,-0.14,18,87.3,0,19,32.4,5,10.0,1.0,0
2022113079,030916-4595724,std_2022113079@dongguk.edu,학생_3079,경영대학,경영정보학과,4,F,학생부종합(DoDream),2.2,2.15,0.13,18,100.0,0,16,15.5,2,40.7,1.0,0
2023113080,040904-3702800,std_2023113080@dongguk.edu,학생_3080,문과대학,국어국문학과,3,M,교과위주(학교장추천),2.65,3.28,0.64,18,96.6,0,21,45.6,7,20.9,1.0,0
2023113081,040613-4750301,std_2023113081@dongguk.edu,학생_3081,공과대학,전자전기공학부,3,F,교과위주(학교장추천),3.16,2.95,-0.21,18,91.4,0,13,7.7,1,22.0,2.0,0
2021113082,020123-3809005,std_2021113082@dongguk.edu,학생_3082,문과대학,사학과,4,M,논술위주,3.13,3.29,0.16,18,91.6,0,17,22.9,3,20.6,3.0,0
2023113083,040118-4929834,std_2023113083@dongguk.edu,학생_3083,문과대학,영어영문학전공,3,F,수능위주(정시),3.09,3.01,-0.08,15,90.5,1,24,20.7,3,25.8,3.0,0
2022113084,030603-3789684,std_2022113084@dongguk.edu,학생_3084,경영대학,경영학과,4,M,학생부종합(DoDream),3.38,3.65,0.27,18,86.9,0,16,18.0,3,29.7,0.0,0
2024113085,051221-4518054,std_2024113085@dongguk.edu,학생_3085,문과대학,국어국문학과,2,F,학생부종합(DoDream),3.08,3.2,0.12,18,92.2,0,17,15.2,2,28.4,1.0,0
2024113086,051216-3782310,std_2024113086@dongguk.edu,학생_3086,사범대학,국어교육과,2,M,수능위주(정시),3.4,3.22,-0.18,18,90.9,0,21,21.8,3,41.9,2.0,0
2022113087,030918-4515417,std_2022113087@dongguk.edu,학생_3087,바이오시스템대학,바이오환경과학과,4,F,교과위주(학교장추천),3.67,3.46,-0.21,15,95.6,1,17,50.1,7,13.2,2.0,0
2023113088,040412-3240885,std_2023113088@dongguk.edu,학생_3088,공과대학,기계로봇에너지공학과,3,M,학생부종합(DoDream),3.66,3.42,-0.25,18,94.0,0,17,36.0,5,37.6,1.0,0
2022113089,030106-4481606,std_2022113089@dongguk.edu,학생_3089,경영대학,경영학과,4,F,교과위주(학교장추천),1.65,3.13,1.48,12,71.1,2,1,2.2,0,67.9,1.0,1
2022113090,030317-3742750,std_2022113090@dongguk.edu,학생_3090,공과대학,기계로봇에너지공학과,4,M,논술위주,2.68,2.85,0.17,18,93.5,0,18,25.8,4,34.7,2.0,0
2023113091,040103-4474529,std_2023113091@dongguk.edu,학생_3091,공과대학,정보통신공학과,3,F,논술위주,2.84,2.49,-0.35,18,95.5,0,21,37.2,5,37.2,,0
2022113092,031020-3434195,std_2022113092@dongguk.edu,학생_3092,바이오시스템대학,생명과학과,4,M,학생부종합(DoDream),2.87,3.5,0.63,18,94.3,0,21,32.3,5,38.1,1.0,0
2024113093,050902-4153430,std_2024113093@dongguk.edu,학생_3093,경영대학,경영정보학과,2,F,논술위주,3.33,3.38,0.05,18,94.4,0,15,32.2,5,15.4,2.0,0
2024113094,050422-3618533,std_2024113094@dongguk.edu,학생_3094,문과대학,철학과,2,M,수능위주(정시),3.01,3.22,0.22,18,100.0,0,12,22.8,3,32.1,3.0,0
2022113095,030110-4212199,std_2022113095@dongguk.edu,학생_3095,문과대학,사학과,4,F,수능위주(정시),2.2,2.33,0.42,18,86.7,0,21,14.7,2,44.5,,0
2024113096,050112-3684142,std_2024113096@dongguk.edu,학생_3096,문과대학,영어영문학전공,2,M,교과위주(학교장추천),2.2,2.33,0.29,18,95.4,0,21,17.6,3,32.8,1.0,0
2024113097,050523-4353508,std_2024113097@dongguk.edu,학생_3097,공과대학,정보통신공학과,2,F,논술위주,3.34,3.57,0.23,18,98.9,0,17,17.5,2,30.0,1.0,0
2023113098,040622-3449130,std_2023113098@dongguk.edu,학생_3098,공과대학,컴퓨터인공지능전공,3,M,학생부종합(DoDream),2.65,2.66,0.0,15,95.9,1,18,40.6,6,47.2,1.0,0
2022113099,030427-4618485,std_2022113099@dongguk.edu,학생_3099,공과대학,전자전기공학부,4,F,논술위주,2.95,2.67,-0.28,18,99.0,0,16,23.6,3,49.9,,0
2022113100,030204-3205706,std_2022113100@dongguk.edu,학생_3100,문과대학,국어국문학과,4,M,논술위주,1.0,2.64,1.79,12,53.1,2,5,3.1,0,68.5,1.0,1
2023113101,041214-4824464,std_2023113101@dongguk.edu,학생_3101,공과대학,컴퓨터인공지능전공,3,F,논술위주,3.69,3.56,-0.14,18,96.6,0,14,7.8,1,25.6,2.0,0
2024113102,051022-3449590,std_2024113102@dongguk.edu,학생_3102,경영대학,회계학과,2,M,수능위주(정시),3.98,3.8,-0.18,18,99.4,0,18,13.2,2,29.8,3.0,0
2023113103,040810-4692506,std_2023113103@dongguk.edu,학생_3103,공과대학,정보통신공학과,3,F,수능위주(정시),3.76,3.35,-0.41,18,86.8,0,28,5.6,1,26.1,2.0,0
2022113104,030528-3347327,std_2022113104@dongguk.edu,학생_3104,공과대학,정보통신공학과,4,M,교과위주(학교장추천),3.06,3.08,0.02,18,87.1,0,14,18.8,3,29.9,3.0,0
2021113105,020228-4861160,std_2021113105@dongguk.edu,학생_3105,공과대학,전자전기공학부,4,F,학생부종합(DoDream),3.43,3.22,-0.21,18,99.0,0,18,31.3,4,19.9,0.0,0
2023113106,040916-3541965,std_2023113106@dongguk.edu,학생_3106,문과대학,국어국문학과,3,M,논술위주,1.89,2.76,0.87,9,70.7,3,3,0.0,0,66.7,1.0,1
2023113107,040105-4140312,std_2023113107@dongguk.edu,학생_3107,경영대학,회계학과,3,F,수능위주(정시),3.47,3.29,-0.18,18,94.0,0,17,27.8,4,29.2,0.0,0
2023113108,040222-3839520,std_2023113108@dongguk.edu,학생_3108,공과대학,전자전기공학부,3,M,논술위주,3.15,3.44,0.29,18,94.8,0,19,24.2,3,29.2,,0
2022113109,030726-4721082,std_2022113109@dongguk.edu,학생_3109,공과대학,정보통신공학과,4,F,교과위주(학교장추천),3.03,2.78,-0.25,18,89.0,0,21,10.7,2,35.3,0.0,0
2024113110,050401-3821842,std_2024113110@dongguk.edu,학생_3110,사범대학,국어교육과,2,M,교과위주(학교장추천),2.23,2.41,0.18,18,94.0,0,18,20.5,3,25.3,1.0,0
2024113111,051212-4976070,std_2024113111@dongguk.edu,학생_3111,사범대학,교육학과,2,F,수능위주(정시),2.85,2.94,0.09,15,89.2,1,24,23.8,3,45.3,0.0,0
2023113112,040522-3683952,std_2023113112@dongguk.edu,학생_3112,문과대학,국어국문학과,3,M,교과위주(학교장추천),3.97,4.11,0.14,18,93.1,0,25,36.6,5,33.3,0.0,0
2023113113,040712-4377637,std_2023113113@dongguk.edu,학생_3113,공과대학,컴퓨터인공지능전공,3,F,교과위주(학교장추천),2.43,2.38,-0.05,18,88.8,0,20,33.3,5,37.0,1.0,0
2023113114,040916-3615115,std_2023113114@dongguk.edu,학생_3114,경영대학,경영정보학과,3,M,논술위주,3.58,3.52,-0.06,15,93.3,1,24,12.0,2,21.7,2.0,0
2021113115,020817-4944224,std_2021113115@dongguk.edu,학생_3115,공과대학,컴퓨터인공지능전공,4,F,논술위주,3.49,3.38,-0.1,18,91.0,0,26,29.5,4,36.3,2.0,0
2023113116,040617-3537864,std_2023113116@dongguk.edu,학생_3116,사범대학,국어교육과,3,M,논술위주,3.33,3.61,0.28,18,94.2,0,25,41.3,6,34.7,0.0,0
2024113117,050814-4778769,std_2024113117@dongguk.edu,학생_3117,경영대학,회계학과,2,F,수능위주(정시),2.46,3.06,0.6,18,86.6,0,17,31.1,4,25.6,2.0,0
2022113118,031223-3419989,std_2022113118@dongguk.edu,학생_3118,공과대학,정보통신공학과,4,M,수능위주(정시),2.0,2.97,0.96,9,62.5,3,1,6.9,1,53.2,1.0,1
2023113119,041024-4118170,std_2023113119@dongguk.edu,학생_3119,바이오시스템대학,생명과학과,3,F,논술위주,2.84,3.16,0.32,18,99.9,0,13,19.8,3,21.5,1.0,0
2024113120,050915-3283468,std_2024113120@dongguk.edu,학생_3120,바이오시스템대학,식품생명공학과,2,M,학생부종합(DoDream),1.03,2.47,1.44,15,74.5,1,7,0.9,0,87.3,1.0,1
2023113121,040807-4381505,std_2023113121@dongguk.edu,학생_3121,경영대학,경영정보학과,3,F,학생부종합(DoDream),2.2,2.11,0.02,18,100.0,0,22,23.3,3,10.0,2.0,0
2023113122,040603-3315023,std_2023113122@dongguk.edu,학생_3122,문과대학,국어국문학과,3,M,교과위주(학교장추천),3.36,2.84,-0.52,18,92.4,0,22,34.5,5,13.2,0.0,0
2021113123,020104-4522610,std_2021113123@dongguk.edu,학생_3123,경영대학,회계학과,4,F,학생부종합(DoDream),3.96,3.46,-0.51,18,93.1,0,13,32.7,5,29.4,0.0,0
2024113124,051108-3929343,std_2024113124@dongguk.edu,학생_3124,문과대학,철학과,2,M,수능위주(정시),4.05,3.96,-0.08,18,89.0,0,21,29.4,4,41.8,2.0,0
2023113125,041106-4533125,std_2023113125@dongguk.edu,학생_3125,공과대학,컴퓨터인공지능전공,3,F,수능위주(정시),2.71,2.67,-0.04,18,96.1,0,22,5.0,1,37.8,3.0,0
2024113126,050719-3651263,std_2024113126@dongguk.edu,학생_3126,공과대학,전자전기공학부,2,M,학생부종합(DoDream),3.1,2.93,-0.17,18,92.5,0,18,21.8,3,24.3,2.0,0
2023113127,040924-4257868,std_2023113127@dongguk.edu,학생_3127,경영대학,회계학과,3,F,수능위주(정시),1.0,2.3,1.45,15,64.6,1,10,5.0,1,55.9,,1
2024113128,050516-3745026,std_2024113128@dongguk.edu,학생_3128,경영대학,경영학과,2,M,수능위주(정시),3.63,3.08,-0.55,18,99.2,0,22,10.6,2,27.4,2.0,0
2024113129,050603-4755353,std_2024113129@dongguk.edu,학생_3129,공과대학,컴퓨터인공지능전공,2,F,논술위주,2.62,3.01,0.4,18,95.8,0,13,36.3,5,40.7,2.0,0
2023113130,040612-3992981,std_2023113130@dongguk.edu,학생_3130,사범대학,수학교육과,3,M,교과위주(학교장추천),2.54,2.69,0.15,18,100.0,0,20,26.4,4,23.7,3.0,0
2021113131,020226-4821313,std_2021113131@dongguk.edu,학생_3131,공과대학,기계로봇에너지공학과,4,F,논술위주,3.64,3.73,0.09,18,98.5,0,16,32.2,5,40.2,1.0,0
2022113132,030408-3994019,std_2022113132@dongguk.edu,학생_3132,바이오시스템대학,생명과학과,4,M,교과위주(학교장추천),3.38,3.33,-0.05,18,98.0,0,22,24.6,4,43.8,3.0,0
2024113133,050102-4449905,std_2024113133@dongguk.edu,학생_3133,문과대학,철학과,2,F,교과위주(학교장추천),3.81,3.72,-0.08,18,100.0,0,16,23.5,3,10.0,2.0,0
2023113134,040205-3752250,std_2023113134@dongguk.edu,학생_3134,공과대학,정보통신공학과,3,M,학생부종합(DoDream),3.74,3.56,-0.18,18,90.6,0,25,25.3,4,44.5,0.0,0
2024113135,050417-4245004,std_2024113135@dongguk.edu,학생_3135,공과대학,컴퓨터인공지능전공,2,F,수능위주(정시),2.66,2.8,0.14,18,96.3,0,21,12.4,2,23.5,2.0,0
2021113136,020427-3471846,std_2021113136@dongguk.edu,학생_3136,공과대학,전자전기공학부,4,M,교과위주(학교장추천),1.78,3.5,1.72,15,72.0,1,3,6.4,1,47.7,1.0,1
2021113137,020502-4936359,std_2021113137@dongguk.edu,학생_3137,공과대학,기계로봇에너지공학과,4,F,교과위주(학교장추천),3.99,4.3,0.31,18,92.5,0,19,15.4,2,33.1,3.0,0
2022113138,031009-3271216,std_2022113138@dongguk.edu,학생_3138,공과대학,정보통신공학과,4,M,학생부종합(DoDream),3.33,3.31,-0.02,18,99.0,0,25,32.4,5,18.8,1.0,0
2023113139,041101-4935805,std_2023113139@dongguk.edu,학생_3139,공과대학,전자전기공학부,3,F,교과위주(학교장추천),3.08,3.15,0.07,15,97.4,1,14,26.6,4,30.6,1.0,0
2024113140,051007-3585182,std_2024113140@dongguk.edu,학생_3140,사범대학,수학교육과,2,M,수능위주(정시),3.07,3.07,0.0,18,93.2,0,19,28.9,4,36.4,0.0,0
2023113141,040205-4271780,std_2023113141@dongguk.edu,학생_3141,문과대학,국어국문학과,3,F,교과위주(학교장추천),3.87,3.59,-0.28,18,93.4,0,20,23.4,3,31.6,1.0,0
2023113142,040519-3113724,std_2023113142@dongguk.edu,학생_3142,문과대학,철학과,3,M,수능위주(정시),3.34,3.13,-0.21,18,84.4,0,14,25.8,4,34.8,0.0,0
2022113143,030327-4945457,std_2022113143@dongguk.edu,학생_3143,문과대학,철학과,4,F,논술위주,2.43,2.41,-0.02,18,84.3,0,26,34.3,5,35.9,0.0,0
2024113144,050622-3164548,std_2024113144@dongguk.edu,학생_3144,경영대학,회계학과,2,M,수능위주(정시),2.3,3.66,1.36,9,83.8,3,9,2.2,0,69.4,1.0,1
2021113145,020904-4247449,std_2021113145@dongguk.edu,학생_3145,경영대학,경영학과,4,F,논술위주,1.45,3.22,1.76,15,65.1,1,9,3.5,0,68.8,1.0,1
2022113146,030511-3714152,std_2022113146@dongguk.edu,학생_3146,경영대학,회계학과,4,M,논술위주,3.22,3.53,0.31,18,92.3,0,24,37.5,5,24.8,3.0,0
2024113147,050504-4706478,std_2024113147@dongguk.edu,학생_3147,사범대학,수학교육과,2,F,수능위주(정시),3.24,3.52,0.28,18,87.2,0,11,6.5,1,29.7,2.0,0
2021113148,020118-3268212,std_2021113148@dongguk.edu,학생_3148,바이오시스템대학,식품생명공학과,4,M,학생부종합(DoDream),3.01,2.83,-0.18,18,90.6,0,18,25.9,4,37.3,0.0,0
2024113149,050813-4481241,std_2024113149@dongguk.edu,학생_3149,문과대학,사학과,2,F,학생부종합(DoDream),3.17,3.29,0.12,18,95.1,0,28,19.5,3,38.1,3.0,0
2024113150,050124-3223239,std_2024113150@dongguk.edu,학생_3150,문과대학,철학과,2,M,수능위주(정시),3.39,3.7,0.3,18,96.9,0,18,14.4,2,39.6,2.0,0
2022113151,030827-4828975,std_2022113151@dongguk.edu,학생_3151,문과대학,철학과,4,F,교과위주(학교장추천),3.25,3.11,-0.14,18,91.0,0,21,5.0,1,28.7,2.0,0
2023113152,040322-3207626,std_2023113152@dongguk.edu,학생_3152,공과대학,컴퓨터인공지능전공,3,M,교과위주(학교장추천),2.59,2.53,-0.06,18,98.2,0,11,48.6,7,29.4,2.0,0
2024113153,050216-4527788,std_2024113153@dongguk.edu,학생_3153,바이오시스템대학,생명과학과,2,F,논술위주,3.77,3.76,-0.01,18,95.8,0,22,25.8,4,23.9,3.0,0
2023113154,040224-3696931,std_2023113154@dongguk.edu,학생_3154,경영대학,회계학과,3,M,논술위주,2.93,3.0,0.08,18,95.0,0,15,33.8,5,36.2,1.0,0
2022113155,030411-4743591,std_2022113155@dongguk.edu,학생_3155,공과대학,전자전기공학부,4,F,교과위주(학교장추천),3.12,2.64,-0.48,15,93.7,1,18,7.3,1,43.2,2.0,0
2021113156,021127-3767321,std_2021113156@dongguk.edu,학생_3156,문과대학,사학과,4,M,수능위주(정시),2.29,2.54,0.25,18,92.6,0,18,18.2,3,27.0,0.0,0
2022113157,030611-4849913,std_2022113157@dongguk.edu,학생_3157,사범대학,국어교육과,4,F,교과위주(학교장추천),4.2,4.08,-0.12,18,98.3,0,18,40.0,6,24.1,0.0,0
2022113158,030926-3977077,std_2022113158@dongguk.edu,학생_3158,경영대학,경영학과,4,M,수능위주(정시),3.27,3.23,-0.03,18,91.0,0,19,5.0,1,27.0,3.0,0
2024113159,050723-4557999,std_2024113159@dongguk.edu,학생_3159,공과대학,정보통신공학과,2,F,교과위주(학교장추천),2.55,2.34,-0.21,18,95.3,0,16,30.3,4,35.1,3.0,0
2024113160,050526-3208023,std_2024113160@dongguk.edu,학생_3160,공과대학,정보통신공학과,2,M,논술위주,2.56,2.32,-0.24,18,99.1,0,17,41.1,6,33.6,,0
2024113161,051218-4921438,std_2024113161@dongguk.edu,학생_3161,경영대학,회계학과,2,F,학생부종합(DoDream),2.77,2.95,0.18,18,94.3,0,20,23.7,3,16.7,0.0,0
2022113162,031223-3725598,std_2022113162@dongguk.edu,학생_3162,문과대학,사학과,4,M,교과위주(학교장추천),3.23,3.37,0.15,18,97.8,0,23,32.1,5,32.3,0.0,0
2023113163,040708-4604607,std_2023113163@dongguk.edu,학생_3163,공과대학,컴퓨터인공지능전공,3,F,교과위주(학교장추천),2.77,2.66,-0.11,18,94.4,0,18,26.9,4,16.9,2.0,0
2021113164,020715-3113880,std_2021113164@dongguk.edu,학생_3164,문과대학,국어국문학과,4,M,학생부종합(DoDream),3.35,3.03,-0.32,18,85.7,0,22,50.3,7,25.9,2.0,0
2024113165,050103-4164469,std_2024113165@dongguk.edu,학생_3165,공과대학,컴퓨터인공지능전공,2,F,수능위주(정시),3.15,3.14,-0.01,18,97.2,0,26,26.5,4,31.4,1.0,0
2021113166,020223-3821167,std_2021113166@dongguk.edu,학생_3166,바이오시스템대학,식품생명공학과,4,M,수능위주(정시),3.03,3.23,0.2,18,98.2,0,16,18.8,3,30.4,3.0,0
2021113167,020506-4548921,std_2021113167@dongguk.edu,학생_3167,공과대학,컴퓨터인공지능전공,4,F,논술위주,4.14,3.65,-0.49,18,96.0,0,25,26.0,4,40.9,2.0,0
2022113168,031227-3987613,std_2022113168@dongguk.edu,학생_3168,경영대학,회계학과,4,M,논술위주,3.82,3.34,-0.48,18,95.3,0,17,17.7,3,29.4,0.0,0
2022113169,030107-4615422,std_2022113169@dongguk.edu,학생_3169,공과대학,기계로봇에너지공학과,4,F,수능위주(정시),2.3,3.58,1.17,15,85.0,1,8,5.8,1,84.8,1.0,1
2024113170,050720-3150136,std_2024113170@dongguk.edu,학생_3170,공과대학,컴퓨터인공지능전공,2,M,수능위주(정시),3.0,2.77,-0.23,18,96.2,0,18,33.0,5,37.1,3.0,0
2023113171,041104-4387215,std_2023113171@dongguk.edu,학생_3171,공과대학,기계로봇에너지공학과,3,F,교과위주(학교장추천),3.52,3.41,-0.11,18,94.8,0,19,16.4,2,35.1,2.0,0
2022113172,031116-3705458,std_2022113172@dongguk.edu,학생_3172,바이오시스템대학,생명과학과,4,M,교과위주(학교장추천),3.9,3.52,-0.38,18,95.0,0,28,35.3,5,28.8,3.0,0
2024113173,050526-4246397,std_2024113173@dongguk.edu,학생_3173,공과대학,기계로봇에너지공학과,2,F,수능위주(정시),3.09,2.91,-0.19,18,100.0,0,20,27.8,4,40.4,0.0,0
2022113174,030417-3245568,std_2022113174@dongguk.edu,학생_3174,바이오시스템대학,바이오환경과학과,4,M,논술위주,3.64,3.72,0.09,18,90.7,0,15,12.1,2,32.2,1.0,0
2023113175,040113-4298297,std_2023113175@dongguk.edu,학생_3175,경영대학,경영정보학과,3,F,논술위주,3.94,3.59,-0.35,18,92.9,0,21,48.2,7,44.3,0.0,0
2023113176,040625-3582559,std_2023113176@dongguk.edu,학생_3176,공과대학,컴퓨터인공지능전공,3,M,학생부종합(DoDream),3.63,3.69,0.05,18,93.9,0,27,34.1,5,35.3,3.0,0
2024113177,050902-4592589,std_2024113177@dongguk.edu,학생_3177,공과대학,기계로봇에너지공학과,2,F,교과위주(학교장추천),4.28,4.11,-0.17,15,93.6,1,18,12.1,2,44.7,3.0,0
2024113178,050803-3997749,std_2024113178@dongguk.edu,학생_3178,사범대학,국어교육과,2,M,논술위주,2.48,2.68,0.21,18,100.0,0,21,25.9,4,31.6,,0
2024113179,050225-4539646,std_2024113179@dongguk.edu,학생_3179,공과대학,기계로봇에너지공학과,2,F,교과위주(학교장추천),3.78,3.57,-0.21,18,96.9,0,24,13.0,2,40.6,0.0,0
2021113180,021123-3935757,std_2021113180@dongguk.edu,학생_3180,공과대학,기계로봇에너지공학과,4,M,논술위주,3.5,2.91,-0.59,18,93.2,0,24,25.5,4,31.2,1.0,0
2021113181,020408-4470789,std_2021113181@dongguk.edu,학생_3181,경영대학,경영학과,4,F,논술위주,3.48,3.63,0.15,18,86.1,0,14,13.7,2,37.4,0.0,0
2022113182,031007-3868895,std_2022113182@dongguk.edu,학생_3182,공과대학,전자전기공학부,4,M,교과위주(학교장추천),3.36,2.97,-0.39,18,92.6,0,18,17.6,3,36.6,1.0,0
2024113183,051012-4407605,std_2024113183@dongguk.edu,학생_3183,바이오시스템대학,식품생명공학과,2,F,논술위주,3.05,3.18,0.13,18,94.2,0,18,32.2,5,35.7,1.0,0
2023113184,040806-3842736,std_2023113184@dongguk.edu,학생_3184,문과대학,철학과,3,M,수능위주(정시),2.53,2.39,-0.14,18,99.9,0,21,20.2,3,37.9,,0
2023113185,040926-4562262,std_2023113185@dongguk.edu,학생_3185,문과대학,영어영문학전공,3,F,교과위주(학교장추천),1.97,3.27,1.31,15,73.7,1,8,0.0,0,72.1,,1
2024113186,050419-3235656,std_2024113186@dongguk.edu,학생_3186,공과대학,정보통신공학과,2,M,교과위주(학교장추천),4.32,4.3,-0.02,18,99.5,0,28,20.4,3,25.5,1.0,0
2022113187,030318-4449314,std_2022113187@dongguk.edu,학생_3187,바이오시스템대학,생명과학과,4,F,학생부종합(DoDream),3.36,3.64,0.29,18,88.7,0,19,27.8,4,27.7,1.0,0
2023113188,040112-3359583,std_2023113188@dongguk.edu,학생_3188,경영대학,경영정보학과,3,M,논술위주,3.45,3.71,0.27,18,83.6,0,15,24.5,3,15.3,,0
2023113189,040325-4591420,std_2023113189@dongguk.edu,학생_3189,바이오시스템대학,바이오환경과학과,3,F,논술위주,2.95,2.97,0.02,18,93.0,0,18,30.4,4,30.6,1.0,0
2023113190,040903-3753992,std_2023113190@dongguk.edu,학생_3190,경영대학,경영학과,3,M,논술위주,2.99,3.11,0.12,18,89.8,0,24,33.9,5,18.3,1.0,0
2023113191,040511-4347706,std_2023113191@dongguk.edu,학생_3191,문과대학,사학과,3,F,교과위주(학교장추천),2.89,2.69,-0.19,18,94.7,0,22,13.7,2,37.4,2.0,0
2024113192,050701-3205141,std_2024113192@dongguk.edu,학생_3192,공과대학,전자전기공학부,2,M,학생부종합(DoDream),2.2,1.7,0.21,18,90.4,0,24,27.4,4,26.7,3.0,0
2023113193,041011-4651817,std_2023113193@dongguk.edu,학생_3193,공과대학,기계로봇에너지공학과,3,F,교과위주(학교장추천),3.37,3.42,0.06,18,96.4,0,19,35.6,5,29.3,2.0,0
2024113194,051013-3462037,std_2024113194@dongguk.edu,학생_3194,공과대학,정보통신공학과,2,M,논술위주,2.16,3.93,1.77,9,70.1,3,8,3.7,1,76.5,1.0,1
2024113195,050916-4915625,std_2024113195@dongguk.edu,학생_3195,공과대학,정보통신공학과,2,F,학생부종합(DoDream),4.11,3.76,-0.36,18,95.0,0,20,15.2,2,49.8,2.0,0
2021113196,020707-3364062,std_2021113196@dongguk.edu,학생_3196,바이오시스템대학,바이오환경과학과,4,M,학생부종합(DoDream),1.4,3.04,1.64,15,73.2,1,6,2.7,0,58.0,,1
2024113197,050713-4350647,std_2024113197@dongguk.edu,학생_3197,공과대학,전자전기공학부,2,F,논술위주,2.9,2.81,-0.09,18,100.0,0,19,34.4,5,41.2,0.0,0
2023113198,040220-3443847,std_2023113198@dongguk.edu,학생_3198,바이오시스템대학,바이오환경과학과,3,M,학생부종합(DoDream),4.04,4.11,0.07,18,99.1,0,13,17.0,2,30.2,2.0,0
2023113199,040725-4159605,std_2023113199@dongguk.edu,학생_3199,사범대학,교육학과,3,F,수능위주(정시),3.98,3.79,-0.19,18,98.4,0,23,7.5,1,12.6,1.0,0
2023113200,041218-3948048,std_2023113200@dongguk.edu,학생_3200,공과대학,기계로봇에너지공학과,3,M,학생부종합(DoDream),3.0,3.1,0.1,18,95.6,0,18,22.7,3,42.5,2.0,0
2022113201,031028-4186042,std_2022113201@dongguk.edu,학생_3201,공과대학,기계로봇에너지공학과,4,F,논술위주,3.5,3.44,-0.06,18,96.2,0,16,18.3,3,34.6,,0
2021113202,020913-3377194,std_2021113202@dongguk.edu,학생_3202,경영대학,경영정보학과,4,M,논술위주,1.72,3.06,1.33,15,79.9,1,6,5.7,1,74.9,0.0,1
2023113203,040601-4111058,std_2023113203@dongguk.edu,학생_3203,문과대학,철학과,3,F,교과위주(학교장추천),3.6,3.76,0.16,18,96.0,0,17,34.0,5,11.0,3.0,0
2022113204,030407-3649514,std_2022113204@dongguk.edu,학생_3204,경영대학,경영학과,4,M,논술위주,3.83,3.75,-0.07,18,94.5,0,20,27.0,4,11.6,1.0,0
2022113205,030308-4457380,std_2022113205@dongguk.edu,학생_3205,공과대학,정보통신공학과,4,F,학생부종합(DoDream),3.57,3.36,-0.2,18,94.7,0,19,32.5,5,45.2,,0
2024113206,050522-3738137,std_2024113206@dongguk.edu,학생_3206,문과대학,사학과,2,M,학생부종합(DoDream),2.64,2.84,0.2,18,94.3,0,17,14.5,2,10.0,2.0,0
2021113207,020327-4133829,std_2021113207@dongguk.edu,학생_3207,경영대학,경영학과,4,F,교과위주(학교장추천),4.21,4.18,-0.03,18,96.0,0,19,33.2,5,38.1,0.0,0
2022113208,030702-3340982,std_2022113208@dongguk.edu,학생_3208,사범대학,수학교육과,4,M,논술위주,3.62,3.22,-0.39,18,91.8,0,19,31.2,4,30.1,1.0,0
2024113209,051002-4247054,std_2024113209@dongguk.edu,학생_3209,공과대학,기계로봇에너지공학과,2,F,학생부종합(DoDream),2.3,3.43,1.0,12,72.4,2,2,1.6,0,60.3,0.0,1
2023113210,040314-3196195,std_2023113210@dongguk.edu,학생_3210,공과대학,전자전기공학부,3,M,학생부종합(DoDream),3.12,3.13,0.01,18,94.3,0,15,19.0,3,25.5,,0
2021113211,021222-4831364,std_2021113211@dongguk.edu,학생_3211,사범대학,국어교육과,4,F,학생부종합(DoDream),3.1,3.21,0.11,18,97.5,0,20,24.4,3,44.3,0.0,0
2023113212,041101-3133448,std_2023113212@dongguk.edu,학생_3212,공과대학,기계로봇에너지공학과,3,M,교과위주(학교장추천),2.74,3.07,0.33,18,97.0,0,14,22.1,3,47.0,3.0,0
2023113213,040706-4578892,std_2023113213@dongguk.edu,학생_3213,경영대학,회계학과,3,F,논술위주,1.99,3.66,1.67,15,61.3,1,12,3.1,0,57.4,,1
2023113214,040615-3299416,std_2023113214@dongguk.edu,학생_3214,문과대학,국어국문학과,3,M,학생부종합(DoDream),2.72,2.78,0.05,18,97.1,0,17,15.2,2,30.2,3.0,0
2022113215,030815-4370972,std_2022113215@dongguk.edu,학생_3215,문과대학,영어영문학전공,4,F,학생부종합(DoDream),2.86,2.82,-0.04,18,96.0,0,23,27.4,4,34.1,1.0,0
2022113216,030712-3801458,std_2022113216@dongguk.edu,학생_3216,공과대학,컴퓨터인공지능전공,4,M,학생부종합(DoDream),3.34,3.08,-0.26,18,88.0,0,12,25.2,4,28.4,0.0,0
2023113217,040512-4244985,std_2023113217@dongguk.edu,학생_3217,바이오시스템대학,생명과학과,3,F,수능위주(정시),4.38,3.94,-0.44,18,91.1,0,21,13.2,2,31.1,0.0,0
2024113218,050315-3137705,std_2024113218@dongguk.edu,학생_3218,공과대학,정보통신공학과,2,M,교과위주(학교장추천),2.6,2.93,0.32,18,88.4,0,19,22.5,3,15.1,3.0,0
2023113219,040709-4512232,std_2023113219@dongguk.edu,학생_3219,공과대학,컴퓨터인공지능전공,3,F,수능위주(정시),4.4,4.3,-0.38,18,94.5,0,22,27.6,4,20.6,0.0,0
2023113220,040313-3495911,std_2023113220@dongguk.edu,학생_3220,경영대학,회계학과,3,M,수능위주(정시),3.07,2.93,-0.15,18,90.5,0,15,27.7,4,32.9,1.0,0
2022113221,031005-4666950,std_2022113221@dongguk.edu,학생_3221,경영대학,회계학과,4,F,논술위주,3.15,3.34,0.19,18,94.2,0,18,24.4,3,23.7,3.0,0
2023113222,041020-3377525,std_2023113222@dongguk.edu,학생_3222,사범대학,수학교육과,3,M,논술위주,3.23,3.01,-0.22,18,87.9,0,13,25.2,4,55.0,2.0,0
2022113223,030804-4415239,std_2022113223@dongguk.edu,학생_3223,문과대학,철학과,4,F,수능위주(정시),3.21,3.04,-0.17,18,96.3,0,23,39.9,6,10.0,3.0,0
2024113224,050120-3342803,std_2024113224@dongguk.edu,학생_3224,공과대학,기계로봇에너지공학과,2,M,교과위주(학교장추천),4.07,3.95,-0.12,18,92.9,0,21,42.4,6,32.6,3.0,0
2024113225,051005-4375367,std_2024113225@dongguk.edu,학생_3225,공과대학,기계로봇에너지공학과,2,F,학생부종합(DoDream),1.0,2.18,1.41,15,85.0,1,2,0.7,0,71.4,,1
2021113226,021008-3402735,std_2021113226@dongguk.edu,학생_3226,바이오시스템대학,바이오환경과학과,4,M,학생부종합(DoDream),2.79,2.9,0.12,18,89.5,0,19,22.9,3,33.3,2.0,0
2021113227,020421-4128525,std_2021113227@dongguk.edu,학생_3227,문과대학,영어영문학전공,4,F,논술위주,3.46,3.41,-0.05,15,93.3,1,17,25.6,4,15.3,2.0,0
2023113228,040526-3752584,std_2023113228@dongguk.edu,학생_3228,공과대학,컴퓨터인공지능전공,3,M,수능위주(정시),2.2,2.15,0.34,18,93.0,0,21,31.4,4,25.3,,0
2024113229,050628-4218070,std_2024113229@dongguk.edu,학생_3229,문과대학,사학과,2,F,학생부종합(DoDream),1.93,3.71,1.78,12,71.7,2,7,1.5,0,60.8,0.0,1
2023113230,040809-3398883,std_2023113230@dongguk.edu,학생_3230,문과대학,국어국문학과,3,M,논술위주,3.15,3.26,0.12,18,97.9,0,20,29.1,4,23.2,3.0,0
2023113231,041101-4186052,std_2023113231@dongguk.edu,학생_3231,경영대학,회계학과,3,F,교과위주(학교장추천),2.77,3.12,0.35,15,98.9,1,16,6.6,1,37.6,3.0,0
2024113232,050116-3254225,std_2024113232@dongguk.edu,학생_3232,바이오시스템대학,식품생명공학과,2,M,논술위주,2.89,2.94,0.05,18,93.3,0,19,22.3,3,12.4,2.0,0
2023113233,040708-4839142,std_2023113233@dongguk.edu,학생_3233,공과대학,전자전기공학부,3,F,학생부종합(DoDream),3.83,3.73,-0.11,18,88.4,0,23,11.4,2,28.7,2.0,0
2023113234,040405-3182349,std_2023113234@dongguk.edu,학생_3234,경영대학,경영학과,3,M,수능위주(정시),2.6,2.59,-0.01,15,93.2,1,17,40.0,6,19.2,2.0,0
2024113235,050617-4791797,std_2024113235@dongguk.edu,학생_3235,바이오시스템대학,바이오환경과학과,2,F,논술위주,2.53,2.6,0.07,18,100.0,0,19,21.5,3,37.9,2.0,0
2023113236,041221-3317998,std_2023113236@dongguk.edu,학생_3236,경영대학,경영정보학과,3,M,수능위주(정시),2.69,3.11,0.42,18,91.0,0,19,23.8,3,35.2,0.0,0
2023113237,040805-4923714,std_2023113237@dongguk.edu,학생_3237,공과대학,기계로봇에너지공학과,3,F,학생부종합(DoDream),2.3,3.34,0.87,6,74.1,4,8,0.0,0,46.0,,1
2021113238,020112-3100429,std_2021113238@dongguk.edu,학생_3238,바이오시스템대학,바이오환경과학과,4,M,논술위주,2.51,3.01,0.5,18,89.9,0,10,16.8,2,34.4,0.0,0
2023113239,041206-4991143,std_2023113239@dongguk.edu,학생_3239,공과대학,컴퓨터인공지능전공,3,F,수능위주(정시),3.02,2.95,-0.07,18,97.6,0,15,35.9,5,60.0,0.0,0
2024113240,050725-3263509,std_2024113240@dongguk.edu,학생_3240,공과대학,기계로봇에너지공학과,2,M,학생부종합(DoDream),3.76,3.46,-0.3,15,97.9,1,27,12.1,2,41.4,1.0,0
2023113241,041201-4159801,std_2023113241@dongguk.edu,학생_3241,공과대학,정보통신공학과,3,F,학생부종합(DoDream),3.17,3.11,-0.07,18,91.6,0,15,35.4,5,36.5,2.0,0
2022113242,030101-3348612,std_2022113242@dongguk.edu,학생_3242,경영대학,경영정보학과,4,M,논술위주,4.0,3.46,-0.54,18,91.0,0,24,9.8,1,36.4,0.0,0
2023113243,040505-4935726,std_2023113243@dongguk.edu,학생_3243,공과대학,전자전기공학부,3,F,수능위주(정시),3.01,2.94,-0.07,18,94.7,0,14,30.7,4,32.4,2.0,0
2023113244,040321-3838527,std_2023113244@dongguk.edu,학생_3244,문과대학,철학과,3,M,학생부종합(DoDream),3.31,2.95,-0.36,18,90.5,0,18,38.5,6,34.2,3.0,0
2023113245,041128-4591047,std_2023113245@dongguk.edu,학생_3245,바이오시스템대학,생명과학과,3,F,학생부종합(DoDream),2.26,3.65,1.38,15,76.5,1,3,1.9,0,79.0,,1
2024113246,050417-3643129,std_2024113246@dongguk.edu,학생_3246,사범대학,교육학과,2,M,학생부종합(DoDream),3.35,3.2,-0.16,18,90.8,0,18,40.6,6,16.6,3.0,0
2024113247,051217-4102476,std_2024113247@dongguk.edu,학생_3247,공과대학,컴퓨터인공지능전공,2,F,학생부종합(DoDream),2.71,2.57,-0.14,18,99.6,0,24,19.6,3,20.0,,0
2022113248,030611-3822133,std_2022113248@dongguk.edu,학생_3248,공과대학,기계로봇에너지공학과,4,M,수능위주(정시),1.57,3.33,1.76,15,70.8,1,8,6.1,1,54.8,0.0,1
2022113249,030402-4887075,std_2022113249@dongguk.edu,학생_3249,문과대학,영어영문학전공,4,F,학생부종합(DoDream),4.06,3.84,-0.22,15,93.4,1,16,16.0,2,36.3,3.0,0
2021113250,020416-3671090,std_2021113250@dongguk.edu,학생_3250,문과대학,철학과,4,M,수능위주(정시),3.75,3.34,-0.42,18,98.8,0,27,19.6,3,46.8,2.0,0
2023113251,041208-4125498,std_2023113251@dongguk.edu,학생_3251,바이오시스템대학,바이오환경과학과,3,F,학생부종합(DoDream),3.68,3.7,0.02,18,96.6,0,20,8.3,1,28.8,1.0,0
2023113252,041001-3448383,std_2023113252@dongguk.edu,학생_3252,공과대학,기계로봇에너지공학과,3,M,교과위주(학교장추천),3.12,3.06,-0.07,15,100.0,1,24,12.7,2,30.2,0.0,0
2023113253,041011-4689471,std_2023113253@dongguk.edu,학생_3253,공과대학,전자전기공학부,3,F,논술위주,2.93,3.06,0.13,18,89.2,0,20,14.1,2,20.8,2.0,0
2024113254,050804-3327529,std_2024113254@dongguk.edu,학생_3254,문과대학,사학과,2,M,교과위주(학교장추천),3.09,2.96,-0.14,18,97.0,0,24,21.0,3,25.7,0.0,0
2023113255,040606-4269372,std_2023113255@dongguk.edu,학생_3255,공과대학,전자전기공학부,3,F,학생부종합(DoDream),3.4,3.42,0.02,18,89.0,0,19,19.8,3,45.2,2.0,0
2021113256,020523-3641479,std_2021113256@dongguk.edu,학생_3256,문과대학,철학과,4,M,교과위주(학교장추천),4.4,4.1,-0.42,15,89.5,1,28,31.7,5,33.2,1.0,0
2024113257,051021-4878688,std_2024113257@dongguk.edu,학생_3257,사범대학,수학교육과,2,F,논술위주,4.1,4.3,0.2,18,95.4,0,19,22.0,3,41.7,1.0,0
2024113258,050824-3553687,std_2024113258@dongguk.edu,학생_3258,경영대학,회계학과,2,M,학생부종합(DoDream),3.88,3.99,0.1,18,100.0,0,20,24.9,4,48.0,0.0,0
2023113259,040316-4604209,std_2023113259@dongguk.edu,학생_3259,바이오시스템대학,식품생명공학과,3,F,교과위주(학교장추천),2.21,2.35,0.14,18,93.9,0,24,40.6,6,41.5,1.0,0
2022113260,030814-3485138,std_2022113260@dongguk.edu,학생_3260,바이오시스템대학,식품생명공학과,4,M,논술위주,2.83,2.97,0.14,18,98.1,0,25,29.7,4,26.3,0.0,0
2023113261,040727-4915972,std_2023113261@dongguk.edu,학생_3261,공과대학,컴퓨터인공지능전공,3,F,학생부종합(DoDream),2.3,3.34,1.04,9,77.7,3,8,3.3,0,64.1,0.0,1
2023113262,040804-3200552,std_2023113262@dongguk.edu,학생_3262,공과대학,전자전기공학부,3,M,수능위주(정시),3.38,3.49,0.11,18,96.4,0,21,17.3,2,36.3,,0
2022113263,030702-4372436,std_2022113263@dongguk.edu,학생_3263,바이오시스템대학,생명과학과,4,F,학생부종합(DoDream),3.5,3.22,-0.28,15,97.1,1,21,16.1,2,13.9,0.0,0
2022113264,031005-3465014,std_2022113264@dongguk.edu,학생_3264,경영대학,경영학과,4,M,학생부종합(DoDream),1.96,3.02,1.06,12,80.3,2,7,5.1,1,87.0,0.0,1
2023113265,040417-4674911,std_2023113265@dongguk.edu,학생_3265,경영대학,회계학과,3,F,수능위주(정시),4.22,4.3,0.08,18,95.0,0,17,29.0,4,41.8,0.0,0
2021113266,020404-3947670,std_2021113266@dongguk.edu,학생_3266,공과대학,정보통신공학과,4,M,논술위주,2.3,3.48,0.99,12,71.0,2,1,2.9,0,65.4,0.0,1
2024113267,050606-4598962,std_2024113267@dongguk.edu,학생_3267,공과대학,기계로봇에너지공학과,2,F,학생부종합(DoDream),3.43,3.67,0.24,18,91.5,0,17,34.1,5,35.7,1.0,0
2024113268,050725-3510649,std_2024113268@dongguk.edu,학생_3268,경영대학,경영학과,2,M,수능위주(정시),2.94,2.85,-0.09,18,93.1,0,22,6.6,1,41.0,2.0,0
2023113269,041119-4796817,std_2023113269@dongguk.edu,학생_3269,경영대학,회계학과,3,F,교과위주(학교장추천),2.99,2.99,-0.0,18,93.2,0,19,19.9,3,45.7,1.0,0
2023113270,040504-3985266,std_2023113270@dongguk.edu,학생_3270,공과대학,정보통신공학과,3,M,교과위주(학교장추천),2.88,2.78,-0.1,18,99.9,0,21,17.8,3,14.7,3.0,0
2022113271,030913-4387047,std_2022113271@dongguk.edu,학생_3271,경영대학,경영학과,4,F,교과위주(학교장추천),2.2,2.1,0.13,18,94.6,0,20,22.4,3,24.0,2.0,0
2021113272,020606-3421535,std_2021113272@dongguk.edu,학생_3272,사범대학,수학교육과,4,M,학생부종합(DoDream),3.92,3.41,-0.51,18,86.8,0,15,5.0,1,19.4,1.0,0
2022113273,030823-4126726,std_2022113273@dongguk.edu,학생_3273,바이오시스템대학,바이오환경과학과,4,F,학생부종합(DoDream),2.8,2.77,-0.03,18,92.5,0,19,5.0,1,24.1,,0
2024113274,051007-3907635,std_2024113274@dongguk.edu,학생_3274,문과대학,국어국문학과,2,M,학생부종합(DoDream),2.29,2.09,-0.2,18,95.7,0,21,36.0,5,22.1,0.0,0
2023113275,040116-4270679,std_2023113275@dongguk.edu,학생_3275,경영대학,경영학과,3,F,논술위주,2.22,3.27,1.05,6,66.5,4,1,3.0,0,48.7,,1
2024113276,050226-3261049,std_2024113276@dongguk.edu,학생_3276,공과대학,컴퓨터인공지능전공,2,M,논술위주,3.55,3.54,-0.01,15,89.7,1,19,10.9,2,23.1,0.0,0
2024113277,050211-4844445,std_2024113277@dongguk.edu,학생_3277,바이오시스템대학,생명과학과,2,F,학생부종합(DoDream),2.87,2.43,-0.44,18,94.6,0,19,20.2,3,45.8,1.0,0
2024113278,051201-3738935,std_2024113278@dongguk.edu,학생_3278,공과대학,정보통신공학과,2,M,수능위주(정시),3.15,3.05,-0.1,18,91.6,0,17,24.3,3,40.6,3.0,0
2022113279,031027-4112712,std_2022113279@dongguk.edu,학생_3279,공과대학,컴퓨터인공지능전공,4,F,학생부종합(DoDream),3.06,2.95,-0.11,18,97.2,0,16,42.1,6,27.5,0.0,0
2023113280,040928-3695396,std_2023113280@dongguk.edu,학생_3280,공과대학,정보통신공학과,3,M,수능위주(정시),2.2,2.22,0.13,18,96.1,0,14,22.4,3,39.6,3.0,0
2024113281,050314-4671922,std_2024113281@dongguk.edu,학생_3281,바이오시스템대학,생명과학과,2,F,수능위주(정시),3.25,2.96,-0.28,15,90.0,1,27,29.2,4,37.3,0.0,0
2023113282,040510-3373560,std_2023113282@dongguk.edu,학생_3282,바이오시스템대학,바이오환경과학과,3,M,논술위주,1.82,3.42,1.6,15,74.5,1,7,4.9,1,66.4,,1
2021113283,020701-4762608,std_2021113283@dongguk.edu,학생_3283,바이오시스템대학,식품생명공학과,4,F,논술위주,3.77,3.76,-0.01,18,93.6,0,22,29.2,4,36.2,1.0,0
2024113284,050527-3118219,std_2024113284@dongguk.edu,학생_3284,사범대학,수학교육과,2,M,수능위주(정시),2.79,3.11,0.32,15,89.3,1,17,27.4,4,31.0,3.0,0
2023113285,040303-4181728,std_2023113285@dongguk.edu,학생_3285,공과대학,컴퓨터인공지능전공,3,F,교과위주(학교장추천),3.46,3.31,-0.15,18,92.2,0,20,25.5,4,41.6,,0
2021113286,020212-3307216,std_2021113286@dongguk.edu,학생_3286,바이오시스템대학,생명과학과,4,M,논술위주,2.66,2.73,0.06,18,92.4,0,21,35.9,5,28.2,2.0,0
2023113287,040305-4226175,std_2023113287@dongguk.edu,학생_3287,문과대학,철학과,3,F,교과위주(학교장추천),3.92,3.99,0.07,18,89.6,0,23,9.9,1,45.4,,0
2022113288,030207-3692953,std_2022113288@dongguk.edu,학생_3288,사범대학,국어교육과,4,M,논술위주,3.1,3.13,0.03,18,91.7,0,20,33.7,5,20.4,0.0,0
2023113289,041125-4323422,std_2023113289@dongguk.edu,학생_3289,사범대학,국어교육과,3,F,교과위주(학교장추천),2.41,2.81,0.4,18,97.0,0,19,36.5,5,10.0,1.0,0
2023113290,040119-3106076,std_2023113290@dongguk.edu,학생_3290,바이오시스템대학,생명과학과,3,M,논술위주,3.76,3.28,-0.48,18,91.7,0,16,29.2,4,33.5,3.0,0
2024113291,051120-4349490,std_2024113291@dongguk.edu,학생_3291,공과대학,기계로봇에너지공학과,2,F,수능위주(정시),3.19,3.21,0.01,18,99.4,0,24,29.8,4,14.9,0.0,0
2021113292,020323-3148920,std_2021113292@dongguk.edu,학생_3292,경영대학,경영정보학과,4,M,수능위주(정시),3.81,3.06,-0.75,18,92.5,0,15,19.2,3,27.6,0.0,0
2021113293,020713-4392677,std_2021113293@dongguk.edu,학생_3293,공과대학,정보통신공학과,4,F,논술위주,3.39,3.33,-0.06,18,100.0,0,16,22.4,3,39.2,,0
2022113294,030516-3893290,std_2022113294@dongguk.edu,학생_3294,경영대학,경영학과,4,M,학생부종합(DoDream),3.66,3.84,0.18,15,94.2,1,24,23.2,3,11.0,1.0,0
2023113295,040601-4222925,std_2023113295@dongguk.edu,학생_3295,공과대학,정보통신공학과,3,F,학생부종합(DoDream),1.1,2.41,1.31,9,81.6,3,8,0.0,0,60.2,1.0,1
2023113296,041027-3952496,std_2023113296@dongguk.edu,학생_3296,문과대학,영어영문학전공,3,M,수능위주(정시),2.69,2.87,0.18,18,95.1,0,24,7.5,1,37.0,,0
2024113297,051215-4957198,std_2024113297@dongguk.edu,학생_3297,바이오시스템대학,식품생명공학과,2,F,수능위주(정시),2.63,2.76,0.13,18,89.9,0,18,11.3,2,16.3,1.0,0
2021113298,021119-3596010,std_2021113298@dongguk.edu,학생_3298,공과대학,기계로봇에너지공학과,4,M,논술위주,2.77,2.59,-0.18,18,100.0,0,26,12.1,2,29.7,2.0,0
2024113299,051112-4410930,std_2024113299@dongguk.edu,학생_3299,공과대학,컴퓨터인공지능전공,2,F,교과위주(학교장추천),3.81,3.59,-0.22,18,87.6,0,16,35.3,5,10.0,3.0,0
2023113300,040403-3223694,std_2023113300@dongguk.edu,학생_3300,문과대학,영어영문학전공,3,M,교과위주(학교장추천),4.03,3.9,-0.14,18,94.6,0,24,25.6,4,48.4,0.0,0
2023113301,041202-4118825,std_2023113301@dongguk.edu,학생_3301,경영대학,경영학과,3,F,수능위주(정시),3.56,3.46,-0.1,18,92.8,0,26,14.0,2,25.9,0.0,0
2022113302,030911-3689700,std_2022113302@dongguk.edu,학생_3302,경영대학,경영정보학과,4,M,학생부종합(DoDream),3.54,3.94,0.39,18,100.0,0,15,26.3,4,21.5,,0
2021113303,020715-4984469,std_2021113303@dongguk.edu,학생_3303,공과대학,정보통신공학과,4,F,수능위주(정시),2.6,2.57,-0.03,18,93.0,0,19,26.1,4,25.7,3.0,0
2023113304,041004-3856444,std_2023113304@dongguk.edu,학생_3304,경영대학,경영정보학과,3,M,수능위주(정시),3.21,3.22,0.0,18,88.3,0,28,31.0,4,19.9,2.0,0
2022113305,030821-4860794,std_2022113305@dongguk.edu,학생_3305,바이오시스템대학,바이오환경과학과,4,F,학생부종합(DoDream),3.95,4.3,0.35,18,92.4,0,21,20.1,3,18.8,,0
2023113306,040516-3381076,std_2023113306@dongguk.edu,학생_3306,바이오시스템대학,식품생명공학과,3,M,학생부종합(DoDream),2.95,3.01,0.07,18,99.4,0,15,13.2,2,33.5,0.0,0
2023113307,040810-4266451,std_2023113307@dongguk.edu,학생_3307,문과대학,사학과,3,F,교과위주(학교장추천),1.84,3.07,1.23,15,79.5,1,8,4.4,1,76.9,1.0,1
2023113308,040104-3769153,std_2023113308@dongguk.edu,학생_3308,공과대학,전자전기공학부,3,M,수능위주(정시),3.62,3.73,0.11,18,95.1,0,17,29.9,4,13.2,2.0,0
2022113309,030118-4107062,std_2022113309@dongguk.edu,학생_3309,경영대학,경영학과,4,F,교과위주(학교장추천),3.43,3.33,-0.1,18,97.6,0,21,24.8,4,33.7,2.0,0
2024113310,050111-3559619,std_2024113310@dongguk.edu,학생_3310,경영대학,경영정보학과,2,M,수능위주(정시),3.15,3.14,-0.01,18,98.0,0,21,23.2,3,29.6,1.0,0
2021113311,020617-4315878,std_2021113311@dongguk.edu,학생_3311,바이오시스템대학,생명과학과,4,F,교과위주(학교장추천),1.81,3.38,1.58,12,69.6,2,6,0.6,0,61.2,,1
2022113312,030105-3210053,std_2022113312@dongguk.edu,학생_3312,경영대학,경영학과,4,M,학생부종합(DoDream),1.0,2.48,1.53,15,67.7,1,5,5.4,1,69.5,0.0,1
2023113313,040212-4513013,std_2023113313@dongguk.edu,학생_3313,문과대학,사학과,3,F,수능위주(정시),1.91,2.78,0.88,15,81.8,1,5,1.1,0,61.7,0.0,1
2024113314,051023-3659867,std_2024113314@dongguk.edu,학생_3314,바이오시스템대학,식품생명공학과,2,M,논술위주,4.33,3.82,-0.5,18,100.0,0,20,21.0,3,37.2,2.0,0
2021113315,020925-4694631,std_2021113315@dongguk.edu,학생_3315,문과대학,국어국문학과,4,F,수능위주(정시),1.86,3.46,1.6,12,69.4,2,8,4.6,1,61.2,,1
2023113316,040903-3224929,std_2023113316@dongguk.edu,학생_3316,경영대학,회계학과,3,M,교과위주(학교장추천),2.62,2.77,0.15,18,96.5,0,25,16.9,2,10.0,0.0,0
2024113317,051228-4680847,std_2024113317@dongguk.edu,학생_3317,공과대학,전자전기공학부,2,F,논술위주,1.78,2.77,0.99,12,66.6,2,7,4.0,1,64.0,1.0,1
2023113318,040605-3571232,std_2023113318@dongguk.edu,학생_3318,바이오시스템대학,식품생명공학과,3,M,수능위주(정시),1.8,3.54,1.74,12,71.0,2,2,8.5,1,78.6,,1
2022113319,030714-4599006,std_2022113319@dongguk.edu,학생_3319,바이오시스템대학,생명과학과,4,F,학생부종합(DoDream),3.2,3.04,-0.16,15,89.6,1,17,36.6,5,22.1,2.0,0
2024113320,050826-3911201,std_2024113320@dongguk.edu,학생_3320,바이오시스템대학,식품생명공학과,2,M,논술위주,4.34,3.94,-0.4,18,88.0,0,24,35.5,5,27.8,1.0,0
2023113321,040109-4952991,std_2023113321@dongguk.edu,학생_3321,경영대학,경영학과,3,F,교과위주(학교장추천),3.53,3.61,0.09,18,87.4,0,20,29.1,4,14.4,2.0,0
2022113322,030311-3355027,std_2022113322@dongguk.edu,학생_3322,공과대학,기계로봇에너지공학과,4,M,학생부종합(DoDream),3.12,3.36,0.24,18,94.4,0,11,34.1,5,39.8,1.0,0
2021113323,020302-4386601,std_2021113323@dongguk.edu,학생_3323,바이오시스템대학,생명과학과,4,F,교과위주(학교장추천),2.31,2.66,0.35,18,99.2,0,16,31.6,5,34.9,1.0,0
2022113324,031210-3527667,std_2022113324@dongguk.edu,학생_3324,문과대학,사학과,4,M,교과위주(학교장추천),1.62,3.42,1.8,12,78.1,2,5,5.7,1,73.9,1.0,1
2024113325,050104-4401842,std_2024113325@dongguk.edu,학생_3325,사범대학,교육학과,2,F,논술위주,1.85,2.76,0.91,9,60.4,3,6,4.6,1,55.0,1.0,1
2022113326,030822-3734253,std_2022113326@dongguk.edu,학생_3326,공과대학,전자전기공학부,4,M,교과위주(학교장추천),3.38,3.12,-0.26,18,97.2,0,21,23.2,3,33.9,3.0,0
2024113327,050819-4277506,std_2024113327@dongguk.edu,학생_3327,경영대학,경영정보학과,2,F,수능위주(정시),2.92,2.82,-0.1,18,97.3,0,22,21.3,3,48.1,,0
2022113328,030607-3633601,std_2022113328@dongguk.edu,학생_3328,문과대학,철학과,4,M,학생부종합(DoDream),3.0,3.09,0.09,18,95.7,0,20,33.8,5,25.5,1.0,0
2022113329,031201-4907086,std_2022113329@dongguk.edu,학생_3329,공과대학,컴퓨터인공지능전공,4,F,논술위주,3.11,2.84,-0.27,18,92.9,0,17,32.5,5,23.9,3.0,0
2022113330,031003-3379348,std_2022113330@dongguk.edu,학생_3330,경영대학,경영학과,4,M,학생부종합(DoDream),3.46,3.55,0.09,18,93.7,0,15,19.0,3,38.0,0.0,0
2024113331,051202-4762770,std_2024113331@dongguk.edu,학생_3331,공과대학,전자전기공학부,2,F,논술위주,3.95,3.51,-0.44,18,96.9,0,22,28.7,4,32.1,2.0,0
2021113332,020904-3477810,std_2021113332@dongguk.edu,학생_3332,공과대학,컴퓨터인공지능전공,4,M,학생부종합(DoDream),4.4,4.3,-0.3,18,96.7,0,21,9.4,1,34.4,0.0,0
2021113333,020406-4658849,std_2021113333@dongguk.edu,학생_3333,사범대학,교육학과,4,F,수능위주(정시),2.27,3.57,1.29,15,85.0,1,7,1.2,0,69.9,,1
2023113334,041121-3821647,std_2023113334@dongguk.edu,학생_3334,경영대학,회계학과,3,M,교과위주(학교장추천),2.69,2.87,0.18,18,90.1,0,24,17.2,2,25.3,2.0,0
2022113335,030211-4509734,std_2022113335@dongguk.edu,학생_3335,문과대학,영어영문학전공,4,F,수능위주(정시),3.49,3.62,0.13,15,95.7,1,14,7.3,1,39.2,2.0,0
2024113336,050319-3415234,std_2024113336@dongguk.edu,학생_3336,경영대학,경영정보학과,2,M,수능위주(정시),3.71,4.11,0.4,18,100.0,0,17,5.0,1,30.6,2.0,0
2024113337,050826-4466063,std_2024113337@dongguk.edu,학생_3337,바이오시스템대학,바이오환경과학과,2,F,학생부종합(DoDream),3.04,2.94,-0.1,18,91.2,0,15,23.4,3,46.3,2.0,0
2023113338,040404-3287669,std_2023113338@dongguk.edu,학생_3338,공과대학,정보통신공학과,3,M,수능위주(정시),3.35,3.12,-0.23,18,96.4,0,12,27.1,4,31.6,2.0,0
2023113339,041008-4684293,std_2023113339@dongguk.edu,학생_3339,공과대학,컴퓨터인공지능전공,3,F,수능위주(정시),2.2,2.05,-0.02,18,94.0,0,20,28.6,4,24.8,1.0,0
2024113340,051009-3116374,std_2024113340@dongguk.edu,학생_3340,바이오시스템대학,식품생명공학과,2,M,학생부종합(DoDream),4.19,4.14,-0.05,18,91.8,0,19,13.5,2,15.1,2.0,0
2023113341,041222-4204579,std_2023113341@dongguk.edu,학생_3341,공과대학,정보통신공학과,3,F,수능위주(정시),4.0,4.15,0.15,18,91.2,0,20,19.6,3,17.6,0.0,0
2021113342,020206-3678781,std_2021113342@dongguk.edu,학생_3342,경영대학,경영정보학과,4,M,수능위주(정시),3.55,3.8,0.26,18,94.0,0,22,28.7,4,44.3,,0
2021113343,021228-4399032,std_2021113343@dongguk.edu,학생_3343,경영대학,경영정보학과,4,F,논술위주,3.04,2.93,-0.11,18,96.2,0,12,23.3,3,24.6,2.0,0
2023113344,040902-3170997,std_2023113344@dongguk.edu,학생_3344,문과대학,사학과,3,M,수능위주(정시),2.38,1.71,-0.68,18,94.6,0,18,38.8,6,22.8,2.0,0
2023113345,040809-4724392,std_2023113345@dongguk.edu,학생_3345,공과대학,컴퓨터인공지능전공,3,F,학생부종합(DoDream),4.08,3.66,-0.42,15,99.7,1,24,32.0,5,10.0,1.0,0
2022113346,030901-3846204,std_2022113346@dongguk.edu,학생_3346,공과대학,정보통신공학과,4,M,학생부종합(DoDream),2.49,2.37,-0.12,18,91.9,0,14,23.9,3,29.6,3.0,0
2023113347,040405-4723509,std_2023113347@dongguk.edu,학생_3347,문과대학,영어영문학전공,3,F,논술위주,1.76,2.86,1.1,15,61.5,1,8,7.5,1,85.3,1.0,1
2021113348,020124-3233684,std_2021113348@dongguk.edu,학생_3348,바이오시스템대학,생명과학과,4,M,논술위주,2.49,2.63,0.15,18,95.9,0,23,19.2,3,17.0,2.0,0
2022113349,030424-4789749,std_2022113349@dongguk.edu,학생_3349,경영대학,경영정보학과,4,F,수능위주(정시),2.2,2.33,0.13,18,95.9,0,17,25.2,4,33.5,3.0,0
2023113350,040215-3641310,std_2023113350@dongguk.edu,학생_3350,경영대학,회계학과,3,M,수능위주(정시),4.16,3.89,-0.27,18,90.5,0,27,8.9,1,39.7,0.0,0
2021113351,021022-4113979,std_2021113351@dongguk.edu,학생_3351,문과대학,영어영문학전공,4,F,교과위주(학교장추천),3.58,3.59,0.01,18,92.1,0,24,10.1,1,29.0,2.0,0
2021113352,020125-3238071,std_2021113352@dongguk.edu,학생_3352,공과대학,컴퓨터인공지능전공,4,M,학생부종합(DoDream),2.45,2.87,0.42,18,97.1,0,16,5.0,1,31.4,0.0,0
2021113353,021024-4670159,std_2021113353@dongguk.edu,학생_3353,사범대학,국어교육과,4,F,논술위주,3.54,3.09,-0.45,18,92.8,0,15,20.8,3,35.5,1.0,0
2024113354,050123-3256766,std_2024113354@dongguk.edu,학생_3354,사범대학,국어교육과,2,M,수능위주(정시),2.7,2.9,0.2,18,98.5,0,28,17.3,2,36.6,0.0,0
2021113355,021201-4454305,std_2021113355@dongguk.edu,학생_3355,사범대학,수학교육과,4,F,수능위주(정시),3.62,3.6,-0.02,18,91.5,0,20,32.0,5,29.9,1.0,0
2023113356,040701-3157940,std_2023113356@dongguk.edu,학생_3356,바이오시스템대학,바이오환경과학과,3,M,논술위주,3.15,3.57,0.42,18,96.3,0,20,35.6,5,32.5,1.0,0
2022113357,030706-4199373,std_2022113357@dongguk.edu,학생_3357,바이오시스템대학,식품생명공학과,4,F,교과위주(학교장추천),3.13,3.07,-0.06,18,95.2,0,21,21.9,3,16.1,1.0,0
2021113358,020106-3388616,std_2021113358@dongguk.edu,학생_3358,사범대학,수학교육과,4,M,수능위주(정시),3.0,2.8,-0.21,15,93.8,1,20,29.5,4,10.0,3.0,0
2021113359,020107-4565850,std_2021113359@dongguk.edu,학생_3359,바이오시스템대학,바이오환경과학과,4,F,논술위주,3.52,3.53,0.01,18,94.2,0,15,27.4,4,35.9,2.0,0
2023113360,041127-3331363,std_2023113360@dongguk.edu,학생_3360,공과대학,컴퓨터인공지능전공,3,M,논술위주,3.29,3.14,-0.15,18,92.0,0,24,30.6,4,44.5,0.0,0
2023113361,040908-4354520,std_2023113361@dongguk.edu,학생_3361,공과대학,전자전기공학부,3,F,논술위주,2.55,2.66,0.12,18,92.0,0,21,30.9,4,34.7,,0
2024113362,050725-3827175,std_2024113362@dongguk.edu,학생_3362,사범대학,교육학과,2,M,교과위주(학교장추천),2.57,2.75,0.18,15,95.0,1,21,29.2,4,22.5,2.0,0
2021113363,020805-4816867,std_2021113363@dongguk.edu,학생_3363,문과대학,사학과,4,F,논술위주,2.2,2.07,0.19,18,97.0,0,19,15.1,2,35.2,2.0,0
2023113364,040722-3106131,std_2023113364@dongguk.edu,학생_3364,바이오시스템대학,생명과학과,3,M,수능위주(정시),3.79,3.79,-0.01,18,90.5,0,18,32.1,5,14.3,,0
2022113365,030704-4988120,std_2022113365@dongguk.edu,학생_3365,바이오시스템대학,생명과학과,4,F,학생부종합(DoDream),2.6,2.19,-0.41,15,96.3,1,20,23.7,3,29.8,3.0,0
2023113366,041024-3785566,std_2023113366@dongguk.edu,학생_3366,문과대학,영어영문학전공,3,M,수능위주(정시),3.21,3.02,-0.19,18,99.9,0,22,23.7,3,21.6,2.0,0
2024113367,050808-4453104,std_2024113367@dongguk.edu,학생_3367,공과대학,컴퓨터인공지능전공,2,F,논술위주,3.04,3.22,0.17,18,96.8,0,19,39.5,6,35.9,2.0,0
2023113368,041116-3161826,std_2023113368@dongguk.edu,학생_3368,문과대학,국어국문학과,3,M,논술위주,4.12,3.91,-0.21,18,94.0,0,18,27.0,4,37.8,,0
2024113369,050324-4233998,std_2024113369@dongguk.edu,학생_3369,바이오시스템대학,생명과학과,2,F,교과위주(학교장추천),3.11,3.26,0.15,18,93.5,0,21,21.9,3,25.3,0.0,0
2022113370,030718-3912584,std_2022113370@dongguk.edu,학생_3370,경영대학,회계학과,4,M,교과위주(학교장추천),2.61,3.29,0.68,18,95.9,0,18,24.1,3,32.3,2.0,0
2023113371,041204-4292590,std_2023113371@dongguk.edu,학생_3371,공과대학,정보통신공학과,3,F,학생부종합(DoDream),3.43,3.29,-0.14,18,90.4,0,23,49.2,7,25.3,1.0,0
2024113372,050918-3846538,std_2024113372@dongguk.edu,학생_3372,사범대학,수학교육과,2,M,논술위주,3.2,2.95,-0.24,18,87.6,0,26,17.3,2,31.1,2.0,0
2021113373,020826-4961548,std_2021113373@dongguk.edu,학생_3373,공과대학,기계로봇에너지공학과,4,F,수능위주(정시),2.2,2.02,-0.11,18,92.3,0,12,28.2,4,28.0,1.0,0
2023113374,040723-3806958,std_2023113374@dongguk.edu,학생_3374,바이오시스템대학,바이오환경과학과,3,M,학생부종합(DoDream),3.79,3.78,-0.0,15,87.3,1,22,19.5,3,33.1,2.0,0
2023113375,040201-4742660,std_2023113375@dongguk.edu,학생_3375,공과대학,컴퓨터인공지능전공,3,F,수능위주(정시),4.32,4.3,-0.02,18,94.0,0,12,12.3,2,25.1,0.0,0
2022113376,030226-3736781,std_2022113376@dongguk.edu,학생_3376,바이오시스템대학,식품생명공학과,4,M,수능위주(정시),3.23,3.36,0.13,18,93.3,0,22,11.0,2,18.7,1.0,0
2023113377,040125-4319309,std_2023113377@dongguk.edu,학생_3377,공과대학,컴퓨터인공지능전공,3,F,논술위주,4.13,3.91,-0.22,18,97.7,0,28,48.0,7,10.9,3.0,0
2024113378,050821-3480669,std_2024113378@dongguk.edu,학생_3378,경영대학,회계학과,2,M,교과위주(학교장추천),3.87,3.61,-0.26,18,92.4,0,16,19.2,3,28.0,0.0,0
2021113379,020411-4706697,std_2021113379@dongguk.edu,학생_3379,경영대학,경영정보학과,4,F,교과위주(학교장추천),4.4,4.3,-0.12,18,90.3,0,19,28.8,4,29.8,3.0,0
2022113380,030726-3558348,std_2022113380@dongguk.edu,학생_3380,문과대학,철학과,4,M,교과위주(학교장추천),3.48,3.42,-0.06,18,94.1,0,20,20.3,3,10.0,2.0,0
2021113381,020424-4197276,std_2021113381@dongguk.edu,학생_3381,문과대학,철학과,4,F,논술위주,2.28,2.31,0.03,18,98.1,0,24,39.8,6,10.0,,0
2023113382,041027-3328278,std_2023113382@dongguk.edu,학생_3382,바이오시스템대학,바이오환경과학과,3,M,수능위주(정시),3.39,3.62,0.23,18,93.4,0,18,23.3,3,17.2,1.0,0
2024113383,051027-4477640,std_2024113383@dongguk.edu,학생_3383,공과대학,전자전기공학부,2,F,논술위주,2.35,2.53,0.18,18,92.9,0,26,44.6,6,32.1,1.0,0
2021113384,020414-3851436,std_2021113384@dongguk.edu,학생_3384,공과대학,기계로봇에너지공학과,4,M,논술위주,2.87,3.04,0.17,18,91.6,0,23,27.3,4,23.6,3.0,0
2023113385,040604-4475708,std_2023113385@dongguk.edu,학생_3385,공과대학,기계로봇에너지공학과,3,F,논술위주,2.61,2.97,0.35,18,88.4,0,17,20.8,3,22.1,1.0,0
2024113386,050814-3637866,std_2024113386@dongguk.edu,학생_3386,바이오시스템대학,생명과학과,2,M,수능위주(정시),2.93,3.27,0.34,18,93.2,0,18,44.8,6,13.2,0.0,0
2021113387,020218-4383591,std_2021113387@dongguk.edu,학생_3387,공과대학,컴퓨터인공지능전공,4,F,수능위주(정시),3.99,4.12,0.13,18,92.9,0,19,17.1,2,10.0,1.0,0
2024113388,050215-3180224,std_2024113388@dongguk.edu,학생_3388,사범대학,국어교육과,2,M,수능위주(정시),3.15,3.46,0.31,18,94.8,0,18,23.3,3,29.4,2.0,0
2022113389,031201-4280490,std_2022113389@dongguk.edu,학생_3389,경영대학,경영학과,4,F,수능위주(정시),3.36,3.36,-0.0,18,93.1,0,28,41.3,6,37.7,0.0,0
2023113390,040211-3241399,std_2023113390@dongguk.edu,학생_3390,문과대학,철학과,3,M,학생부종합(DoDream),2.58,2.97,0.39,18,87.5,0,25,24.8,4,38.8,2.0,0
2024113391,051106-4839519,std_2024113391@dongguk.edu,학생_3391,공과대학,정보통신공학과,2,F,논술위주,2.84,2.94,0.11,18,96.7,0,21,19.9,3,29.1,3.0,0
2024113392,050415-3515745,std_2024113392@dongguk.edu,학생_3392,공과대학,전자전기공학부,2,M,논술위주,3.34,3.38,0.04,18,92.6,0,14,30.7,4,57.2,1.0,0
2022113393,030421-4996991,std_2022113393@dongguk.edu,학생_3393,공과대학,기계로봇에너지공학과,4,F,수능위주(정시),3.24,3.56,0.32,18,98.2,0,17,20.6,3,22.5,3.0,0
2021113394,020521-3875396,std_2021113394@dongguk.edu,학생_3394,문과대학,사학과,4,M,학생부종합(DoDream),3.42,3.27,-0.15,18,94.5,0,18,19.7,3,33.9,2.0,0
2024113395,051226-4591308,std_2024113395@dongguk.edu,학생_3395,문과대학,영어영문학전공,2,F,논술위주,3.69,3.84,0.15,18,97.1,0,17,5.0,1,12.0,0.0,0
2022113396,030301-3815988,std_2022113396@dongguk.edu,학생_3396,바이오시스템대학,바이오환경과학과,4,M,수능위주(정시),3.06,2.93,-0.13,18,97.1,0,23,18.7,3,21.8,0.0,0
2024113397,050609-4273324,std_2024113397@dongguk.edu,학생_3397,바이오시스템대학,식품생명공학과,2,F,학생부종합(DoDream),4.07,3.85,-0.21,18,96.1,0,21,27.2,4,23.7,0.0,0
2022113398,031021-3853660,std_2022113398@dongguk.edu,학생_3398,바이오시스템대학,바이오환경과학과,4,M,논술위주,3.24,3.61,0.37,18,96.6,0,11,39.4,6,28.2,3.0,0
2023113399,040921-4213277,std_2023113399@dongguk.edu,학생_3399,경영대학,경영학과,3,F,교과위주(학교장추천),3.35,3.44,0.08,18,90.4,0,22,15.8,2,33.4,1.0,0
2022113400,030422-3868211,std_2022113400@dongguk.edu,학생_3400,문과대학,영어영문학전공,4,M,논술위주,2.83,2.74,-0.08,18,93.1,0,15,19.5,3,32.3,,0
2023113401,040805-4213555,std_2023113401@dongguk.edu,학생_3401,공과대학,정보통신공학과,3,F,수능위주(정시),3.53,3.48,-0.05,18,100.0,0,14,17.3,2,26.9,3.0,0
2021113402,020828-3991242,std_2021113402@dongguk.edu,학생_3402,문과대학,영어영문학전공,4,M,교과위주(학교장추천),3.38,3.01,-0.37,18,96.3,0,17,18.5,3,36.1,1.0,0
2023113403,040827-4697180,std_2023113403@dongguk.edu,학생_3403,공과대학,정보통신공학과,3,F,수능위주(정시),4.21,4.17,-0.04,18,92.4,0,9,11.8,2,29.6,2.0,0
2022113404,030323-3977186,std_2022113404@dongguk.edu,학생_3404,사범대학,수학교육과,4,M,논술위주,3.63,3.34,-0.29,18,90.7,0,21,30.3,4,23.3,,0
2022113405,030110-4837309,std_2022113405@dongguk.edu,학생_3405,공과대학,기계로봇에너지공학과,4,F,논술위주,3.47,3.47,-0.0,18,92.3,0,16,24.1,3,31.4,3.0,0
2023113406,040209-3801461,std_2023113406@dongguk.edu,학생_3406,문과대학,철학과,3,M,교과위주(학교장추천),3.34,3.53,0.19,18,88.4,0,12,37.8,5,25.9,,0
2022113407,030520-4554320,std_2022113407@dongguk.edu,학생_3407,경영대학,경영학과,4,F,수능위주(정시),2.2,2.14,0.4,18,90.1,0,21,8.6,1,28.0,1.0,0
2023113408,040120-3987089,std_2023113408@dongguk.edu,학생_3408,사범대학,교육학과,3,M,교과위주(학교장추천),3.31,3.44,0.12,18,91.1,0,17,37.9,5,32.5,1.0,0
2023113409,040525-4330595,std_2023113409@dongguk.edu,학생_3409,공과대학,컴퓨터인공지능전공,3,F,교과위주(학교장추천),3.36,3.61,0.25,15,91.9,1,15,18.5,3,25.8,,0
2023113410,040722-3899324,std_2023113410@dongguk.edu,학생_3410,공과대학,전자전기공학부,3,M,수능위주(정시),1.18,2.42,1.23,15,81.4,1,6,8.0,1,80.2,1.0,1
2022113411,030701-4545375,std_2022113411@dongguk.edu,학생_3411,경영대학,회계학과,4,F,교과위주(학교장추천),2.3,3.4,0.84,15,64.2,1,6,8.6,1,75.6,0.0,1
2022113412,030608-3553900,std_2022113412@dongguk.edu,학생_3412,바이오시스템대학,식품생명공학과,4,M,교과위주(학교장추천),3.84,3.13,-0.71,18,92.7,0,20,27.9,4,47.4,0.0,0
2024113413,050805-4544514,std_2024113413@dongguk.edu,학생_3413,공과대학,정보통신공학과,2,F,논술위주,3.45,3.22,-0.23,18,92.3,0,24,21.4,3,10.0,3.0,0
2023113414,040211-3726167,std_2023113414@dongguk.edu,학생_3414,공과대학,정보통신공학과,3,M,수능위주(정시),3.55,3.61,0.05,18,88.0,0,23,22.8,3,18.2,1.0,0
2024113415,050515-4141577,std_2024113415@dongguk.edu,학생_3415,경영대학,회계학과,2,F,교과위주(학교장추천),3.81,4.04,0.23,18,95.0,0,19,7.8,1,24.5,,0
2022113416,030113-3849996,std_2022113416@dongguk.edu,학생_3416,경영대학,경영학과,4,M,수능위주(정시),2.2,1.91,-0.0,18,100.0,0,16,34.8,5,34.2,0.0,0
2023113417,041004-4917613,std_2023113417@dongguk.edu,학생_3417,경영대학,회계학과,3,F,수능위주(정시),2.95,2.85,-0.1,18,95.2,0,24,26.8,4,44.1,0.0,0
2024113418,050911-3945360,std_2024113418@dongguk.edu,학생_3418,사범대학,교육학과,2,M,논술위주,2.16,3.23,1.07,12,72.6,2,8,5.8,1,82.1,0.0,1
2021113419,020608-4183769,std_2021113419@dongguk.edu,학생_3419,사범대학,국어교육과,4,F,논술위주,2.85,3.03,0.18,18,87.1,0,24,37.9,5,38.9,0.0,0
2024113420,051008-3637367,std_2024113420@dongguk.edu,학생_3420,문과대학,사학과,2,M,교과위주(학교장추천),3.88,3.39,-0.49,18,88.7,0,15,34.8,5,27.1,2.0,0
2024113421,050125-4468406,std_2024113421@dongguk.edu,학생_3421,공과대학,전자전기공학부,2,F,학생부종합(DoDream),1.94,2.82,0.88,15,79.3,1,12,5.7,1,75.9,,1
2024113422,051012-3104907,std_2024113422@dongguk.edu,학생_3422,문과대학,철학과,2,M,교과위주(학교장추천),1.79,3.1,1.32,12,70.7,2,5,3.9,1,51.6,1.0,1
2024113423,050826-4306758,std_2024113423@dongguk.edu,학생_3423,공과대학,컴퓨터인공지능전공,2,F,수능위주(정시),3.5,3.39,-0.11,18,88.7,0,18,38.9,6,38.6,1.0,0
2024113424,050613-3713553,std_2024113424@dongguk.edu,학생_3424,사범대학,국어교육과,2,M,학생부종합(DoDream),4.01,3.77,-0.25,15,98.9,1,17,28.7,4,21.5,1.0,0
2021113425,020712-4198432,std_2021113425@dongguk.edu,학생_3425,공과대학,정보통신공학과,4,F,교과위주(학교장추천),3.18,2.88,-0.3,18,100.0,0,16,35.1,5,10.0,2.0,0
2023113426,040414-3180672,std_2023113426@dongguk.edu,학생_3426,공과대학,정보통신공학과,3,M,논술위주,3.13,2.93,-0.2,15,95.3,1,22,23.7,3,12.8,2.0,0
2024113427,050321-4888615,std_2024113427@dongguk.edu,학생_3427,공과대학,정보통신공학과,2,F,학생부종합(DoDream),3.76,3.84,0.08,18,96.8,0,21,30.1,4,28.9,0.0,0
2021113428,020416-3288624,std_2021113428@dongguk.edu,학생_3428,공과대학,기계로봇에너지공학과,4,M,교과위주(학교장추천),2.99,3.06,0.06,18,100.0,0,18,42.4,6,14.9,2.0,0
2023113429,040903-4228981,std_2023113429@dongguk.edu,학생_3429,경영대학,회계학과,3,F,논술위주,4.4,4.25,-0.4,18,95.8,0,24,21.3,3,35.9,1.0,0
2021113430,021018-3633188,std_2021113430@dongguk.edu,학생_3430,문과대학,사학과,4,M,수능위주(정시),2.53,2.21,-0.33,18,100.0,0,23,6.6,1,39.6,3.0,0
2024113431,051218-4559318,std_2024113431@dongguk.edu,학생_3431,공과대학,전자전기공학부,2,F,교과위주(학교장추천),3.44,3.32,-0.12,18,100.0,0,21,14.6,2,27.1,1.0,0
2022113432,030217-3950949,std_2022113432@dongguk.edu,학생_3432,경영대학,경영정보학과,4,M,교과위주(학교장추천),3.56,3.93,0.37,15,91.5,1,24,28.6,4,43.9,2.0,0
2024113433,050727-4804152,std_2024113433@dongguk.edu,학생_3433,바이오시스템대학,바이오환경과학과,2,F,논술위주,3.6,3.65,0.05,18,95.9,0,21,17.1,2,17.2,1.0,0
2022113434,030612-3845302,std_2022113434@dongguk.edu,학생_3434,경영대학,회계학과,4,M,교과위주(학교장추천),3.99,3.7,-0.28,18,98.7,0,18,22.1,3,10.0,,0
2024113435,051219-4993129,std_2024113435@dongguk.edu,학생_3435,문과대학,국어국문학과,2,F,학생부종합(DoDream),2.77,2.82,0.05,18,88.3,0,23,18.9,3,34.8,3.0,0
2022113436,030822-3805573,std_2022113436@dongguk.edu,학생_3436,경영대학,경영정보학과,4,M,교과위주(학교장추천),2.51,2.57,0.05,18,95.6,0,22,23.4,3,31.7,0.0,0
2024113437,050803-4740877,std_2024113437@dongguk.edu,학생_3437,공과대학,전자전기공학부,2,F,학생부종합(DoDream),4.31,4.3,-0.01,18,98.9,0,14,9.3,1,23.5,,0
2024113438,050427-3542469,std_2024113438@dongguk.edu,학생_3438,경영대학,경영정보학과,2,M,학생부종합(DoDream),3.38,3.47,0.09,18,100.0,0,19,30.3,4,32.3,,0
2023113439,041127-4352970,std_2023113439@dongguk.edu,학생_3439,경영대학,경영학과,3,F,학생부종합(DoDream),1.54,2.36,0.82,12,78.9,2,4,4.2,1,55.3,0.0,1
2024113440,050714-3247940,std_2024113440@dongguk.edu,학생_3440,공과대학,전자전기공학부,2,M,수능위주(정시),3.56,3.61,0.05,18,95.9,0,18,27.5,4,14.9,0.0,0
2024113441,051004-4781623,std_2024113441@dongguk.edu,학생_3441,바이오시스템대학,생명과학과,2,F,학생부종합(DoDream),4.01,4.0,-0.01,18,97.3,0,17,16.2,2,51.2,1.0,0
2023113442,040405-3804078,std_2023113442@dongguk.edu,학생_3442,공과대학,컴퓨터인공지능전공,3,M,논술위주,3.31,2.91,-0.4,18,97.7,0,15,32.1,5,29.6,1.0,0
2022113443,031214-4408822,std_2022113443@dongguk.edu,학생_3443,문과대학,사학과,4,F,수능위주(정시),1.0,2.69,1.73,12,75.8,2,3,5.1,1,59.1,0.0,1
2024113444,050502-3784244,std_2024113444@dongguk.edu,학생_3444,경영대학,경영학과,2,M,교과위주(학교장추천),2.2,2.22,0.12,18,90.9,0,20,32.5,5,19.1,0.0,0
2023113445,040405-4702217,std_2023113445@dongguk.edu,학생_3445,공과대학,컴퓨터인공지능전공,3,F,논술위주,2.79,3.0,0.21,18,94.1,0,21,19.4,3,53.9,1.0,0
2022113446,030510-3718290,std_2022113446@dongguk.edu,학생_3446,공과대학,정보통신공학과,4,M,수능위주(정시),2.34,2.36,0.02,18,90.9,0,24,16.5,2,24.2,1.0,0
2022113447,030326-4507609,std_2022113447@dongguk.edu,학생_3447,경영대학,경영학과,4,F,학생부종합(DoDream),1.17,2.65,1.48,6,85.0,4,7,7.5,1,46.7,1.0,1
2023113448,040608-3693586,std_2023113448@dongguk.edu,학생_3448,경영대학,경영정보학과,3,M,수능위주(정시),3.6,3.51,-0.09,18,98.7,0,17,37.8,5,31.8,3.0,0
2023113449,041206-4617131,std_2023113449@dongguk.edu,학생_3449,공과대학,전자전기공학부,3,F,논술위주,2.54,2.98,0.43,18,94.8,0,22,14.4,2,20.8,3.0,0
2023113450,041215-3988456,std_2023113450@dongguk.edu,학생_3450,공과대학,기계로봇에너지공학과,3,M,논술위주,2.85,3.07,0.23,18,98.7,0,17,17.4,2,18.7,3.0,0
2022113451,030718-4648263,std_2022113451@dongguk.edu,학생_3451,문과대학,국어국문학과,4,F,수능위주(정시),3.56,3.46,-0.1,18,90.9,0,16,8.6,1,23.2,0.0,0
2022113452,030812-3970532,std_2022113452@dongguk.edu,학생_3452,경영대학,경영정보학과,4,M,수능위주(정시),3.8,3.39,-0.41,18,95.8,0,18,30.3,4,33.2,3.0,0
2022113453,030410-4409620,std_2022113453@dongguk.edu,학생_3453,문과대학,국어국문학과,4,F,학생부종합(DoDream),2.85,3.04,0.18,18,92.8,0,17,28.9,4,45.6,1.0,0
2023113454,040220-3887679,std_2023113454@dongguk.edu,학생_3454,바이오시스템대학,바이오환경과학과,3,M,교과위주(학교장추천),3.51,3.72,0.2,18,97.9,0,18,18.0,3,36.0,0.0,0
2023113455,040608-4515464,std_2023113455@dongguk.edu,학생_3455,문과대학,사학과,3,F,논술위주,1.73,2.83,1.1,12,71.6,2,7,6.2,1,77.4,1.0,1
2022113456,030123-3327239,std_2022113456@dongguk.edu,학생_3456,경영대학,경영정보학과,4,M,논술위주,3.33,3.18,-0.15,18,90.5,0,19,18.1,3,21.1,1.0,0
2024113457,051217-4555116,std_2024113457@dongguk.edu,학생_3457,경영대학,경영정보학과,2,F,수능위주(정시),2.55,2.67,0.12,18,90.1,0,22,12.9,2,22.6,1.0,0
2023113458,040527-3211059,std_2023113458@dongguk.edu,학생_3458,바이오시스템대학,식품생명공학과,3,M,학생부종합(DoDream),3.25,3.72,0.47,18,95.8,0,12,36.4,5,46.6,1.0,0
2024113459,051217-4438633,std_2024113459@dongguk.edu,학생_3459,문과대학,철학과,2,F,학생부종합(DoDream),3.49,3.72,0.23,18,100.0,0,28,23.6,3,37.6,3.0,0
2024113460,051109-3765184,std_2024113460@dongguk.edu,학생_3460,공과대학,기계로봇에너지공학과,2,M,논술위주,4.09,3.57,-0.52,18,90.2,0,19,28.6,4,34.9,3.0,0
2024113461,051123-4143846,std_2024113461@dongguk.edu,학생_3461,경영대학,경영학과,2,F,교과위주(학교장추천),3.58,3.27,-0.31,18,96.2,0,24,35.1,5,26.5,0.0,0
2021113462,020908-3903018,std_2021113462@dongguk.edu,학생_3462,공과대학,컴퓨터인공지능전공,4,M,교과위주(학교장추천),3.94,3.87,-0.07,15,89.7,1,20,21.0,3,40.4,1.0,0
2021113463,020424-4179629,std_2021113463@dongguk.edu,학생_3463,경영대학,경영정보학과,4,F,수능위주(정시),3.53,3.47,-0.06,18,98.1,0,15,33.5,5,26.5,1.0,0
2022113464,030821-3715678,std_2022113464@dongguk.edu,학생_3464,공과대학,컴퓨터인공지능전공,4,M,논술위주,2.0,3.24,1.24,12,79.8,2,6,1.3,0,45.3,,1
2024113465,051021-4435686,std_2024113465@dongguk.edu,학생_3465,경영대학,경영학과,2,F,학생부종합(DoDream),2.52,2.73,0.22,18,89.8,0,19,46.7,7,37.6,1.0,0
2023113466,040215-3906165,std_2023113466@dongguk.edu,학생_3466,경영대학,회계학과,3,M,수능위주(정시),3.78,3.71,-0.08,18,83.5,0,18,18.6,3,35.4,1.0,0
2023113467,040628-4670331,std_2023113467@dongguk.edu,학생_3467,사범대학,수학교육과,3,F,교과위주(학교장추천),1.62,3.29,1.66,15,71.6,1,7,4.2,1,61.5,0.0,1
2024113468,050823-3897861,std_2024113468@dongguk.edu,학생_3468,문과대학,국어국문학과,2,M,수능위주(정시),2.95,3.36,0.42,15,88.9,1,20,23.0,3,38.5,3.0,0
2021113469,021227-4795495,std_2021113469@dongguk.edu,학생_3469,문과대학,국어국문학과,4,F,학생부종합(DoDream),2.45,2.62,0.17,18,91.8,0,19,29.6,4,37.9,0.0,0
2023113470,041128-3256827,std_2023113470@dongguk.edu,학생_3470,경영대학,경영정보학과,3,M,논술위주,2.76,2.77,0.02,18,96.9,0,19,14.8,2,20.3,2.0,0
2022113471,031207-4352307,std_2022113471@dongguk.edu,학생_3471,공과대학,정보통신공학과,4,F,교과위주(학교장추천),3.19,3.22,0.03,15,96.7,1,20,17.4,2,35.6,3.0,0
2022113472,030727-3169314,std_2022113472@dongguk.edu,학생_3472,문과대학,영어영문학전공,4,M,수능위주(정시),3.14,3.33,0.2,18,96.1,0,26,28.6,4,29.4,2.0,0
2023113473,041228-4131204,std_2023113473@dongguk.edu,학생_3473,공과대학,전자전기공학부,3,F,학생부종합(DoDream),2.76,2.29,-0.47,18,89.8,0,26,19.2,3,27.8,3.0,0
2023113474,040218-3312092,std_2023113474@dongguk.edu,학생_3474,사범대학,교육학과,3,M,교과위주(학교장추천),3.39,3.26,-0.13,18,86.3,0,21,27.8,4,26.2,,0
2023113475,041026-4546073,std_2023113475@dongguk.edu,학생_3475,공과대학,정보통신공학과,3,F,학생부종합(DoDream),2.79,3.17,0.38,18,89.2,0,11,28.6,4,21.6,1.0,0
2021113476,020325-3151416,std_2021113476@dongguk.edu,학생_3476,경영대학,회계학과,4,M,논술위주,4.4,4.27,-0.16,18,91.4,0,25,20.9,3,15.1,2.0,0
2022113477,031203-4344371,std_2022113477@dongguk.edu,학생_3477,경영대학,경영정보학과,4,F,학생부종합(DoDream),2.94,2.7,-0.24,18,89.7,0,28,26.3,4,25.2,2.0,0
2022113478,030325-3318654,std_2022113478@dongguk.edu,학생_3478,공과대학,전자전기공학부,4,M,수능위주(정시),3.7,3.69,-0.01,18,93.4,0,17,43.8,6,28.3,0.0,0
2024113479,050807-4740596,std_2024113479@dongguk.edu,학생_3479,바이오시스템대학,식품생명공학과,2,F,학생부종합(DoDream),2.87,2.75,-0.12,18,89.2,0,21,5.2,1,24.7,0.0,0
2022113480,030705-3224430,std_2022113480@dongguk.edu,학생_3480,공과대학,전자전기공학부,4,M,논술위주,1.39,3.11,1.72,15,61.9,1,4,5.1,1,84.0,,1
2023113481,040111-4384137,std_2023113481@dongguk.edu,학생_3481,문과대학,사학과,3,F,수능위주(정시),4.15,3.8,-0.35,18,95.3,0,25,45.1,6,16.8,2.0,0
2021113482,021112-3293910,std_2021113482@dongguk.edu,학생_3482,경영대학,경영학과,4,M,수능위주(정시),3.89,3.87,-0.02,18,95.2,0,27,21.1,3,34.9,0.0,0
2021113483,020921-4197448,std_2021113483@dongguk.edu,학생_3483,경영대학,경영학과,4,F,교과위주(학교장추천),2.3,3.16,0.85,12,64.1,2,6,0.5,0,54.1,1.0,1
2024113484,050328-3790141,std_2024113484@dongguk.edu,학생_3484,경영대학,경영정보학과,2,M,수능위주(정시),1.01,2.53,1.51,12,70.0,2,2,0.9,0,60.8,,1
2023113485,040427-4676204,std_2023113485@dongguk.edu,학생_3485,바이오시스템대학,식품생명공학과,3,F,교과위주(학교장추천),2.66,2.8,0.14,18,95.0,0,20,17.5,2,37.4,,0
2023113486,040220-3384152,std_2023113486@dongguk.edu,학생_3486,문과대학,철학과,3,M,논술위주,3.68,3.35,-0.33,18,94.7,0,17,26.2,4,24.1,3.0,0
2021113487,020723-4536229,std_2021113487@dongguk.edu,학생_3487,경영대학,경영정보학과,4,F,수능위주(정시),2.63,2.53,-0.09,18,89.9,0,19,8.0,1,25.1,2.0,0
2022113488,030326-3869211,std_2022113488@dongguk.edu,학생_3488,경영대학,회계학과,4,M,수능위주(정시),3.42,3.67,0.26,18,95.1,0,12,34.5,5,33.0,1.0,0
2022113489,030711-4994846,std_2022113489@dongguk.edu,학생_3489,경영대학,경영학과,4,F,학생부종합(DoDream),4.18,3.85,-0.32,18,88.8,0,26,35.5,5,34.3,3.0,0
2023113490,040518-3849971,std_2023113490@dongguk.edu,학생_3490,사범대학,교육학과,3,M,수능위주(정시),3.75,3.82,0.07,18,93.1,0,18,18.3,3,33.4,,0
2023113491,040311-4598181,std_2023113491@dongguk.edu,학생_3491,경영대학,경영학과,3,F,교과위주(학교장추천),2.2,2.23,0.15,18,100.0,0,21,21.4,3,25.2,3.0,0
2024113492,051027-3650484,std_2024113492@dongguk.edu,학생_3492,경영대학,경영학과,2,M,학생부종합(DoDream),1.78,3.05,1.26,15,70.4,1,6,0.0,0,55.6,0.0,1
2023113493,041204-4876463,std_2023113493@dongguk.edu,학생_3493,경영대학,회계학과,3,F,수능위주(정시),2.38,2.46,0.08,18,93.8,0,22,17.0,2,21.4,0.0,0
2023113494,040725-3469134,std_2023113494@dongguk.edu,학생_3494,공과대학,기계로봇에너지공학과,3,M,논술위주,3.3,3.38,0.08,18,95.3,0,22,28.2,4,12.4,0.0,0
2024113495,050328-4643837,std_2024113495@dongguk.edu,학생_3495,바이오시스템대학,생명과학과,2,F,논술위주,3.77,3.71,-0.07,18,92.5,0,23,31.1,4,25.8,2.0,0
2024113496,050220-3915112,std_2024113496@dongguk.edu,학생_3496,공과대학,정보통신공학과,2,M,교과위주(학교장추천),3.13,3.15,0.02,18,100.0,0,9,34.4,5,30.6,0.0,0
2022113497,030511-4955454,std_2022113497@dongguk.edu,학생_3497,사범대학,국어교육과,4,F,논술위주,3.22,3.12,-0.1,18,96.0,0,22,23.3,3,41.0,2.0,0
2022113498,030722-3710308,std_2022113498@dongguk.edu,학생_3498,사범대학,교육학과,4,M,교과위주(학교장추천),2.95,2.73,-0.22,18,99.8,0,11,39.1,6,17.5,1.0,0
2021113499,020825-4476133,std_2021113499@dongguk.edu,학생_3499,문과대학,철학과,4,F,수능위주(정시),3.09,3.1,0.01,18,96.9,0,28,32.2,5,34.5,3.0,0
2024113500,051027-3809622,std_2024113500@dongguk.edu,학생_3500,공과대학,정보통신공학과,2,M,교과위주(학교장추천),3.08,3.34,0.25,18,99.7,0,14,30.1,4,27.5,1.0,0
