customer_id,resident_id,email,gender,senior_citizen,partner,tenure,monthly_charges,total_charges,contract,payment_method,churn
10001,850518-2277581,user_0@example.com,Male,0,No,9,57.96,447.25,One year,Electronic check,0
10002,971128-4769573,user_1@example.com,Male,0,Yes,60,65.96,,Month-to-month,Credit card,0
10003,931028-1253251,user_2@example.com,Female,0,Yes,26,104.17,2727.86,Month-to-month,Mailed check,0
10004,810227-4140459,user_3@example.com,Male,1,No,18,52.59,887.93,Two year,Bank transfer,0
10005,730802-1338557,user_4@example.com,Female,1,Yes,3,105.68,372.67,Month-to-month,Bank transfer,0
10006,731225-1418677,user_5@example.com,Female,1,No,3,27.34,78.46,Month-to-month,Mailed check,1
10007,791209-1440710,user_6@example.com,Male,0,Yes,1,96.37,,One year,Bank transfer,0
10008,960207-1878161,user_7@example.com,Female,0,No,40,103.47,4124.88,One year,Credit card,0
10009,921207-4912309,user_8@example.com,Female,0,No,18,36.73,699.78,Month-to-month,Mailed check,0
10010,931008-2398162,user_9@example.com,Female,0,Yes,24,61.64,1518.52,One year,Credit card,0
10011,750202-1522887,user_10@example.com,Female,0,No,0,35.09,,One year,Mailed check,0
10012,961021-1859082,user_11@example.com,Female,0,No,70,89.34,6282.04,Two year,Bank transfer,0
10013,891126-4253911,user_12@example.com,Female,0,No,35,72.17,,Month-to-month,Mailed check,0
10014,721116-3379175,user_13@example.com,Male,1,Yes,4,82.19,355.87,One year,Credit card,0
10015,881218-1558527,user_14@example.com,Male,0,Yes,4,38.2,135.91,Month-to-month,Mailed check,0
10016,980527-3326405,user_15@example.com,Male,0,No,4,39.73,159.03,One year,Bank transfer,0
10017,960703-1499296,user_16@example.com,Female,1,No,7,22.66,144.89,One year,Electronic check,0
10018,830720-3641304,user_17@example.com,Male,1,No,14,50.79,688.2,Month-to-month,Bank transfer,1
10019,780110-1684651,user_18@example.com,Male,1,Yes,11,74.61,,Two year,Bank transfer,0
10020,730710-2995102,user_19@example.com,Female,0,No,6,104.51,650.44,Month-to-month,Electronic check,1
10021,940715-3901254,user_20@example.com,Female,0,Yes,18,85.36,1602.01,Month-to-month,Mailed check,0
10022,950514-2809225,user_21@example.com,Male,0,No,3,62.15,,Month-to-month,Bank transfer,1
10023,720622-3922133,user_22@example.com,Male,0,Yes,6,114.05,621.47,One year,Electronic check,0
10024,780521-4252711,user_23@example.com,Male,1,No,9,90.6,879.86,Month-to-month,Credit card,0
10025,700322-2833664,user_24@example.com,Female,1,No,12,111.75,1325.09,Two year,Electronic check,0
10026,871023-1662873,user_25@example.com,Male,0,No,30,71.39,2171.74,Two year,Bank transfer,0
10027,900122-3916022,user_26@example.com,Male,0,No,4,44.46,132.53,Two year,Credit card,0
10028,771219-2614109,user_27@example.com,Female,1,Yes,14,23.8,340.3,Month-to-month,Bank transfer,0
10029,881117-4808687,user_28@example.com,Female,1,No,17,91.29,1567.62,One year,Electronic check,0
10030,880522-3138211,user_29@example.com,Female,0,No,0,30.66,,Month-to-month,Credit card,0
10031,740525-4638752,user_30@example.com,Male,0,Yes,18,48.85,,Two year,Bank transfer,0
10032,871215-1703323,user_31@example.com,Female,0,Yes,3,71.88,282.94,One year,Electronic check,0
10033,880714-3297445,user_32@example.com,Female,0,No,1,75.08,66.35,Month-to-month,Credit card,1
10034,870805-2354023,user_33@example.com,Female,0,Yes,59,78.71,4711.9,One year,Bank transfer,0
10035,980610-3825644,user_34@example.com,Female,0,No,67,35.17,2346.91,Month-to-month,Electronic check,0
10036,760413-2909999,user_35@example.com,Female,0,Yes,33,56.57,1909.29,Month-to-month,Bank transfer,1
10037,911121-1228192,user_36@example.com,Male,0,No,7,80.37,451.66,Month-to-month,Bank transfer,0
10038,931002-4901340,user_37@example.com,Male,0,Yes,2,115.72,352.38,Two year,Bank transfer,0
10039,970306-3434256,user_38@example.com,Male,0,Yes,23,91.45,2178.12,Two year,Mailed check,0
10040,780505-4196003,user_39@example.com,Male,0,No,11,110.99,1206.66,One year,Bank transfer,0
10041,890109-1192460,user_40@example.com,Male,1,Yes,2,94.91,91.22,Two year,Credit card,0
10042,850410-2679635,user_41@example.com,Female,0,Yes,13,77.82,1026.06,Month-to-month,Electronic check,0
10043,970720-1427372,user_42@example.com,Male,0,No,0,37.75,,Two year,Electronic check,0
10044,940205-4505847,user_43@example.com,Female,0,Yes,48,85.34,4118.56,Month-to-month,Mailed check,1
10045,750702-4680429,user_44@example.com,Male,0,No,5,80.99,425.53,One year,Mailed check,0
10046,731218-2259955,user_45@example.com,Male,0,No,21,78.9,1609.83,One year,Mailed check,0
10047,850908-3355088,user_46@example.com,Male,0,Yes,7,67.6,529.25,Month-to-month,Bank transfer,1
10048,820814-3235432,user_47@example.com,Female,0,Yes,14,71.5,1041.28,Month-to-month,Bank transfer,0
10049,771001-4183595,user_48@example.com,Male,0,No,15,52.03,829.24,Month-to-month,Credit card,1
10050,740914-1338837,user_49@example.com,Female,1,No,4,70.56,282.68,Two year,Electronic check,0
10051,850328-4315782,user_50@example.com,Male,0,Yes,69,38.3,2571.92,Month-to-month,Electronic check,1
10052,720708-1835668,user_51@example.com,Female,0,No,29,99.22,2926.27,Month-to-month,Bank transfer,0
10053,830403-4631818,user_52@example.com,Male,1,Yes,56,37.12,2065.2,One year,Electronic check,0
10054,910602-4446239,user_53@example.com,Female,0,Yes,45,27.02,1146.41,Month-to-month,Bank transfer,0
10055,901126-1811314,user_54@example.com,Female,0,Yes,18,62.23,1187.74,Month-to-month,Mailed check,0
10056,790521-2785492,user_55@example.com,Male,0,Yes,50,84.5,4329.97,One year,Bank transfer,0
10057,720321-1867197,user_56@example.com,Male,0,No,1,62.38,60.32,Month-to-month,Credit card,0
10058,710903-1387691,user_57@example.com,Male,0,Yes,4,46.24,292.92,One year,Bank transfer,0
10059,921214-1236527,user_58@example.com,Male,0,No,0,74.46,,Month-to-month,Bank transfer,1
10060,860809-3667061,user_59@example.com,Male,0,No,7,53.29,354.01,Month-to-month,Electronic check,1
10061,830306-3513460,user_60@example.com,Female,1,Yes,9,112.02,976.66,One year,Bank transfer,0
10062,880813-1330624,user_61@example.com,Male,0,Yes,6,111.0,747.85,Month-to-month,Credit card,1
10063,810919-2515362,user_62@example.com,Male,0,Yes,35,68.86,2371.09,Two year,Bank transfer,0
10064,761211-4211873,user_63@example.com,Male,0,Yes,8,51.37,447.72,Two year,Bank transfer,0
10065,830727-1376104,user_64@example.com,Male,0,No,6,92.4,526.44,Month-to-month,Mailed check,0
10066,760101-2557272,user_65@example.com,Female,0,Yes,15,22.18,309.68,Month-to-month,Bank transfer,1
10067,700313-1218416,user_66@example.com,Female,0,No,3,66.1,249.81,Month-to-month,Bank transfer,0
10068,790420-3535467,user_67@example.com,Female,1,No,32,52.22,1652.04,Month-to-month,Bank transfer,0
10069,950416-3168998,user_68@example.com,Female,0,Yes,1,110.78,90.54,Month-to-month,Credit card,1
10070,700201-2106227,user_69@example.com,Female,0,Yes,72,19.7,1475.04,Two year,Electronic check,0
10071,741115-2272993,user_70@example.com,Female,0,No,29,73.92,2223.55,Month-to-month,Mailed check,0
10072,800304-2580245,user_71@example.com,Female,0,No,4,92.75,403.23,Month-to-month,Mailed check,1
10073,911202-2835208,user_72@example.com,Female,0,No,0,67.12,,Month-to-month,Bank transfer,1
10074,810218-4493423,user_73@example.com,Male,0,No,33,27.06,867.45,Month-to-month,Bank transfer,1
10075,880916-2853178,user_74@example.com,Male,0,No,24,115.99,2787.76,One year,Electronic check,0
10076,841222-4628777,user_75@example.com,Male,0,Yes,26,70.43,1847.23,Month-to-month,Bank transfer,0
10077,900727-3948035,user_76@example.com,Female,0,No,29,80.07,,Month-to-month,Credit card,0
10078,791019-3838239,user_77@example.com,Female,0,No,1,42.22,78.37,Month-to-month,Electronic check,0
10079,831017-2670940,user_78@example.com,Male,0,No,8,66.97,540.04,Two year,Bank transfer,0
10080,961111-2872225,user_79@example.com,Male,0,Yes,2,61.52,37.25,Month-to-month,Electronic check,1
10081,800819-1969071,user_80@example.com,Male,0,No,39,26.01,967.94,Two year,Mailed check,0
10082,730617-3135646,user_81@example.com,Female,1,Yes,19,29.14,528.45,Month-to-month,Bank transfer,0
10083,951003-4348180,user_82@example.com,Female,0,No,8,102.46,816.04,Two year,Electronic check,0
10084,820120-1477235,user_83@example.com,Female,0,Yes,1,42.54,137.0,One year,Electronic check,0
10085,791023-4144807,user_84@example.com,Female,0,Yes,7,38.04,,Month-to-month,Bank transfer,1
10086,720510-3245719,user_85@example.com,Female,0,Yes,7,69.12,441.8,Two year,Electronic check,0
10087,760910-3479697,user_86@example.com,Male,0,No,26,95.57,,One year,Bank transfer,0
10088,891214-4578727,user_87@example.com,Female,0,No,20,24.71,476.6,Month-to-month,Bank transfer,1
10089,940705-1544782,user_88@example.com,Female,0,Yes,43,76.32,3298.0,Month-to-month,Credit card,0
10090,781222-2242570,user_89@example.com,Female,1,Yes,12,30.45,394.43,One year,Credit card,0
10091,791018-2945632,user_90@example.com,Female,0,No,2,22.16,104.78,One year,Electronic check,1
10092,970426-3911420,user_91@example.com,Male,0,Yes,24,23.79,569.75,One year,Electronic check,1
10093,711011-1352385,user_92@example.com,Female,0,Yes,28,102.12,,One year,Electronic check,0
10094,960901-2802966,user_93@example.com,Male,0,Yes,16,30.33,530.68,One year,Mailed check,0
10095,750602-3782745,user_94@example.com,Male,0,Yes,29,23.03,632.5,One year,Bank transfer,0
10096,930818-4500636,user_95@example.com,Male,1,Yes,13,62.4,921.69,One year,Bank transfer,0
10097,820415-2848026,user_96@example.com,Female,0,Yes,14,103.11,1459.89,Month-to-month,Mailed check,1
10098,781214-4694819,user_97@example.com,Male,0,Yes,11,44.81,,Two year,Mailed check,0
10099,840405-2581899,user_98@example.com,Male,0,No,0,60.78,,Month-to-month,Electronic check,0
10100,810804-3472282,user_99@example.com,Female,0,Yes,2,22.5,148.89,Month-to-month,Bank transfer,0
10101,700220-1347838,user_100@example.com,Male,0,Yes,0,63.52,,One year,Credit card,0
10102,830106-2597769,user_101@example.com,Female,0,Yes,20,76.41,1503.02,Month-to-month,Credit card,0
10103,881025-2745913,user_102@example.com,Male,0,No,7,75.73,521.49,Month-to-month,Mailed check,1
10104,720118-3765198,user_103@example.com,Male,0,No,14,51.83,761.36,Month-to-month,Mailed check,0
10105,890418-2700853,user_104@example.com,Female,0,Yes,47,50.13,2420.0,One year,Bank transfer,0
10106,910317-2909091,user_105@example.com,Female,0,Yes,5,29.19,174.47,Two year,Bank transfer,0
10107,940507-3833246,user_106@example.com,Female,1,No,10,55.27,557.79,One year,Credit card,1
10108,880801-4265127,user_107@example.com,Female,1,Yes,28,28.47,872.06,Month-to-month,Bank transfer,1
10109,880109-4446038,user_108@example.com,Male,0,No,5,95.35,,Month-to-month,Electronic check,1
10110,850919-4318617,user_109@example.com,Male,0,Yes,1,115.37,166.92,Month-to-month,Mailed check,0
10111,960305-3185825,user_110@example.com,Male,1,Yes,6,115.75,680.1,Month-to-month,Credit card,0
10112,731218-3714580,user_111@example.com,Female,0,No,3,105.22,337.21,Month-to-month,Credit card,0
10113,940326-2525827,user_112@example.com,Female,0,No,53,78.73,4167.01,Month-to-month,Electronic check,0
10114,731126-2157036,user_113@example.com,Female,0,No,33,88.76,2926.29,Month-to-month,Bank transfer,1
10115,901107-3557773,user_114@example.com,Male,0,Yes,20,47.09,,Month-to-month,Bank transfer,1
10116,730812-1159000,user_115@example.com,Male,0,Yes,41,81.73,3418.17,One year,Mailed check,1
10117,780902-3231380,user_116@example.com,Female,0,Yes,32,64.18,2017.11,Two year,Electronic check,0
10118,810104-3591389,user_117@example.com,Male,1,Yes,4,66.82,230.27,Two year,Credit card,0
10119,830509-4611165,user_118@example.com,Female,0,Yes,44,94.47,4262.73,One year,Electronic check,0
10120,821203-2920557,user_119@example.com,Female,0,Yes,15,46.76,750.29,Month-to-month,Credit card,1
10121,881106-4937971,user_120@example.com,Female,0,Yes,32,50.38,1492.9,One year,Electronic check,1
10122,701210-1422699,user_121@example.com,Male,0,No,45,111.2,4975.74,Month-to-month,Bank transfer,1
10123,800417-3144852,user_122@example.com,Male,0,Yes,7,24.14,,One year,Credit card,0
10124,980310-1754381,user_123@example.com,Male,0,No,2,67.18,86.83,One year,Mailed check,0
10125,880504-1240525,user_124@example.com,Female,0,Yes,5,110.01,393.12,One year,Electronic check,1
10126,751226-2882064,user_125@example.com,Male,0,No,11,79.69,869.74,Two year,Bank transfer,1
10127,700125-1435245,user_126@example.com,Male,0,No,34,73.28,,One year,Credit card,0
10128,891021-1236802,user_127@example.com,Female,0,Yes,39,43.54,1701.06,One year,Bank transfer,0
10129,721218-4417558,user_128@example.com,Male,0,Yes,0,52.91,,Month-to-month,Electronic check,1
10130,870407-1862095,user_129@example.com,Male,0,Yes,14,103.92,1459.03,Two year,Mailed check,0
10131,860806-2981817,user_130@example.com,Female,1,Yes,10,74.56,724.85,Month-to-month,Mailed check,1
10132,790119-4624835,user_131@example.com,Male,0,Yes,5,70.1,425.6,Two year,Electronic check,0
10133,820527-2502162,user_132@example.com,Male,0,No,2,28.48,127.53,Month-to-month,Credit card,1
10134,850512-3831834,user_133@example.com,Female,0,Yes,8,20.11,200.15,Month-to-month,Bank transfer,1
10135,780504-2770895,user_134@example.com,Male,0,Yes,57,115.11,6544.94,Two year,Bank transfer,0
10136,800924-1441258,user_135@example.com,Male,0,No,7,56.29,493.3,Month-to-month,Credit card,1
10137,780128-2843626,user_136@example.com,Female,0,Yes,14,78.97,1027.93,Two year,Electronic check,0
10138,900626-4766866,user_137@example.com,Male,0,No,24,26.49,565.58,Month-to-month,Bank transfer,0
10139,830310-1573590,user_138@example.com,Male,0,No,9,86.98,778.63,Two year,Bank transfer,0
10140,730621-2331948,user_139@example.com,Male,1,Yes,71,111.99,8063.99,One year,Electronic check,0
10141,801201-2210856,user_140@example.com,Male,1,No,65,76.21,4943.53,One year,Bank transfer,0
10142,810717-1313513,user_141@example.com,Male,0,Yes,5,31.14,146.54,Month-to-month,Credit card,1
10143,751107-3102925,user_142@example.com,Male,0,No,13,76.82,926.56,Month-to-month,Credit card,0
10144,941111-2864704,user_143@example.com,Female,0,No,7,95.33,714.61,Two year,Electronic check,0
10145,951012-1601334,user_144@example.com,Female,0,No,6,59.24,403.1,Month-to-month,Electronic check,1
10146,951101-4526505,user_145@example.com,Male,0,Yes,0,106.7,,Month-to-month,Credit card,1
10147,980327-3635679,user_146@example.com,Male,0,Yes,18,83.53,1472.08,One year,Electronic check,0
10148,900911-3239322,user_147@example.com,Male,0,Yes,13,108.65,1377.11,Month-to-month,Credit card,1
10149,850610-2870290,user_148@example.com,Female,0,No,1,81.01,16.35,Month-to-month,Credit card,0
10150,730611-1432110,user_149@example.com,Male,0,No,6,31.66,194.15,Month-to-month,Credit card,0
10151,910424-1785799,user_150@example.com,Female,0,No,47,49.55,2274.83,Month-to-month,Bank transfer,1
10152,930214-2737377,user_151@example.com,Male,0,Yes,5,38.73,134.78,Two year,Electronic check,1
10153,850615-1902373,user_152@example.com,Female,0,No,3,109.61,307.65,Month-to-month,Bank transfer,0
10154,781210-3139876,user_153@example.com,Male,0,Yes,13,94.73,1207.03,Two year,Electronic check,0
10155,950708-3523723,user_154@example.com,Female,0,No,72,86.31,6187.42,Month-to-month,Mailed check,1
10156,701011-3970358,user_155@example.com,Male,0,No,5,48.67,266.67,Month-to-month,Bank transfer,0
10157,890513-2610196,user_156@example.com,Female,0,No,22,36.95,816.85,One year,Bank transfer,0
10158,940119-4515848,user_157@example.com,Male,0,No,28,94.33,2626.83,Month-to-month,Bank transfer,1
10159,870725-4721593,user_158@example.com,Male,0,No,5,66.03,339.3,One year,Mailed check,0
10160,730528-4534443,user_159@example.com,Male,0,Yes,26,41.14,1020.06,Two year,Electronic check,0
10161,950412-3505095,user_160@example.com,Male,0,No,9,80.32,728.14,Month-to-month,Mailed check,1
10162,930316-2883973,user_161@example.com,Female,0,No,20,22.54,458.33,One year,Electronic check,0
10163,970112-1509798,user_162@example.com,Male,1,No,20,51.2,948.85,Month-to-month,Electronic check,0
10164,770721-1917078,user_163@example.com,Female,0,No,15,65.47,1031.83,Month-to-month,Electronic check,1
10165,760218-4279046,user_164@example.com,Female,1,No,1,33.33,0.0,Month-to-month,Electronic check,1
10166,900217-1381095,user_165@example.com,Female,0,Yes,36,117.21,4224.08,Two year,Electronic check,0
10167,710219-4826248,user_166@example.com,Male,0,Yes,7,39.46,334.44,Month-to-month,Mailed check,0
10168,810619-2468318,user_167@example.com,Male,0,Yes,4,31.57,172.56,Two year,Bank transfer,0
10169,770608-2160059,user_168@example.com,Female,0,No,0,38.9,,Month-to-month,Mailed check,0
10170,870811-1401977,user_169@example.com,Male,0,Yes,17,95.6,1607.08,Month-to-month,Bank transfer,1
10171,831204-3146827,user_170@example.com,Female,0,No,22,61.16,1392.9,Month-to-month,Bank transfer,1
10172,941007-3468629,user_171@example.com,Female,0,No,0,75.18,,Two year,Credit card,0
10173,940314-1952710,user_172@example.com,Female,0,No,14,20.61,,One year,Bank transfer,0
10174,940610-2157420,user_173@example.com,Female,0,Yes,5,21.95,70.01,Month-to-month,Mailed check,0
10175,770926-3866727,user_174@example.com,Female,0,No,20,63.19,1160.18,Two year,Credit card,0
10176,940103-3287165,user_175@example.com,Male,0,Yes,3,100.37,308.81,Month-to-month,Electronic check,0
10177,780315-4268365,user_176@example.com,Female,1,Yes,23,107.25,2462.62,Two year,Electronic check,1
10178,950103-2195896,user_177@example.com,Male,0,No,9,27.19,301.52,Two year,Bank transfer,0
10179,701118-1177704,user_178@example.com,Female,1,No,55,72.47,4003.8,One year,Electronic check,0
10180,760113-1975049,user_179@example.com,Male,0,No,2,110.05,,Two year,Electronic check,0
10181,970605-2983533,user_180@example.com,Female,0,No,8,57.39,424.25,Month-to-month,Credit card,0
10182,800504-3538957,user_181@example.com,Male,1,Yes,2,101.66,,One year,Mailed check,1
10183,820823-1315723,user_182@example.com,Male,0,Yes,51,31.9,1600.45,One year,Electronic check,0
10184,941223-2198718,user_183@example.com,Male,0,No,41,112.27,4641.95,Month-to-month,Electronic check,1
10185,760704-4808991,user_184@example.com,Female,0,Yes,5,93.83,396.21,One year,Mailed check,0
10186,970804-3683411,user_185@example.com,Female,0,No,21,112.87,2382.03,Month-to-month,Credit card,0
10187,820814-2115234,user_186@example.com,Female,0,Yes,33,86.33,2749.66,Month-to-month,Credit card,0
10188,711006-3824879,user_187@example.com,Male,1,Yes,16,54.93,865.52,Month-to-month,Electronic check,1
10189,751124-4633461,user_188@example.com,Male,0,Yes,15,112.55,1710.27,Month-to-month,Bank transfer,0
10190,840603-4967534,user_189@example.com,Male,0,Yes,5,46.13,204.6,Month-to-month,Mailed check,1
10191,920617-2764257,user_190@example.com,Female,0,Yes,1,51.8,0.0,Two year,Credit card,0
10192,860305-4680433,user_191@example.com,Female,0,No,45,88.76,4036.51,Month-to-month,Electronic check,0
10193,770924-3104857,user_192@example.com,Female,0,Yes,46,95.22,,One year,Credit card,0
10194,870611-4256495,user_193@example.com,Female,0,No,20,111.67,2208.92,Month-to-month,Electronic check,1
10195,730509-1854648,user_194@example.com,Female,0,Yes,8,39.03,314.33,Month-to-month,Mailed check,1
10196,890811-1156584,user_195@example.com,Female,0,Yes,8,98.5,919.83,Month-to-month,Bank transfer,1
10197,870403-3930365,user_196@example.com,Female,0,No,25,92.54,2371.18,Month-to-month,Mailed check,1
10198,870309-4739473,user_197@example.com,Female,1,No,45,24.9,1178.63,One year,Credit card,0
10199,910328-1415669,user_198@example.com,Female,1,Yes,43,57.32,2486.54,One year,Credit card,0
10200,840526-4220331,user_199@example.com,Male,0,No,30,46.85,1413.82,Month-to-month,Credit card,0
10201,761126-3883827,user_200@example.com,Male,0,No,20,49.03,860.8,Month-to-month,Bank transfer,0
10202,720402-4855283,user_201@example.com,Female,0,Yes,1,117.04,83.09,Two year,Mailed check,0
10203,810517-2109319,user_202@example.com,Female,1,No,3,82.94,224.79,Month-to-month,Electronic check,0
10204,930805-4735752,user_203@example.com,Male,0,Yes,45,90.45,3976.51,Month-to-month,Mailed check,0
10205,890423-1409705,user_204@example.com,Female,1,Yes,18,116.41,2037.51,One year,Mailed check,0
10206,700804-4128879,user_205@example.com,Male,0,No,0,56.31,,Month-to-month,Bank transfer,1
10207,871212-4541902,user_206@example.com,Male,1,No,2,98.88,195.84,Two year,Mailed check,0
10208,870526-2528013,user_207@example.com,Male,0,Yes,21,62.06,1344.2,One year,Credit card,0
10209,931107-3892622,user_208@example.com,Male,0,No,0,105.67,,Month-to-month,Bank transfer,1
10210,901107-1537974,user_209@example.com,Female,0,Yes,3,36.61,130.57,Month-to-month,Credit card,1
10211,890426-4561562,user_210@example.com,Female,1,Yes,15,113.51,,One year,Credit card,0
10212,930126-1620795,user_211@example.com,Female,0,No,23,40.43,833.29,Month-to-month,Mailed check,0
10213,950226-4750436,user_212@example.com,Female,0,Yes,21,51.2,987.36,Two year,Electronic check,0
10214,930202-2903351,user_213@example.com,Female,1,Yes,5,94.31,408.1,One year,Mailed check,0
10215,970321-2959125,user_214@example.com,Female,0,Yes,24,57.97,1346.84,Month-to-month,Electronic check,0
10216,790602-3800211,user_215@example.com,Female,0,Yes,5,79.47,389.36,One year,Bank transfer,0
10217,800214-2266835,user_216@example.com,Male,0,Yes,7,63.07,390.78,Month-to-month,Bank transfer,1
10218,821107-1322393,user_217@example.com,Male,0,Yes,27,92.92,2525.79,Month-to-month,Bank transfer,1
10219,891026-3742524,user_218@example.com,Male,0,No,20,41.39,816.19,One year,Credit card,0
10220,980602-4305287,user_219@example.com,Female,1,No,37,24.36,901.85,One year,Credit card,0
10221,870902-4829671,user_220@example.com,Male,0,No,21,48.57,,One year,Bank transfer,0
10222,850823-4207006,user_221@example.com,Female,0,Yes,16,66.05,997.79,Month-to-month,Mailed check,0
10223,821006-1130657,user_222@example.com,Female,0,Yes,1,35.34,56.28,One year,Credit card,0
10224,761104-1452211,user_223@example.com,Female,0,No,9,54.07,485.93,Month-to-month,Credit card,0
10225,720702-4933737,user_224@example.com,Male,0,Yes,6,58.6,334.93,One year,Mailed check,0
10226,971218-2310859,user_225@example.com,Male,0,Yes,5,24.25,165.51,One year,Credit card,0
10227,890824-4984327,user_226@example.com,Female,0,No,72,76.98,5586.51,One year,Mailed check,0
10228,920628-3507980,user_227@example.com,Male,0,Yes,9,107.16,,Two year,Electronic check,1
10229,840508-2700964,user_228@example.com,Male,0,No,44,33.71,1474.13,Two year,Mailed check,0
10230,920910-1348858,user_229@example.com,Male,0,Yes,19,78.43,1504.23,Two year,Electronic check,0
10231,940301-3969234,user_230@example.com,Male,0,No,31,85.14,2625.69,Two year,Credit card,0
10232,771102-3629523,user_231@example.com,Female,0,No,13,60.54,816.27,One year,Electronic check,0
10233,970211-4754235,user_232@example.com,Female,1,Yes,17,88.79,1523.49,Two year,Mailed check,0
10234,861005-3594344,user_233@example.com,Male,0,Yes,13,59.68,867.47,Two year,Electronic check,0
10235,890625-2626358,user_234@example.com,Female,0,No,4,69.09,199.85,One year,Bank transfer,0
10236,880125-1597611,user_235@example.com,Female,0,Yes,25,19.24,474.88,Month-to-month,Mailed check,0
10237,960409-3248899,user_236@example.com,Female,0,No,6,87.84,481.61,Month-to-month,Mailed check,0
10238,970216-1627991,user_237@example.com,Female,0,No,0,84.8,,Two year,Electronic check,0
10239,791022-4181547,user_238@example.com,Female,0,Yes,20,22.35,366.14,Month-to-month,Credit card,0
10240,971105-4969514,user_239@example.com,Female,0,No,3,55.42,183.58,Two year,Credit card,0
10241,850613-4730522,user_240@example.com,Male,0,No,56,116.65,6500.9,Month-to-month,Mailed check,0
10242,720201-1757520,user_241@example.com,Female,1,Yes,61,60.68,3664.77,Month-to-month,Mailed check,1
10243,960406-1453446,user_242@example.com,Female,1,Yes,49,68.82,3299.86,One year,Electronic check,0
10244,920625-3771065,user_243@example.com,Male,0,No,9,109.72,964.23,Two year,Mailed check,0
10245,920316-2842955,user_244@example.com,Male,0,No,0,90.41,,Month-to-month,Mailed check,1
10246,760619-2473807,user_245@example.com,Male,0,Yes,52,76.85,,Two year,Credit card,0
10247,871001-4692258,user_246@example.com,Female,0,No,11,98.48,1114.66,One year,Mailed check,0
10248,850803-2227019,user_247@example.com,Male,0,Yes,68,105.15,7233.43,Month-to-month,Electronic check,1
10249,770324-2828339,user_248@example.com,Female,0,No,66,64.3,4256.99,Month-to-month,Mailed check,0
10250,940118-3973201,user_249@example.com,Female,0,No,38,66.13,2485.0,Month-to-month,Mailed check,1
10251,781005-3220156,user_250@example.com,Female,0,Yes,6,57.2,,Month-to-month,Mailed check,1
10252,731010-3160835,user_251@example.com,Male,0,No,9,115.41,1011.48,Month-to-month,Bank transfer,0
10253,920325-4361076,user_252@example.com,Female,0,No,38,88.39,3333.6,Month-to-month,Mailed check,0
10254,800901-2794411,user_253@example.com,Male,0,Yes,7,26.84,111.89,Month-to-month,Electronic check,1
10255,930215-2519255,user_254@example.com,Female,0,No,3,105.01,361.34,Two year,Credit card,0
10256,890213-2735420,user_255@example.com,Female,0,No,16,66.68,1047.58,One year,Credit card,0
10257,910311-2659453,user_256@example.com,Male,0,Yes,55,25.39,1405.55,One year,Bank transfer,0
10258,950309-4937668,user_257@example.com,Female,0,No,23,73.61,1641.23,Month-to-month,Electronic check,0
10259,830712-1213290,user_258@example.com,Female,0,Yes,16,60.32,986.92,Two year,Credit card,0
10260,960809-3297473,user_259@example.com,Female,0,No,2,106.49,174.88,Two year,Credit card,0
10261,890805-1917478,user_260@example.com,Female,0,No,19,38.95,732.96,Month-to-month,Mailed check,1
10262,810412-1741795,user_261@example.com,Male,1,No,72,101.35,7341.09,Two year,Mailed check,0
10263,770322-1597014,user_262@example.com,Female,1,Yes,3,74.41,262.77,Two year,Mailed check,0
10264,800713-2788820,user_263@example.com,Male,0,No,14,23.97,334.48,One year,Bank transfer,0
10265,891013-1395979,user_264@example.com,Female,0,No,41,115.93,4664.72,One year,Mailed check,0
10266,820203-1983792,user_265@example.com,Female,0,No,27,69.89,,Month-to-month,Electronic check,0
10267,950519-4363759,user_266@example.com,Male,0,No,23,47.66,1183.47,Month-to-month,Bank transfer,0
10268,890422-2582670,user_267@example.com,Male,0,No,24,65.56,1609.57,Month-to-month,Credit card,0
10269,960819-1280811,user_268@example.com,Female,0,No,8,104.5,798.34,Month-to-month,Credit card,0
10270,790614-4173205,user_269@example.com,Male,1,Yes,6,49.07,,Month-to-month,Electronic check,1
10271,810813-1947248,user_270@example.com,Male,1,Yes,33,37.82,1220.89,Two year,Electronic check,0
10272,700610-2485828,user_271@example.com,Female,0,No,33,31.44,1100.71,Month-to-month,Credit card,0
10273,801006-3752455,user_272@example.com,Female,0,Yes,40,48.36,1947.53,Two year,Electronic check,0
10274,920706-2509392,user_273@example.com,Male,0,Yes,48,96.7,4602.39,One year,Electronic check,0
10275,810705-4773782,user_274@example.com,Male,0,No,14,65.78,897.38,Month-to-month,Electronic check,0
10276,750803-4840636,user_275@example.com,Male,0,No,13,41.31,593.09,Month-to-month,Mailed check,0
10277,760119-2778547,user_276@example.com,Male,1,No,32,35.16,1205.12,Month-to-month,Credit card,0
10278,830928-2536006,user_277@example.com,Female,0,Yes,20,51.86,1113.62,Two year,Electronic check,0
10279,740321-4517563,user_278@example.com,Female,1,No,24,112.73,2743.37,Two year,Electronic check,0
10280,760912-1718094,user_279@example.com,Female,0,Yes,31,52.89,1626.96,Month-to-month,Mailed check,0
10281,841224-1150767,user_280@example.com,Female,0,No,44,117.56,5010.56,Two year,Credit card,0
10282,920426-3587524,user_281@example.com,Female,0,No,8,67.14,551.98,One year,Bank transfer,0
10283,810403-3766556,user_282@example.com,Female,0,No,9,36.46,,Month-to-month,Credit card,0
10284,960113-1313419,user_283@example.com,Male,0,No,1,107.84,,One year,Credit card,0
10285,710605-3753937,user_284@example.com,Male,0,No,17,64.65,1101.74,One year,Credit card,0
10286,930518-4433121,user_285@example.com,Female,0,No,0,89.64,,Month-to-month,Mailed check,0
10287,861026-3788717,user_286@example.com,Female,0,No,12,117.12,1433.31,One year,Credit card,1
10288,881226-1913830,user_287@example.com,Female,1,Yes,15,23.53,384.56,Month-to-month,Bank transfer,0
10289,950713-1120867,user_288@example.com,Male,0,No,6,28.19,203.26,Month-to-month,Electronic check,1
10290,740824-4474771,user_289@example.com,Male,0,Yes,17,90.73,,Month-to-month,Credit card,0
10291,810813-4978259,user_290@example.com,Male,0,No,0,46.75,,Two year,Mailed check,1
10292,800814-2916723,user_291@example.com,Male,0,Yes,0,36.98,,One year,Credit card,0
10293,700111-1616956,user_292@example.com,Male,1,Yes,34,22.45,759.76,Month-to-month,Credit card,0
10294,930406-1418252,user_293@example.com,Female,0,No,8,20.69,170.08,Month-to-month,Bank transfer,0
10295,790604-4214886,user_294@example.com,Female,0,Yes,2,96.14,197.66,Month-to-month,Bank transfer,0
10296,850109-2327314,user_295@example.com,Female,1,No,14,31.98,497.63,One year,Mailed check,0
10297,890921-4963027,user_296@example.com,Male,1,No,29,65.39,1928.49,Month-to-month,Mailed check,1
10298,970601-2502272,user_297@example.com,Male,0,Yes,4,79.24,420.83,Two year,Mailed check,0
10299,850521-3283552,user_298@example.com,Male,0,Yes,19,61.44,1277.68,Two year,Mailed check,1
10300,880304-4705855,user_299@example.com,Male,1,Yes,1,21.22,25.2,One year,Mailed check,0
10301,980715-3834478,user_300@example.com,Male,0,No,1,97.05,0.0,Month-to-month,Electronic check,1
10302,950525-3249121,user_301@example.com,Female,0,Yes,15,19.55,355.09,Month-to-month,Electronic check,0
10303,810327-4294006,user_302@example.com,Female,0,No,15,94.88,1396.18,Month-to-month,Mailed check,1
10304,740725-1755970,user_303@example.com,Male,0,Yes,20,108.05,2120.93,One year,Mailed check,0
10305,930613-4356163,user_304@example.com,Female,1,No,25,61.89,1527.33,One year,Electronic check,0
10306,890722-2252628,user_305@example.com,Male,0,No,72,72.19,5175.35,One year,Bank transfer,0
10307,900607-4635306,user_306@example.com,Male,0,No,14,66.32,959.09,Month-to-month,Electronic check,1
10308,931226-2473838,user_307@example.com,Male,0,Yes,7,57.52,324.67,Two year,Mailed check,0
10309,771121-2652137,user_308@example.com,Male,1,No,31,107.46,3277.37,Month-to-month,Bank transfer,1
10310,770603-4508331,user_309@example.com,Male,0,Yes,6,108.12,665.88,Month-to-month,Mailed check,1
10311,860320-2935453,user_310@example.com,Female,0,Yes,11,52.17,,One year,Credit card,0
10312,810624-4714267,user_311@example.com,Female,0,No,1,80.16,112.24,Month-to-month,Bank transfer,1
10313,911019-1305453,user_312@example.com,Female,0,No,0,111.42,,One year,Mailed check,1
10314,890604-3146963,user_313@example.com,Female,0,Yes,65,114.95,7422.84,Two year,Electronic check,0
10315,960226-4481201,user_314@example.com,Male,1,No,36,69.52,,One year,Mailed check,0
10316,710208-3250249,user_315@example.com,Female,0,Yes,23,63.9,1481.69,Month-to-month,Electronic check,1
10317,890410-2739226,user_316@example.com,Male,1,No,10,46.44,538.67,Month-to-month,Bank transfer,1
10318,720504-3698281,user_317@example.com,Male,0,No,3,114.63,241.52,Month-to-month,Electronic check,1
10319,760623-4380038,user_318@example.com,Male,0,No,3,32.82,87.42,Month-to-month,Bank transfer,1
10320,820827-1811520,user_319@example.com,Female,0,No,5,76.63,316.52,Two year,Mailed check,0
10321,850328-3847476,user_320@example.com,Male,1,No,15,46.83,619.84,One year,Electronic check,0
10322,950715-2263525,user_321@example.com,Female,0,No,25,46.47,1210.1,Month-to-month,Bank transfer,1
10323,730623-4448234,user_322@example.com,Male,0,No,21,59.1,1268.33,Two year,Bank transfer,0
10324,930519-2541328,user_323@example.com,Male,0,Yes,6,118.63,734.25,One year,Bank transfer,0
10325,840418-4617922,user_324@example.com,Male,0,No,61,24.01,1510.66,Month-to-month,Credit card,0
10326,860604-1158014,user_325@example.com,Female,0,No,26,76.5,1965.01,Month-to-month,Bank transfer,0
10327,771120-2904418,user_326@example.com,Male,0,Yes,16,26.78,406.85,Month-to-month,Mailed check,1
10328,770315-3302854,user_327@example.com,Female,0,Yes,18,33.99,721.11,Two year,Mailed check,0
10329,720326-4698729,user_328@example.com,Female,0,No,10,62.57,613.37,Month-to-month,Mailed check,0
10330,971116-2980615,user_329@example.com,Male,0,Yes,5,69.67,385.11,Two year,Bank transfer,0
10331,800302-1422634,user_330@example.com,Male,0,Yes,8,44.44,355.84,Month-to-month,Mailed check,1
10332,760817-4435793,user_331@example.com,Female,0,Yes,28,50.22,,Two year,Bank transfer,0
10333,980709-3852919,user_332@example.com,Female,0,Yes,0,27.22,,Month-to-month,Bank transfer,0
10334,950320-2731485,user_333@example.com,Male,0,No,2,48.9,,Two year,Bank transfer,0
10335,840521-4992364,user_334@example.com,Female,1,No,0,115.4,,Two year,Credit card,1
10336,741217-2456061,user_335@example.com,Male,0,No,0,113.21,,Month-to-month,Electronic check,1
10337,951206-3786355,user_336@example.com,Male,0,No,38,52.07,2024.36,One year,Mailed check,0
10338,970412-1773364,user_337@example.com,Male,1,Yes,24,75.73,,One year,Credit card,0
10339,860410-3124836,user_338@example.com,Male,1,Yes,12,109.69,1397.07,Two year,Mailed check,0
10340,950508-2299440,user_339@example.com,Male,0,Yes,2,19.12,0.0,Month-to-month,Credit card,0
10341,720516-4902418,user_340@example.com,Female,1,Yes,13,99.77,1307.65,Month-to-month,Electronic check,1
10342,751016-1632738,user_341@example.com,Male,0,No,12,113.57,1362.32,Two year,Electronic check,1
10343,910820-4776666,user_342@example.com,Female,1,No,3,27.66,74.29,One year,Electronic check,0
10344,800403-1440916,user_343@example.com,Male,0,No,11,34.69,448.52,Month-to-month,Electronic check,0
10345,761117-1878200,user_344@example.com,Male,0,Yes,10,114.81,1112.84,Two year,Bank transfer,0
10346,780315-3261271,user_345@example.com,Female,1,No,19,72.39,1307.93,Month-to-month,Mailed check,0
10347,770321-3894422,user_346@example.com,Female,0,Yes,20,19.92,399.4,One year,Mailed check,0
10348,700316-1104273,user_347@example.com,Female,0,No,0,44.33,,Month-to-month,Mailed check,1
10349,830723-3193630,user_348@example.com,Male,0,Yes,9,63.61,741.36,Month-to-month,Bank transfer,1
10350,980616-1487333,user_349@example.com,Female,0,Yes,19,87.96,1705.07,Month-to-month,Mailed check,0
10351,870913-4325771,user_350@example.com,Female,0,Yes,13,92.0,1175.53,Month-to-month,Electronic check,1
10352,730920-3229060,user_351@example.com,Female,0,No,38,118.29,4442.21,Month-to-month,Mailed check,1
10353,790601-4250852,user_352@example.com,Female,0,No,21,47.32,899.71,Month-to-month,Mailed check,1
10354,750621-3150794,user_353@example.com,Female,0,Yes,3,72.46,166.12,Month-to-month,Credit card,1
10355,840215-3271627,user_354@example.com,Male,0,Yes,1,71.97,77.72,Month-to-month,Bank transfer,1
10356,810520-3561313,user_355@example.com,Female,0,Yes,20,59.17,1254.77,One year,Electronic check,1
10357,960809-1917518,user_356@example.com,Male,0,Yes,0,35.46,,Month-to-month,Electronic check,1
10358,971015-1153172,user_357@example.com,Male,0,Yes,17,116.49,1991.78,Month-to-month,Electronic check,1
10359,890525-3711803,user_358@example.com,Female,1,Yes,56,104.05,,One year,Mailed check,0
10360,720127-3536851,user_359@example.com,Female,0,No,17,68.46,,Two year,Electronic check,0
10361,820217-1321975,user_360@example.com,Male,0,No,9,78.98,684.89,One year,Electronic check,1
10362,731202-2476882,user_361@example.com,Male,0,Yes,20,41.28,911.52,Month-to-month,Credit card,0
10363,770616-4171337,user_362@example.com,Female,1,No,12,73.01,866.66,Two year,Mailed check,1
10364,850519-2303945,user_363@example.com,Male,0,No,15,88.17,,Two year,Credit card,0
10365,930521-3360914,user_364@example.com,Male,0,No,56,70.15,3817.61,Month-to-month,Bank transfer,0
10366,821215-4360479,user_365@example.com,Male,1,No,9,117.78,1050.25,Two year,Mailed check,0
10367,800104-1722805,user_366@example.com,Male,0,No,64,79.79,5148.38,Month-to-month,Credit card,0
10368,951127-1221254,user_367@example.com,Male,0,No,47,55.69,2564.04,Month-to-month,Bank transfer,1
10369,960706-1184935,user_368@example.com,Female,0,No,4,95.91,346.1,Month-to-month,Credit card,0
10370,810818-3614318,user_369@example.com,Male,0,Yes,1,35.59,75.23,One year,Bank transfer,0
10371,970110-3198967,user_370@example.com,Male,0,No,2,57.05,40.27,Month-to-month,Electronic check,1
10372,820327-1229960,user_371@example.com,Female,0,Yes,0,53.28,,Month-to-month,Electronic check,1
10373,900714-3474312,user_372@example.com,Female,0,No,1,61.79,35.18,Month-to-month,Mailed check,0
10374,870412-4886660,user_373@example.com,Male,0,No,22,96.87,2111.71,Month-to-month,Credit card,1
10375,800519-1647487,user_374@example.com,Male,0,Yes,1,67.04,10.85,Month-to-month,Credit card,0
10376,980704-4899101,user_375@example.com,Male,1,Yes,7,98.1,705.6,One year,Bank transfer,0
10377,960606-2446883,user_376@example.com,Female,1,No,37,76.29,2945.72,Month-to-month,Mailed check,1
10378,830310-2791173,user_377@example.com,Male,0,No,0,52.79,,Two year,Electronic check,0
10379,871009-4867923,user_378@example.com,Male,0,Yes,33,99.7,3246.89,Month-to-month,Credit card,0
10380,731028-3334843,user_379@example.com,Male,0,No,6,42.39,311.12,Month-to-month,Bank transfer,1
10381,810819-2901190,user_380@example.com,Female,0,No,2,40.99,66.15,Month-to-month,Electronic check,1
10382,760203-3328607,user_381@example.com,Female,0,No,23,69.08,1657.56,Month-to-month,Electronic check,0
10383,810402-2134888,user_382@example.com,Female,0,Yes,19,44.65,888.68,Month-to-month,Electronic check,1
10384,791106-1742126,user_383@example.com,Female,0,No,41,19.41,648.65,One year,Bank transfer,0
10385,700827-2587052,user_384@example.com,Female,0,No,26,83.49,2120.54,One year,Bank transfer,1
10386,791223-2886255,user_385@example.com,Male,0,Yes,32,69.74,2278.9,Month-to-month,Electronic check,1
10387,710308-4390556,user_386@example.com,Female,0,No,6,63.16,386.54,Month-to-month,Bank transfer,0
10388,840819-2447926,user_387@example.com,Female,1,No,3,115.44,295.13,Month-to-month,Electronic check,0
10389,701119-2751727,user_388@example.com,Male,0,No,27,75.76,2013.84,Two year,Electronic check,1
10390,790503-1129289,user_389@example.com,Male,0,No,32,105.06,3266.61,One year,Electronic check,0
10391,940813-1367241,user_390@example.com,Male,0,No,72,32.48,2334.14,Month-to-month,Bank transfer,1
10392,800702-3994363,user_391@example.com,Male,0,Yes,10,75.56,866.13,Month-to-month,Mailed check,0
10393,960226-3261456,user_392@example.com,Male,0,Yes,9,105.51,,Two year,Mailed check,0
10394,720412-1267451,user_393@example.com,Male,0,Yes,29,76.96,2341.36,Month-to-month,Bank transfer,1
10395,710901-1768309,user_394@example.com,Female,0,Yes,8,90.48,767.96,Month-to-month,Credit card,1
10396,930308-3396328,user_395@example.com,Female,0,No,53,55.8,3008.77,Month-to-month,Bank transfer,1
10397,760422-4745029,user_396@example.com,Female,0,No,39,27.77,1181.73,One year,Credit card,1
10398,870211-1607472,user_397@example.com,Male,0,No,11,64.4,727.26,Two year,Electronic check,1
10399,741003-3577767,user_398@example.com,Male,1,No,27,58.05,1557.99,Two year,Credit card,0
10400,800303-1316381,user_399@example.com,Female,0,No,28,105.42,3003.39,One year,Electronic check,0
10401,931026-2649479,user_400@example.com,Female,0,Yes,2,42.96,158.61,Month-to-month,Mailed check,1
10402,881106-3170891,user_401@example.com,Male,0,No,46,115.42,5285.32,Month-to-month,Electronic check,0
10403,870313-4463112,user_402@example.com,Female,0,No,14,114.55,1567.62,Month-to-month,Credit card,0
10404,851220-3265355,user_403@example.com,Male,0,No,35,43.33,1523.49,Two year,Mailed check,0
10405,770515-2519838,user_404@example.com,Male,0,Yes,7,53.39,415.3,One year,Mailed check,1
10406,800821-1414550,user_405@example.com,Male,0,No,45,108.28,4912.5,Month-to-month,Bank transfer,0
10407,750314-3575007,user_406@example.com,Male,1,Yes,9,115.4,967.39,Month-to-month,Credit card,1
10408,810104-4326229,user_407@example.com,Female,0,Yes,0,62.95,,Month-to-month,Credit card,0
10409,911024-4416572,user_408@example.com,Female,0,No,47,50.68,2349.9,Two year,Bank transfer,0
10410,920413-2925165,user_409@example.com,Female,0,No,1,71.24,57.99,Month-to-month,Bank transfer,0
10411,940324-3354693,user_410@example.com,Female,0,Yes,7,87.45,567.02,Month-to-month,Mailed check,0
10412,710913-2136779,user_411@example.com,Male,0,Yes,59,45.92,2844.2,Month-to-month,Bank transfer,0
10413,900604-4395062,user_412@example.com,Female,1,No,60,92.33,5551.9,Month-to-month,Mailed check,1
10414,980712-3985066,user_413@example.com,Female,0,No,17,23.68,360.01,Two year,Credit card,0
10415,761027-2743425,user_414@example.com,Male,0,Yes,19,23.44,,Two year,Bank transfer,0
10416,741025-4921244,user_415@example.com,Male,0,Yes,11,57.23,667.99,Two year,Credit card,1
10417,831116-3516641,user_416@example.com,Female,0,No,6,53.94,314.25,One year,Mailed check,1
10418,880709-2144974,user_417@example.com,Male,0,No,7,50.14,393.01,One year,Electronic check,0
10419,881008-3995598,user_418@example.com,Male,0,Yes,22,67.72,1448.58,One year,Electronic check,0
10420,771204-3617948,user_419@example.com,Male,1,Yes,27,50.65,1342.9,Month-to-month,Credit card,1
10421,751112-4609851,user_420@example.com,Male,0,Yes,31,37.77,1070.36,One year,Mailed check,0
10422,780217-1488505,user_421@example.com,Male,0,Yes,31,49.52,1468.92,Month-to-month,Mailed check,0
10423,721113-2498043,user_422@example.com,Male,0,No,1,116.23,206.61,One year,Electronic check,1
10424,831101-4377882,user_423@example.com,Male,1,No,13,59.71,,Month-to-month,Mailed check,0
10425,730618-3836490,user_424@example.com,Male,1,No,1,63.08,66.37,Month-to-month,Mailed check,0
10426,770402-1731479,user_425@example.com,Female,0,Yes,15,76.3,1227.65,Two year,Credit card,0
10427,790107-3634975,user_426@example.com,Female,0,No,11,117.08,1279.88,Two year,Electronic check,1
10428,820624-2106747,user_427@example.com,Male,0,No,43,42.72,1824.79,Month-to-month,Mailed check,0
10429,700106-3592799,user_428@example.com,Female,0,Yes,8,86.8,697.23,Month-to-month,Credit card,1
10430,950910-1947264,user_429@example.com,Male,0,Yes,2,90.28,174.31,Two year,Bank transfer,1
10431,940522-1284417,user_430@example.com,Male,0,Yes,3,79.38,,One year,Electronic check,0
10432,720703-3167409,user_431@example.com,Female,0,Yes,28,27.38,823.81,Month-to-month,Credit card,1
10433,920809-2501562,user_432@example.com,Female,0,Yes,19,86.36,1648.35,One year,Bank transfer,0
10434,850704-1753952,user_433@example.com,Male,0,No,2,24.93,85.48,Month-to-month,Mailed check,1
10435,911013-4361946,user_434@example.com,Male,0,Yes,1,78.26,129.83,Month-to-month,Mailed check,1
10436,840118-3478573,user_435@example.com,Male,0,No,24,92.64,2242.77,Two year,Bank transfer,0
10437,870922-4159435,user_436@example.com,Male,1,No,1,39.65,0.0,Month-to-month,Credit card,1
10438,740726-4985196,user_437@example.com,Female,0,Yes,34,102.87,3429.94,Month-to-month,Mailed check,0
10439,780621-3621105,user_438@example.com,Female,0,No,24,21.54,524.4,Month-to-month,Mailed check,1
10440,840828-4696175,user_439@example.com,Female,0,Yes,1,103.09,94.53,Month-to-month,Credit card,0
10441,860313-1162323,user_440@example.com,Female,1,No,1,64.65,69.02,Month-to-month,Credit card,0
10442,841026-2785082,user_441@example.com,Male,0,No,72,40.31,,Month-to-month,Bank transfer,1
10443,850304-3675314,user_442@example.com,Female,0,No,9,31.91,416.37,Month-to-month,Mailed check,0
10444,710613-3847657,user_443@example.com,Female,1,Yes,9,114.07,960.12,Month-to-month,Credit card,0
10445,911004-2720135,user_444@example.com,Female,1,No,33,25.78,751.24,Month-to-month,Electronic check,0
10446,751208-2216942,user_445@example.com,Male,0,No,58,38.46,2247.3,Month-to-month,Bank transfer,0
10447,980919-2687697,user_446@example.com,Male,0,No,72,53.37,3823.82,One year,Bank transfer,0
10448,790607-3641301,user_447@example.com,Male,1,No,27,80.68,,One year,Bank transfer,1
10449,921118-2229486,user_448@example.com,Male,1,No,9,73.12,687.27,Month-to-month,Bank transfer,1
10450,810717-2189271,user_449@example.com,Male,0,Yes,1,31.1,,One year,Electronic check,0
10451,980101-2585998,user_450@example.com,Female,0,Yes,30,47.55,1351.14,Two year,Bank transfer,1
10452,881010-3447238,user_451@example.com,Female,0,No,16,42.43,651.04,Two year,Bank transfer,0
10453,760620-1441979,user_452@example.com,Female,0,No,11,39.91,460.45,Month-to-month,Credit card,0
10454,840923-3481527,user_453@example.com,Female,0,No,47,59.72,2845.36,One year,Mailed check,0
10455,800527-1521349,user_454@example.com,Male,0,No,2,89.08,287.83,Month-to-month,Bank transfer,1
10456,761223-1944662,user_455@example.com,Male,1,No,13,40.3,571.69,Month-to-month,Credit card,0
10457,830322-2775754,user_456@example.com,Male,0,Yes,0,55.26,,Month-to-month,Credit card,0
10458,970706-4406989,user_457@example.com,Male,1,No,12,57.69,,Month-to-month,Mailed check,1
10459,910317-3387776,user_458@example.com,Female,1,Yes,1,116.39,88.18,Month-to-month,Credit card,1
10460,901113-2829655,user_459@example.com,Male,1,Yes,2,114.21,,One year,Credit card,0
10461,720224-1803457,user_460@example.com,Female,0,Yes,2,98.71,230.18,One year,Bank transfer,0
10462,970802-4587766,user_461@example.com,Male,0,No,20,42.73,867.45,Month-to-month,Bank transfer,0
10463,930124-3975600,user_462@example.com,Female,0,Yes,27,25.32,617.46,Month-to-month,Credit card,0
10464,761019-4590376,user_463@example.com,Male,1,No,17,50.27,,Month-to-month,Electronic check,1
10465,870124-2846233,user_464@example.com,Female,0,Yes,65,45.25,2985.13,Month-to-month,Mailed check,0
10466,860309-4783192,user_465@example.com,Female,0,No,9,69.22,640.56,Two year,Credit card,0
10467,750308-2838405,user_466@example.com,Female,0,Yes,6,96.47,607.25,One year,Credit card,0
10468,820524-1135617,user_467@example.com,Male,0,Yes,40,104.55,4201.15,Two year,Electronic check,0
10469,810706-1774335,user_468@example.com,Male,1,No,5,103.2,597.32,One year,Mailed check,0
10470,970806-1549502,user_469@example.com,Male,0,No,66,54.56,3612.76,Month-to-month,Credit card,0
10471,880523-1801875,user_470@example.com,Female,0,Yes,0,87.4,,Month-to-month,Credit card,0
10472,970219-3716935,user_471@example.com,Female,0,No,70,49.86,3444.41,Month-to-month,Bank transfer,0
10473,900301-4141753,user_472@example.com,Female,1,Yes,0,24.61,,Month-to-month,Credit card,1
10474,820111-2763028,user_473@example.com,Female,0,Yes,44,88.83,3786.48,Two year,Electronic check,0
10475,720702-2511231,user_474@example.com,Male,1,No,15,19.49,283.14,Month-to-month,Credit card,1
10476,821201-2599780,user_475@example.com,Female,0,No,72,59.52,4275.15,Month-to-month,Mailed check,1
10477,881110-2535569,user_476@example.com,Male,0,No,1,51.52,0.0,One year,Mailed check,1
10478,840816-4836594,user_477@example.com,Female,0,No,16,88.01,1361.75,Two year,Electronic check,1
10479,900825-1470963,user_478@example.com,Male,0,Yes,69,95.32,6617.56,Month-to-month,Credit card,1
10480,910613-1832224,user_479@example.com,Female,0,Yes,14,48.99,697.4,One year,Credit card,0
10481,840526-1316965,user_480@example.com,Female,0,Yes,19,99.87,1902.62,Month-to-month,Credit card,0
10482,780426-2920927,user_481@example.com,Male,0,No,23,47.97,1118.63,Month-to-month,Credit card,0
10483,940327-3487956,user_482@example.com,Male,0,Yes,12,63.24,763.51,Month-to-month,Credit card,0
10484,950107-4946862,user_483@example.com,Female,0,No,19,91.38,,Month-to-month,Mailed check,0
10485,750109-3936275,user_484@example.com,Female,0,Yes,17,87.97,1501.66,One year,Bank transfer,0
10486,880401-1723425,user_485@example.com,Female,0,No,46,117.48,5331.17,Month-to-month,Mailed check,0
10487,850203-2524396,user_486@example.com,Male,0,Yes,0,41.07,,One year,Bank transfer,0
10488,861003-4551032,user_487@example.com,Male,0,No,6,84.9,527.92,Two year,Mailed check,0
10489,741106-1487264,user_488@example.com,Male,0,No,60,79.62,4747.74,Month-to-month,Electronic check,1
10490,880723-2515964,user_489@example.com,Male,0,Yes,44,110.24,,One year,Credit card,1
10491,811201-1197014,user_490@example.com,Male,0,No,12,34.18,429.96,Month-to-month,Bank transfer,0
10492,811202-1919531,user_491@example.com,Female,0,No,19,93.87,1777.67,Month-to-month,Mailed check,0
10493,970925-4400149,user_492@example.com,Female,0,Yes,6,75.47,531.53,One year,Bank transfer,0
10494,981218-3816309,user_493@example.com,Male,1,Yes,4,46.04,166.86,One year,Credit card,0
10495,700718-4467764,user_494@example.com,Female,1,No,12,66.06,750.85,Month-to-month,Electronic check,1
10496,920819-2169752,user_495@example.com,Male,0,Yes,8,51.96,460.47,Two year,Credit card,0
10497,731023-4360606,user_496@example.com,Male,0,Yes,17,76.58,1348.12,Month-to-month,Mailed check,1
10498,861223-1650713,user_497@example.com,Male,0,No,1,107.62,116.05,Two year,Mailed check,1
10499,770419-3536715,user_498@example.com,Male,0,Yes,72,75.57,5474.86,Month-to-month,Bank transfer,1
10500,700828-1255030,user_499@example.com,Male,0,Yes,72,81.83,5889.88,Month-to-month,Electronic check,0
10501,751024-2515044,user_500@example.com,Female,0,Yes,23,70.5,1633.19,Month-to-month,Electronic check,1
10502,940407-2814553,user_501@example.com,Female,0,Yes,15,23.63,412.7,Month-to-month,Mailed check,0
10503,911112-1757569,user_502@example.com,Female,0,No,7,41.84,324.15,One year,Bank transfer,0
10504,730125-1100275,user_503@example.com,Female,0,Yes,33,67.82,2229.6,One year,Credit card,0
10505,740120-4944734,user_504@example.com,Male,1,No,23,49.6,,Month-to-month,Credit card,0
10506,900218-4120529,user_505@example.com,Female,0,Yes,3,36.72,0.0,Month-to-month,Mailed check,1
10507,851108-1171211,user_506@example.com,Female,0,Yes,48,69.04,3416.52,Month-to-month,Mailed check,0
10508,870618-1673927,user_507@example.com,Male,0,No,34,50.86,1643.94,Month-to-month,Credit card,1
10509,850102-2790068,user_508@example.com,Female,0,Yes,59,44.38,,One year,Credit card,0
10510,910922-4858014,user_509@example.com,Female,0,Yes,25,65.01,1623.2,One year,Credit card,0
10511,970701-2790691,user_510@example.com,Female,0,No,19,31.86,598.02,Two year,Bank transfer,1
10512,851217-4812719,user_511@example.com,Female,0,Yes,10,111.51,1165.42,Month-to-month,Electronic check,0
10513,760708-1327976,user_512@example.com,Male,0,Yes,53,105.49,5538.08,Month-to-month,Mailed check,0
10514,830709-4665987,user_513@example.com,Male,0,No,40,89.44,3590.64,One year,Mailed check,0
10515,720610-3795384,user_514@example.com,Female,1,Yes,0,29.15,,Two year,Bank transfer,0
10516,730211-3568721,user_515@example.com,Male,0,Yes,0,96.28,,One year,Credit card,0
10517,820904-3416783,user_516@example.com,Female,0,Yes,9,99.5,892.26,Month-to-month,Bank transfer,0
10518,831006-4196794,user_517@example.com,Female,0,No,33,95.47,3155.16,Month-to-month,Credit card,0
10519,931022-1819366,user_518@example.com,Female,0,Yes,72,29.93,2127.46,One year,Mailed check,0
10520,881226-2357548,user_519@example.com,Male,0,No,3,83.05,223.65,One year,Electronic check,0
10521,771128-2603912,user_520@example.com,Male,0,No,18,102.14,1852.88,Two year,Bank transfer,0
10522,810620-2518331,user_521@example.com,Female,0,No,9,76.38,734.61,Month-to-month,Credit card,0
10523,921224-3382987,user_522@example.com,Male,0,No,70,83.3,5801.09,Two year,Mailed check,0
10524,911022-2109614,user_523@example.com,Male,0,No,36,64.45,2276.76,Month-to-month,Electronic check,1
10525,850406-4475406,user_524@example.com,Male,0,Yes,36,71.5,,Two year,Bank transfer,0
10526,710803-3375998,user_525@example.com,Male,0,No,12,21.95,261.77,Two year,Bank transfer,0
10527,940812-2321689,user_526@example.com,Female,0,No,10,82.56,867.12,One year,Mailed check,1
10528,710827-4642526,user_527@example.com,Female,0,Yes,6,26.67,114.73,One year,Bank transfer,0
10529,911117-2118044,user_528@example.com,Female,0,Yes,1,62.11,,Month-to-month,Mailed check,1
10530,900601-4596566,user_529@example.com,Female,0,No,40,47.84,1886.95,Month-to-month,Bank transfer,1
10531,980522-2786071,user_530@example.com,Female,0,No,33,73.18,2376.62,Month-to-month,Electronic check,0
10532,790406-3426296,user_531@example.com,Male,0,No,72,31.87,2290.7,Month-to-month,Electronic check,0
10533,820815-2547592,user_532@example.com,Male,0,Yes,72,87.84,6292.64,Month-to-month,Bank transfer,1
10534,790918-1756247,user_533@example.com,Female,1,Yes,16,98.2,1608.25,Month-to-month,Mailed check,0
10535,870905-1645835,user_534@example.com,Female,0,No,29,34.88,997.11,Two year,Credit card,0
10536,780320-1596746,user_535@example.com,Female,0,No,57,28.96,1658.24,Month-to-month,Bank transfer,0
10537,740713-3452741,user_536@example.com,Female,0,Yes,37,33.09,1232.21,One year,Credit card,0
10538,820615-4612511,user_537@example.com,Male,0,No,5,106.43,541.9,One year,Mailed check,0
10539,801009-4345453,user_538@example.com,Male,0,Yes,11,71.45,784.74,Month-to-month,Credit card,1
10540,730815-1925737,user_539@example.com,Female,0,No,2,65.34,,Month-to-month,Bank transfer,0
10541,830906-4852760,user_540@example.com,Female,0,No,61,29.2,1741.42,Month-to-month,Electronic check,1
10542,811204-1671485,user_541@example.com,Male,0,No,18,83.62,,One year,Mailed check,0
10543,730913-3459118,user_542@example.com,Female,0,Yes,5,105.52,515.77,One year,Electronic check,1
10544,750204-1831836,user_543@example.com,Female,0,Yes,22,101.53,2168.08,Month-to-month,Electronic check,1
10545,720204-4319306,user_544@example.com,Female,0,No,19,81.26,1553.34,Two year,Electronic check,1
10546,830907-1130786,user_545@example.com,Female,0,No,8,26.05,165.84,Month-to-month,Bank transfer,0
10547,760812-4771878,user_546@example.com,Male,0,Yes,2,29.77,,One year,Mailed check,0
10548,930917-2391189,user_547@example.com,Female,0,No,22,23.44,626.16,Month-to-month,Credit card,0
10549,730118-2482864,user_548@example.com,Male,0,No,14,44.31,581.01,One year,Electronic check,0
10550,840617-1457976,user_549@example.com,Male,0,Yes,29,32.1,947.52,Two year,Credit card,0
10551,950312-3945456,user_550@example.com,Female,0,No,14,44.57,536.2,One year,Mailed check,1
10552,910607-3956057,user_551@example.com,Female,1,No,38,57.1,2192.5,Month-to-month,Mailed check,1
10553,800416-1221778,user_552@example.com,Female,0,Yes,16,113.03,1764.19,Month-to-month,Credit card,0
10554,910709-1442427,user_553@example.com,Female,0,Yes,16,79.69,1243.8,Two year,Credit card,0
10555,820504-3320541,user_554@example.com,Male,1,No,41,102.21,4135.55,Month-to-month,Electronic check,1
10556,720415-1428537,user_555@example.com,Female,0,Yes,10,89.71,933.71,Month-to-month,Credit card,0
10557,830718-1226948,user_556@example.com,Female,0,Yes,2,29.78,109.93,One year,Credit card,0
10558,900408-3247475,user_557@example.com,Male,1,Yes,0,92.28,,Month-to-month,Bank transfer,0
10559,870519-4837346,user_558@example.com,Female,0,Yes,28,46.08,1247.02,Month-to-month,Electronic check,1
10560,920618-3614669,user_559@example.com,Female,1,Yes,19,82.57,1648.31,Two year,Electronic check,0
10561,930522-4150570,user_560@example.com,Male,0,No,24,52.68,,Month-to-month,Mailed check,1
10562,801216-3934366,user_561@example.com,Female,0,No,4,118.52,365.98,Month-to-month,Credit card,1
10563,960302-3313639,user_562@example.com,Male,1,Yes,2,44.92,112.76,One year,Bank transfer,1
10564,890804-3106646,user_563@example.com,Female,0,Yes,0,46.48,,Two year,Mailed check,0
10565,820626-1257084,user_564@example.com,Male,0,No,8,111.8,943.83,Month-to-month,Bank transfer,1
10566,960822-2152292,user_565@example.com,Male,0,No,17,20.97,,One year,Electronic check,0
10567,810210-3838094,user_566@example.com,Female,0,No,9,88.34,825.25,One year,Credit card,0
10568,961022-3558766,user_567@example.com,Male,0,Yes,11,91.21,1073.39,Month-to-month,Bank transfer,0
10569,850626-1146062,user_568@example.com,Female,0,No,46,102.35,4647.66,Month-to-month,Mailed check,0
10570,721016-2869104,user_569@example.com,Female,0,No,8,116.19,901.22,Month-to-month,Electronic check,1
10571,700411-1549025,user_570@example.com,Female,0,Yes,14,116.3,1624.42,One year,Bank transfer,0
10572,701228-2111178,user_571@example.com,Female,0,Yes,30,25.04,828.08,Two year,Bank transfer,0
10573,730811-1739773,user_572@example.com,Female,0,No,10,100.89,975.98,Month-to-month,Mailed check,1
10574,790527-3520503,user_573@example.com,Female,0,Yes,19,83.29,,Two year,Bank transfer,0
10575,961022-2240226,user_574@example.com,Female,1,Yes,39,83.4,3276.51,One year,Electronic check,0
10576,980626-1613903,user_575@example.com,Female,0,Yes,59,31.37,1821.97,Month-to-month,Bank transfer,0
10577,760203-2260809,user_576@example.com,Male,0,No,3,83.68,258.67,One year,Credit card,0
10578,850913-1357623,user_577@example.com,Female,0,No,52,116.99,6005.9,Month-to-month,Credit card,1
10579,930927-3809967,user_578@example.com,Male,0,No,13,109.91,1539.55,Two year,Mailed check,0
10580,800910-3205212,user_579@example.com,Male,0,No,5,62.52,245.21,One year,Credit card,0
10581,940522-3894284,user_580@example.com,Male,1,No,12,22.5,,One year,Credit card,1
10582,860411-1315296,user_581@example.com,Male,0,No,72,54.82,3945.42,One year,Bank transfer,1
10583,970103-3836462,user_582@example.com,Female,0,Yes,13,101.35,1413.18,One year,Electronic check,0
10584,700726-2904633,user_583@example.com,Female,0,No,7,88.83,,Two year,Electronic check,0
10585,980109-1667580,user_584@example.com,Male,0,No,20,64.55,1390.19,One year,Bank transfer,0
10586,751209-3840834,user_585@example.com,Male,0,No,5,24.02,157.96,Two year,Credit card,0
10587,880513-1330230,user_586@example.com,Male,0,Yes,1,61.3,82.15,One year,Bank transfer,0
10588,720414-2277208,user_587@example.com,Female,0,Yes,2,65.52,81.81,Month-to-month,Credit card,0
10589,790913-3285185,user_588@example.com,Female,0,No,2,111.59,251.74,Two year,Credit card,1
10590,850501-4386869,user_589@example.com,Female,0,Yes,3,82.77,212.14,One year,Credit card,0
10591,851026-2997905,user_590@example.com,Female,0,Yes,2,49.74,162.81,One year,Electronic check,0
10592,950507-1992856,user_591@example.com,Female,0,No,20,71.16,1374.65,Two year,Mailed check,0
10593,811122-2398613,user_592@example.com,Male,0,Yes,4,25.12,94.82,Month-to-month,Electronic check,0
10594,861111-1308417,user_593@example.com,Female,0,Yes,8,116.0,900.24,Month-to-month,Credit card,1
10595,970305-2880400,user_594@example.com,Male,0,No,45,54.6,2407.62,Month-to-month,Bank transfer,0
10596,851226-1909597,user_595@example.com,Male,0,Yes,12,66.41,833.99,One year,Bank transfer,0
10597,820505-4278674,user_596@example.com,Male,0,Yes,22,54.12,1217.41,Two year,Credit card,1
10598,761123-1273734,user_597@example.com,Male,0,No,3,86.92,321.21,Two year,Mailed check,0
10599,720306-3491477,user_598@example.com,Female,0,No,4,84.89,250.57,Month-to-month,Electronic check,1
10600,960405-3638034,user_599@example.com,Female,0,Yes,0,90.21,,One year,Electronic check,0
10601,940516-1820072,user_600@example.com,Female,0,Yes,3,45.38,261.41,Two year,Credit card,0
10602,950609-2772074,user_601@example.com,Female,0,No,6,50.15,278.32,One year,Credit card,1
10603,951023-1596921,user_602@example.com,Female,0,Yes,3,31.06,187.94,Month-to-month,Mailed check,1
10604,731127-2269953,user_603@example.com,Male,0,Yes,1,84.21,71.05,One year,Electronic check,0
10605,950318-4889372,user_604@example.com,Female,1,Yes,2,22.49,0.0,Two year,Mailed check,1
10606,950207-1688844,user_605@example.com,Female,0,Yes,12,78.42,925.76,Two year,Electronic check,0
10607,820603-3903561,user_606@example.com,Female,0,No,4,105.69,475.17,One year,Mailed check,0
10608,900511-4527945,user_607@example.com,Male,0,No,9,107.81,928.38,Two year,Mailed check,0
10609,731213-4880773,user_608@example.com,Male,0,No,14,63.52,859.26,Month-to-month,Mailed check,0
10610,800218-2217131,user_609@example.com,Female,0,Yes,23,64.55,1514.33,Month-to-month,Bank transfer,0
10611,860317-4140284,user_610@example.com,Male,1,Yes,0,26.22,,Two year,Bank transfer,0
10612,860911-4794252,user_611@example.com,Male,0,No,32,85.74,2772.91,Month-to-month,Bank transfer,0
10613,910814-2861167,user_612@example.com,Male,0,Yes,19,100.83,1927.66,Month-to-month,Electronic check,1
10614,840620-3260071,user_613@example.com,Male,0,No,1,43.03,67.01,Month-to-month,Mailed check,1
10615,750108-3718192,user_614@example.com,Female,0,No,41,60.74,2468.72,One year,Credit card,0
10616,780227-2395797,user_615@example.com,Female,0,Yes,50,102.59,5141.09,One year,Credit card,0
10617,930514-2128932,user_616@example.com,Male,0,Yes,1,106.43,60.06,Month-to-month,Electronic check,1
10618,860808-2185141,user_617@example.com,Male,1,No,6,42.88,,Two year,Electronic check,1
10619,960826-1552231,user_618@example.com,Male,0,Yes,32,73.69,2326.37,Two year,Credit card,0
10620,810703-1912349,user_619@example.com,Male,1,No,27,37.8,1077.04,Month-to-month,Mailed check,0
10621,971104-1259373,user_620@example.com,Male,0,Yes,4,28.71,103.16,Month-to-month,Bank transfer,0
10622,951018-2175462,user_621@example.com,Male,0,No,4,109.84,449.46,One year,Electronic check,0
10623,770427-3452446,user_622@example.com,Female,1,Yes,9,100.76,,One year,Electronic check,0
10624,790105-2263209,user_623@example.com,Male,0,Yes,13,94.69,1180.17,Month-to-month,Electronic check,0
10625,910717-1663187,user_624@example.com,Female,0,Yes,19,23.39,357.17,Month-to-month,Credit card,0
10626,810505-3852547,user_625@example.com,Female,0,No,9,103.08,,Month-to-month,Bank transfer,1
10627,950724-2214301,user_626@example.com,Female,0,No,12,62.41,732.72,Month-to-month,Mailed check,1
10628,701010-1628428,user_627@example.com,Male,0,Yes,27,52.83,1437.0,Month-to-month,Mailed check,1
10629,860904-1298630,user_628@example.com,Male,0,Yes,0,73.28,,One year,Credit card,0
10630,920218-4827924,user_629@example.com,Female,0,Yes,5,27.66,116.01,One year,Electronic check,0
10631,841017-3865694,user_630@example.com,Female,1,Yes,24,94.35,2220.3,One year,Credit card,0
10632,800711-4851414,user_631@example.com,Male,0,No,45,76.89,3387.91,Month-to-month,Credit card,1
10633,930319-4697624,user_632@example.com,Male,0,Yes,14,37.21,544.94,One year,Mailed check,0
10634,790408-1552225,user_633@example.com,Male,0,Yes,15,37.37,629.71,Month-to-month,Bank transfer,1
10635,981010-2249000,user_634@example.com,Male,1,No,2,36.97,137.26,Month-to-month,Mailed check,1
10636,870224-1816020,user_635@example.com,Male,0,Yes,11,24.21,301.81,One year,Credit card,0
10637,800608-4588167,user_636@example.com,Female,0,Yes,15,77.43,1193.38,One year,Credit card,0
10638,941011-3957816,user_637@example.com,Male,1,Yes,5,102.74,598.58,Month-to-month,Electronic check,1
10639,831103-1230171,user_638@example.com,Female,0,No,6,20.25,138.1,One year,Electronic check,0
10640,960523-3187272,user_639@example.com,Female,0,Yes,9,23.41,243.0,Two year,Credit card,0
10641,700612-4563589,user_640@example.com,Female,0,Yes,0,75.92,,One year,Mailed check,0
10642,980803-4910324,user_641@example.com,Female,0,No,7,100.65,636.45,One year,Electronic check,0
10643,801011-3305367,user_642@example.com,Male,0,No,4,51.26,170.85,Two year,Bank transfer,0
10644,760307-2422631,user_643@example.com,Female,1,Yes,7,53.55,374.39,One year,Bank transfer,1
10645,901121-2493677,user_644@example.com,Female,0,No,2,78.28,159.6,One year,Credit card,0
10646,960113-4497948,user_645@example.com,Male,0,No,44,45.99,2119.87,Month-to-month,Bank transfer,0
10647,750621-1800605,user_646@example.com,Male,0,No,18,21.17,385.12,Month-to-month,Bank transfer,0
10648,721215-3149967,user_647@example.com,Female,0,Yes,22,92.21,2087.56,One year,Electronic check,0
10649,870908-3661954,user_648@example.com,Male,0,Yes,31,81.22,2496.07,One year,Electronic check,0
10650,741005-4642469,user_649@example.com,Male,1,No,13,76.72,,Month-to-month,Mailed check,1
10651,920516-4641360,user_650@example.com,Male,1,No,1,92.85,26.4,Two year,Electronic check,0
10652,770421-1979554,user_651@example.com,Male,0,Yes,15,86.19,1255.73,Month-to-month,Mailed check,0
10653,871202-1392256,user_652@example.com,Male,0,Yes,17,39.14,691.73,One year,Electronic check,0
10654,910803-1823421,user_653@example.com,Female,0,Yes,27,53.84,1454.06,Month-to-month,Credit card,0
10655,950219-2358466,user_654@example.com,Male,1,Yes,11,31.14,389.69,Month-to-month,Mailed check,0
10656,941201-3348857,user_655@example.com,Male,0,No,2,31.52,,Two year,Credit card,0
10657,930908-1442368,user_656@example.com,Male,0,No,6,86.29,500.12,Month-to-month,Mailed check,1
10658,840115-4482902,user_657@example.com,Male,0,Yes,9,104.57,1048.54,Month-to-month,Bank transfer,1
10659,901003-1173203,user_658@example.com,Female,1,Yes,20,115.01,2295.5,Month-to-month,Mailed check,0
10660,830627-4308376,user_659@example.com,Male,0,No,16,81.49,1361.99,Month-to-month,Mailed check,0
10661,730827-4227771,user_660@example.com,Female,0,Yes,8,36.96,275.62,One year,Mailed check,0
10662,720827-3834941,user_661@example.com,Male,0,No,72,29.09,2129.96,Two year,Mailed check,0
10663,960517-2389262,user_662@example.com,Female,0,Yes,18,99.99,1846.22,Month-to-month,Mailed check,0
10664,800228-3407162,user_663@example.com,Male,0,Yes,5,76.52,393.02,One year,Bank transfer,0
10665,861106-1286601,user_664@example.com,Male,0,Yes,2,80.48,43.24,One year,Mailed check,0
10666,711124-1511885,user_665@example.com,Female,0,No,3,96.84,291.43,Two year,Credit card,0
10667,721222-2643631,user_666@example.com,Male,0,No,5,89.0,506.52,Two year,Mailed check,0
10668,831022-4600299,user_667@example.com,Female,0,No,3,102.15,332.82,One year,Mailed check,0
10669,741026-1950839,user_668@example.com,Male,1,No,4,24.14,118.85,Month-to-month,Credit card,0
10670,810323-1746643,user_669@example.com,Female,1,Yes,6,93.44,474.53,Month-to-month,Electronic check,1
10671,740706-1522373,user_670@example.com,Female,0,Yes,3,103.8,275.38,Month-to-month,Electronic check,0
10672,820211-4545841,user_671@example.com,Male,0,No,45,47.19,2144.12,One year,Bank transfer,0
10673,711013-4964827,user_672@example.com,Female,0,No,1,82.7,103.22,One year,Mailed check,0
10674,770716-1506312,user_673@example.com,Male,0,No,14,49.99,760.59,One year,Mailed check,0
10675,961108-1125848,user_674@example.com,Female,0,Yes,10,114.54,1138.16,One year,Electronic check,0
10676,890527-1943583,user_675@example.com,Male,0,Yes,72,21.85,1593.49,Month-to-month,Mailed check,0
10677,960924-1300591,user_676@example.com,Female,0,No,2,76.62,,One year,Bank transfer,0
10678,950627-2156746,user_677@example.com,Female,0,No,10,35.19,302.55,Month-to-month,Credit card,1
10679,841017-3678072,user_678@example.com,Male,0,No,69,89.9,6090.31,Month-to-month,Mailed check,1
10680,810404-1780527,user_679@example.com,Female,0,Yes,40,36.13,1466.75,Month-to-month,Credit card,0
10681,840827-1469587,user_680@example.com,Male,0,Yes,33,42.1,1398.0,Two year,Bank transfer,0
10682,771121-4489712,user_681@example.com,Male,1,Yes,5,68.06,309.39,Month-to-month,Electronic check,0
10683,720712-1275786,user_682@example.com,Male,0,No,3,110.21,249.67,Two year,Bank transfer,0
10684,740614-4709980,user_683@example.com,Male,0,Yes,22,39.72,,Month-to-month,Bank transfer,0
10685,860725-1732450,user_684@example.com,Male,0,Yes,53,32.96,1733.58,Month-to-month,Bank transfer,1
10686,730104-2418804,user_685@example.com,Male,1,Yes,16,94.59,,Two year,Bank transfer,0
10687,760524-3154400,user_686@example.com,Male,0,Yes,16,68.69,1192.24,One year,Credit card,0
10688,970223-3949937,user_687@example.com,Male,1,No,6,109.91,,Month-to-month,Bank transfer,0
10689,801214-1929403,user_688@example.com,Male,1,Yes,29,33.2,927.82,Month-to-month,Bank transfer,0
10690,790824-3711770,user_689@example.com,Male,0,Yes,4,83.25,322.53,Two year,Bank transfer,0
10691,950924-4979041,user_690@example.com,Male,0,No,7,41.85,365.69,Month-to-month,Bank transfer,0
10692,920828-3774184,user_691@example.com,Female,0,Yes,11,34.22,,One year,Credit card,1
10693,820728-3447424,user_692@example.com,Male,1,No,14,87.01,1314.93,Month-to-month,Bank transfer,0
10694,710527-2145456,user_693@example.com,Male,0,No,5,78.02,396.89,Month-to-month,Electronic check,1
10695,971015-4471030,user_694@example.com,Male,0,Yes,2,94.17,183.54,Month-to-month,Bank transfer,0
10696,900508-1112128,user_695@example.com,Female,0,Yes,18,49.52,,One year,Bank transfer,0
10697,950427-2901759,user_696@example.com,Male,0,Yes,6,63.41,358.65,One year,Mailed check,0
10698,940901-3997441,user_697@example.com,Male,1,No,17,59.15,1057.96,Month-to-month,Mailed check,1
10699,870213-1803784,user_698@example.com,Male,1,No,3,117.15,298.02,One year,Mailed check,0
10700,920702-2901220,user_699@example.com,Female,0,No,13,47.8,638.67,Two year,Bank transfer,0
10701,970723-1159938,user_700@example.com,Male,0,No,15,48.06,701.69,Two year,Electronic check,1
10702,830109-4968400,user_701@example.com,Female,0,Yes,1,54.04,15.93,Month-to-month,Electronic check,1
10703,770508-3736008,user_702@example.com,Male,0,Yes,8,75.1,730.1,Month-to-month,Mailed check,1
10704,710910-1622223,user_703@example.com,Male,0,No,2,43.8,108.55,Two year,Mailed check,0
10705,900106-2681897,user_704@example.com,Female,0,Yes,1,110.26,140.92,Month-to-month,Bank transfer,0
10706,951019-1951161,user_705@example.com,Female,0,No,72,45.13,3306.25,Month-to-month,Electronic check,0
10707,880313-4675832,user_706@example.com,Female,0,Yes,7,108.31,687.1,Two year,Electronic check,0
10708,980812-2225527,user_707@example.com,Male,0,No,33,28.87,1040.32,Month-to-month,Mailed check,0
10709,930125-1747167,user_708@example.com,Female,0,No,5,84.32,296.15,Month-to-month,Electronic check,0
10710,960209-3245337,user_709@example.com,Female,0,No,22,109.43,2369.02,Month-to-month,Mailed check,0
10711,700317-1173239,user_710@example.com,Male,0,Yes,28,35.42,968.81,Two year,Mailed check,1
10712,941204-4861582,user_711@example.com,Male,1,Yes,18,115.57,2109.35,Month-to-month,Credit card,0
10713,720419-2365872,user_712@example.com,Male,0,No,12,63.9,777.74,Two year,Credit card,0
10714,870819-4177835,user_713@example.com,Female,0,No,10,113.31,1124.76,One year,Bank transfer,0
10715,860301-3970671,user_714@example.com,Male,0,No,8,86.35,690.2,Month-to-month,Mailed check,0
10716,740128-1709142,user_715@example.com,Male,0,Yes,53,48.73,2533.79,Month-to-month,Bank transfer,1
10717,960825-2844359,user_716@example.com,Female,1,No,35,37.38,1233.44,Month-to-month,Credit card,1
10718,720723-2991670,user_717@example.com,Male,0,Yes,67,48.95,3315.98,One year,Electronic check,0
10719,810804-3246933,user_718@example.com,Male,1,Yes,2,27.82,90.33,Month-to-month,Credit card,1
10720,870709-1833955,user_719@example.com,Female,0,No,26,32.92,935.14,Two year,Credit card,0
10721,710718-2207896,user_720@example.com,Female,0,Yes,55,28.99,1554.95,Month-to-month,Credit card,0
10722,711003-3419265,user_721@example.com,Female,1,No,3,60.9,217.34,Month-to-month,Electronic check,0
10723,950309-3603262,user_722@example.com,Female,0,No,1,98.26,,Month-to-month,Credit card,1
10724,801103-1545934,user_723@example.com,Female,0,Yes,27,32.67,941.61,One year,Mailed check,0
10725,920116-2121008,user_724@example.com,Male,1,Yes,17,31.56,587.62,Month-to-month,Mailed check,1
10726,841013-2549168,user_725@example.com,Female,0,Yes,36,83.0,2998.56,Month-to-month,Credit card,0
10727,701004-2460031,user_726@example.com,Female,0,Yes,3,38.27,97.83,Two year,Bank transfer,0
10728,970301-3911552,user_727@example.com,Male,1,Yes,31,28.29,925.04,One year,Bank transfer,0
10729,880427-1736890,user_728@example.com,Female,0,Yes,4,35.23,173.27,One year,Electronic check,1
10730,830803-3467996,user_729@example.com,Female,0,Yes,3,111.1,299.08,One year,Electronic check,1
10731,941109-2458969,user_730@example.com,Male,0,No,3,100.85,236.16,One year,Mailed check,0
10732,731005-1977768,user_731@example.com,Male,0,Yes,33,53.99,,Month-to-month,Mailed check,1
10733,700715-3874806,user_732@example.com,Male,0,No,21,84.25,1845.02,Month-to-month,Credit card,1
10734,950117-3287245,user_733@example.com,Male,1,Yes,14,72.36,1070.36,Two year,Bank transfer,0
10735,780704-1139163,user_734@example.com,Male,1,Yes,8,86.38,635.42,Month-to-month,Mailed check,1
10736,740318-1432931,user_735@example.com,Male,0,No,41,86.94,3506.15,One year,Bank transfer,1
10737,760116-1981048,user_736@example.com,Female,1,No,9,81.53,,Month-to-month,Electronic check,0
10738,950606-2356574,user_737@example.com,Male,0,No,33,45.18,1434.16,Month-to-month,Electronic check,0
10739,910511-1178131,user_738@example.com,Male,0,No,11,22.41,271.97,Month-to-month,Credit card,1
10740,790121-1746499,user_739@example.com,Male,1,Yes,9,64.17,546.73,Month-to-month,Credit card,0
10741,770108-2695135,user_740@example.com,Male,0,Yes,12,107.82,1374.69,One year,Mailed check,0
10742,860925-2640288,user_741@example.com,Female,0,No,7,75.59,490.61,Month-to-month,Bank transfer,0
10743,920709-1451117,user_742@example.com,Male,0,Yes,27,101.95,2809.82,Month-to-month,Mailed check,0
10744,931211-4813494,user_743@example.com,Female,0,Yes,13,117.91,1542.07,Two year,Mailed check,0
10745,810617-3479930,user_744@example.com,Female,0,No,5,34.9,187.11,Month-to-month,Bank transfer,0
10746,771221-4834676,user_745@example.com,Male,1,No,45,87.85,3854.73,Two year,Mailed check,0
10747,901003-4682755,user_746@example.com,Female,0,Yes,9,86.1,664.75,Two year,Credit card,0
10748,770522-2111329,user_747@example.com,Male,0,No,15,116.74,1740.07,Two year,Bank transfer,0
10749,940824-2990372,user_748@example.com,Female,0,Yes,47,117.31,,Two year,Bank transfer,0
10750,850515-3835436,user_749@example.com,Female,0,No,19,87.34,1603.2,Month-to-month,Mailed check,0
10751,800225-3624901,user_750@example.com,Female,1,Yes,2,42.92,31.41,Two year,Bank transfer,0
10752,770421-2772879,user_751@example.com,Female,0,No,56,98.56,5547.43,Two year,Credit card,0
10753,901126-4143322,user_752@example.com,Male,0,No,19,29.23,583.51,Two year,Credit card,0
10754,710604-2988138,user_753@example.com,Female,1,No,8,96.77,767.27,Month-to-month,Electronic check,0
10755,731003-4807749,user_754@example.com,Male,1,No,2,109.75,258.51,Two year,Electronic check,1
10756,780426-3850697,user_755@example.com,Female,0,Yes,31,56.88,1704.57,One year,Electronic check,0
10757,811011-3233685,user_756@example.com,Male,0,Yes,19,81.72,1534.88,One year,Electronic check,0
10758,750620-2824453,user_757@example.com,Female,0,Yes,15,61.62,1006.69,Month-to-month,Mailed check,1
10759,810714-2939192,user_758@example.com,Male,0,Yes,44,62.39,2748.58,Month-to-month,Electronic check,0
10760,920310-2801030,user_759@example.com,Female,0,No,31,49.61,1544.23,Two year,Electronic check,0
10761,951014-1335029,user_760@example.com,Male,0,Yes,3,94.9,400.0,Month-to-month,Electronic check,1
10762,800720-4340785,user_761@example.com,Male,0,No,7,112.35,716.48,Month-to-month,Electronic check,0
10763,800425-3922086,user_762@example.com,Female,0,Yes,5,112.81,603.87,Two year,Mailed check,0
10764,980419-2324541,user_763@example.com,Female,0,No,27,36.02,1055.74,Month-to-month,Electronic check,0
10765,900211-2856041,user_764@example.com,Female,0,Yes,0,106.19,,Month-to-month,Bank transfer,0
10766,830423-4213313,user_765@example.com,Female,0,No,16,92.43,1521.86,Month-to-month,Credit card,0
10767,950605-3869716,user_766@example.com,Female,1,Yes,28,43.85,1178.7,Month-to-month,Bank transfer,0
10768,841007-3964615,user_767@example.com,Male,1,No,41,25.25,1000.91,Month-to-month,Mailed check,0
10769,840704-1839422,user_768@example.com,Male,0,No,8,45.37,382.21,Month-to-month,Mailed check,1
10770,980526-3462863,user_769@example.com,Female,1,Yes,34,109.95,3778.23,Month-to-month,Mailed check,1
10771,890228-3905688,user_770@example.com,Female,0,Yes,2,81.98,220.01,One year,Credit card,0
10772,700804-1580018,user_771@example.com,Female,1,No,37,90.79,3437.71,Two year,Electronic check,0
10773,760326-4701942,user_772@example.com,Female,0,Yes,2,44.28,85.19,Month-to-month,Mailed check,1
10774,710324-3199018,user_773@example.com,Female,0,Yes,10,90.62,965.88,Month-to-month,Electronic check,0
10775,880813-4413320,user_774@example.com,Male,0,No,31,21.32,643.8,Month-to-month,Mailed check,0
10776,710215-3952778,user_775@example.com,Male,0,No,3,56.13,213.49,Two year,Credit card,0
10777,930518-2519577,user_776@example.com,Male,0,No,5,81.33,417.02,Two year,Bank transfer,0
10778,900313-1265567,user_777@example.com,Female,1,Yes,25,33.15,851.03,Month-to-month,Bank transfer,1
10779,850225-2761040,user_778@example.com,Female,0,Yes,25,101.01,2546.43,Month-to-month,Credit card,1
10780,950627-2348019,user_779@example.com,Female,0,No,20,42.06,760.96,One year,Electronic check,0
10781,980210-4271610,user_780@example.com,Male,1,Yes,23,83.89,1873.26,One year,Mailed check,0
10782,720620-1819226,user_781@example.com,Female,0,Yes,15,59.12,891.93,Month-to-month,Bank transfer,0
10783,940526-4960282,user_782@example.com,Female,0,Yes,5,78.25,306.89,One year,Credit card,0
10784,770216-4490157,user_783@example.com,Female,0,No,8,29.27,275.72,One year,Electronic check,0
10785,751127-2676078,user_784@example.com,Male,0,Yes,4,20.2,124.38,Two year,Bank transfer,0
10786,750516-2122388,user_785@example.com,Male,1,Yes,47,109.68,5171.32,Month-to-month,Credit card,1
10787,700323-4985271,user_786@example.com,Male,0,No,17,45.53,717.95,Two year,Mailed check,0
10788,720714-2318205,user_787@example.com,Male,0,Yes,10,100.67,1075.71,Month-to-month,Credit card,1
10789,930322-2491270,user_788@example.com,Male,0,No,12,118.68,1526.02,One year,Electronic check,0
10790,820406-2434898,user_789@example.com,Male,1,Yes,58,39.7,2309.95,One year,Bank transfer,0
10791,840320-1216591,user_790@example.com,Female,0,Yes,3,45.08,160.77,Month-to-month,Mailed check,1
10792,820627-2485459,user_791@example.com,Female,0,No,17,84.95,1454.24,One year,Electronic check,0
10793,770526-2744227,user_792@example.com,Female,0,No,14,115.29,1640.58,Month-to-month,Credit card,1
10794,761015-2139119,user_793@example.com,Male,1,No,18,110.31,1979.6,Month-to-month,Bank transfer,0
10795,770217-2500527,user_794@example.com,Male,0,Yes,0,68.91,,Month-to-month,Bank transfer,0
10796,711124-1967572,user_795@example.com,Male,0,Yes,41,98.21,4071.9,Month-to-month,Electronic check,0
10797,871112-1324181,user_796@example.com,Male,0,No,53,32.11,1819.11,Month-to-month,Mailed check,1
10798,930222-2479744,user_797@example.com,Female,0,No,16,116.49,1793.84,Two year,Electronic check,0
10799,781208-4731395,user_798@example.com,Female,0,Yes,23,115.18,2643.95,Month-to-month,Bank transfer,0
10800,760408-2104017,user_799@example.com,Male,0,Yes,51,34.91,1721.39,Month-to-month,Bank transfer,0
10801,870304-3763333,user_800@example.com,Male,0,No,24,48.52,1244.08,Month-to-month,Bank transfer,0
10802,901013-2203830,user_801@example.com,Male,1,Yes,3,28.54,56.23,Month-to-month,Mailed check,1
10803,910427-2308680,user_802@example.com,Female,0,No,17,45.74,705.42,Month-to-month,Bank transfer,0
10804,760124-4752698,user_803@example.com,Male,0,Yes,18,100.3,1837.31,Month-to-month,Bank transfer,0
10805,711219-1187521,user_804@example.com,Female,0,Yes,11,56.43,,Month-to-month,Electronic check,1
10806,960518-1418725,user_805@example.com,Female,0,Yes,26,27.36,744.54,Month-to-month,Bank transfer,0
10807,750628-3208271,user_806@example.com,Male,0,Yes,54,52.81,,One year,Credit card,0
10808,850327-3951001,user_807@example.com,Male,0,Yes,51,116.88,5981.34,One year,Electronic check,0
10809,920406-4946402,user_808@example.com,Male,0,No,11,81.63,968.67,Month-to-month,Bank transfer,1
10810,940903-2662100,user_809@example.com,Female,0,No,2,60.22,76.73,Month-to-month,Electronic check,0
10811,890826-1142075,user_810@example.com,Female,1,No,72,35.2,2528.81,Two year,Electronic check,0
10812,780521-3653391,user_811@example.com,Female,0,No,36,117.36,4202.33,Month-to-month,Credit card,0
10813,720917-4592831,user_812@example.com,Female,0,No,2,100.79,143.19,Two year,Electronic check,1
10814,720707-1636095,user_813@example.com,Female,1,No,50,46.72,2319.58,Month-to-month,Electronic check,1
10815,750408-4624441,user_814@example.com,Female,0,Yes,40,25.52,1076.19,Month-to-month,Mailed check,0
10816,840616-4291684,user_815@example.com,Male,0,No,14,24.18,366.85,One year,Bank transfer,0
10817,811006-3319420,user_816@example.com,Male,0,Yes,17,30.57,551.91,Two year,Mailed check,0
10818,881007-1227424,user_817@example.com,Male,1,No,10,76.72,774.52,Month-to-month,Bank transfer,1
10819,700122-4690861,user_818@example.com,Female,0,No,1,111.61,137.78,Month-to-month,Electronic check,0
10820,750120-4901987,user_819@example.com,Male,0,No,8,68.3,506.37,Month-to-month,Bank transfer,0
10821,710113-4584675,user_820@example.com,Male,0,Yes,32,103.01,,Two year,Electronic check,0
10822,711213-1221208,user_821@example.com,Male,0,Yes,0,63.2,,One year,Bank transfer,0
10823,920421-4202362,user_822@example.com,Female,0,Yes,8,89.54,730.2,Month-to-month,Electronic check,0
10824,820516-4132293,user_823@example.com,Male,0,No,10,91.87,934.71,Month-to-month,Bank transfer,0
10825,851022-4313836,user_824@example.com,Male,1,No,15,35.94,532.18,Month-to-month,Bank transfer,0
10826,800501-4281954,user_825@example.com,Female,0,Yes,50,54.71,2716.63,Month-to-month,Bank transfer,0
10827,870716-1500012,user_826@example.com,Male,0,No,8,82.39,817.01,Month-to-month,Electronic check,1
10828,760815-4803481,user_827@example.com,Male,0,No,8,25.59,250.06,One year,Bank transfer,0
10829,840517-2572661,user_828@example.com,Female,0,No,26,54.74,1443.9,Month-to-month,Electronic check,0
10830,800813-2706830,user_829@example.com,Male,0,No,12,72.11,853.66,Month-to-month,Mailed check,1
10831,711125-3497717,user_830@example.com,Female,0,No,5,118.37,,One year,Bank transfer,0
10832,700908-2175696,user_831@example.com,Female,1,Yes,12,66.07,786.3,Month-to-month,Credit card,0
10833,770705-3556988,user_832@example.com,Male,0,Yes,3,100.31,315.57,Month-to-month,Credit card,1
10834,750425-1504476,user_833@example.com,Female,1,No,3,61.81,91.41,Month-to-month,Electronic check,0
10835,950116-4849320,user_834@example.com,Male,0,No,13,98.34,1199.95,Month-to-month,Credit card,1
10836,881202-4789555,user_835@example.com,Male,0,Yes,10,78.19,750.06,Two year,Electronic check,0
10837,780405-2855776,user_836@example.com,Male,1,No,49,107.38,,One year,Electronic check,0
10838,820203-4881348,user_837@example.com,Male,0,No,9,59.7,525.34,Month-to-month,Credit card,0
10839,821026-3717706,user_838@example.com,Male,0,No,17,79.08,1418.27,Month-to-month,Credit card,0
10840,701127-3613783,user_839@example.com,Female,0,No,20,81.66,1559.08,Month-to-month,Mailed check,0
10841,930415-3339982,user_840@example.com,Female,0,No,0,60.34,,One year,Electronic check,0
10842,730323-2903205,user_841@example.com,Male,0,No,21,32.97,768.37,Month-to-month,Credit card,1
10843,700912-2427932,user_842@example.com,Female,0,Yes,3,27.88,90.2,Month-to-month,Mailed check,0
10844,720519-3187843,user_843@example.com,Male,0,Yes,64,20.17,1335.12,Month-to-month,Mailed check,1
10845,821002-1899137,user_844@example.com,Male,0,No,3,106.07,420.77,Month-to-month,Electronic check,0
10846,791128-4530638,user_845@example.com,Male,0,Yes,10,42.21,,One year,Bank transfer,0
10847,720219-3129792,user_846@example.com,Male,0,No,1,39.7,34.73,Two year,Credit card,0
10848,880320-1163871,user_847@example.com,Female,0,Yes,72,92.29,6631.26,Two year,Credit card,0
10849,770917-1553413,user_848@example.com,Male,1,No,13,50.58,559.81,Month-to-month,Credit card,1
10850,861221-2165179,user_849@example.com,Male,0,Yes,18,69.23,1230.62,One year,Credit card,1
10851,700812-1620661,user_850@example.com,Male,0,No,1,34.79,78.84,One year,Credit card,0
10852,890812-1483792,user_851@example.com,Male,0,Yes,27,114.71,3124.2,Two year,Credit card,0
10853,830704-1255033,user_852@example.com,Female,0,No,4,103.87,,Month-to-month,Mailed check,1
10854,960807-1190864,user_853@example.com,Male,1,No,45,105.09,4710.27,One year,Electronic check,0
10855,700226-2303880,user_854@example.com,Female,0,No,4,59.28,204.32,Month-to-month,Mailed check,0
10856,740107-2743842,user_855@example.com,Female,0,Yes,4,94.93,443.18,One year,Credit card,1
10857,730319-1783659,user_856@example.com,Female,0,No,0,32.92,,Month-to-month,Electronic check,0
10858,840424-1893615,user_857@example.com,Female,0,No,12,19.36,247.02,One year,Credit card,0
10859,980617-1803766,user_858@example.com,Male,0,No,16,20.5,336.17,Two year,Electronic check,0
10860,821201-1845035,user_859@example.com,Female,0,Yes,1,77.31,150.4,Month-to-month,Mailed check,1
10861,960922-3756445,user_860@example.com,Female,1,No,29,64.15,1908.92,Month-to-month,Electronic check,1
10862,710209-4174076,user_861@example.com,Female,0,Yes,12,70.43,,Month-to-month,Mailed check,0
10863,890610-2107102,user_862@example.com,Female,0,Yes,14,19.25,210.12,Month-to-month,Credit card,0
10864,730219-2567725,user_863@example.com,Female,1,No,11,60.87,698.52,Month-to-month,Electronic check,1
10865,770505-4429866,user_864@example.com,Male,0,No,10,90.49,901.68,Month-to-month,Bank transfer,1
10866,930721-3360927,user_865@example.com,Male,1,No,16,62.88,983.32,Two year,Bank transfer,1
10867,860303-2596869,user_866@example.com,Female,1,No,3,91.9,326.48,Month-to-month,Mailed check,0
10868,880419-3935251,user_867@example.com,Female,0,Yes,4,41.86,176.81,One year,Mailed check,0
10869,900720-4890381,user_868@example.com,Male,0,Yes,39,100.02,3903.4,Two year,Mailed check,0
10870,910922-1136174,user_869@example.com,Female,0,No,58,77.49,4533.41,Two year,Mailed check,0
10871,810124-1671922,user_870@example.com,Male,1,No,9,39.63,337.91,One year,Credit card,0
10872,791202-1883704,user_871@example.com,Female,0,Yes,6,42.23,331.81,Month-to-month,Bank transfer,0
10873,741028-4746286,user_872@example.com,Female,0,No,20,81.46,,Two year,Mailed check,0
10874,890713-4193738,user_873@example.com,Male,0,Yes,10,101.7,1049.85,Month-to-month,Electronic check,0
10875,870916-4792443,user_874@example.com,Female,0,Yes,0,60.17,,Two year,Electronic check,0
10876,840424-4873868,user_875@example.com,Female,0,Yes,3,44.39,64.31,One year,Credit card,0
10877,780220-4438938,user_876@example.com,Male,1,Yes,25,105.42,2618.33,One year,Mailed check,0
10878,910721-2785035,user_877@example.com,Female,1,Yes,21,85.59,1854.5,Month-to-month,Electronic check,0
10879,790714-3248579,user_878@example.com,Male,0,Yes,0,63.42,,One year,Mailed check,0
10880,770319-1280898,user_879@example.com,Female,0,No,5,67.41,328.48,Two year,Electronic check,1
10881,790221-2447285,user_880@example.com,Male,0,No,5,38.98,158.17,Two year,Credit card,0
10882,850307-3587406,user_881@example.com,Female,0,No,22,81.34,1837.28,Month-to-month,Electronic check,1
10883,810213-2791347,user_882@example.com,Male,0,No,0,54.46,,Two year,Mailed check,0
10884,880724-3891904,user_883@example.com,Male,1,No,2,118.31,178.39,Month-to-month,Mailed check,1
10885,900201-1517430,user_884@example.com,Male,1,Yes,32,66.64,2072.28,One year,Credit card,0
10886,950405-2847727,user_885@example.com,Female,0,Yes,3,67.21,212.89,One year,Bank transfer,0
10887,771110-2467810,user_886@example.com,Female,0,Yes,21,75.23,1611.3,Month-to-month,Mailed check,0
10888,921117-2176720,user_887@example.com,Male,0,No,5,110.4,537.05,Month-to-month,Bank transfer,1
10889,830701-4850648,user_888@example.com,Female,0,Yes,2,98.78,,One year,Mailed check,0
10890,780824-3340387,user_889@example.com,Male,0,Yes,5,63.73,283.14,Month-to-month,Credit card,1
10891,890525-3229267,user_890@example.com,Female,0,No,25,90.55,2158.02,Month-to-month,Electronic check,1
10892,950507-1724725,user_891@example.com,Male,0,Yes,38,77.27,2915.06,One year,Bank transfer,1
10893,720622-3431611,user_892@example.com,Female,0,No,35,67.86,2378.26,Two year,Electronic check,0
10894,790123-3650464,user_893@example.com,Female,0,Yes,10,37.78,364.01,One year,Credit card,0
10895,700514-2844161,user_894@example.com,Female,0,No,22,65.01,1372.29,Month-to-month,Credit card,0
10896,711220-2491406,user_895@example.com,Female,0,Yes,4,43.14,81.78,Month-to-month,Credit card,0
10897,961228-3205799,user_896@example.com,Female,0,No,6,110.21,635.56,One year,Mailed check,0
10898,801023-1407334,user_897@example.com,Female,0,No,45,52.12,2390.28,One year,Mailed check,0
10899,890925-3132953,user_898@example.com,Female,0,Yes,0,113.96,,One year,Mailed check,0
10900,930118-4598204,user_899@example.com,Female,0,No,1,71.94,131.33,Two year,Mailed check,0
10901,770608-2329111,user_900@example.com,Male,0,No,4,81.81,286.44,Month-to-month,Bank transfer,0
10902,710307-3992796,user_901@example.com,Male,0,Yes,0,72.93,,Month-to-month,Credit card,1
10903,841102-2633265,user_902@example.com,Male,0,Yes,4,31.47,150.71,Two year,Bank transfer,1
10904,830227-2233795,user_903@example.com,Female,0,Yes,17,56.18,986.82,Month-to-month,Mailed check,1
10905,830715-2526788,user_904@example.com,Female,1,Yes,10,28.44,304.41,One year,Electronic check,0
10906,890211-4114539,user_905@example.com,Male,0,Yes,44,80.95,3461.1,Two year,Bank transfer,0
10907,871108-2947197,user_906@example.com,Male,0,Yes,34,63.3,2108.86,Two year,Electronic check,0
10908,731221-3575519,user_907@example.com,Male,0,No,8,96.49,770.44,One year,Mailed check,0
10909,800102-3574119,user_908@example.com,Male,1,Yes,6,40.6,267.96,Month-to-month,Bank transfer,1
10910,850103-2446607,user_909@example.com,Male,0,Yes,9,35.0,353.37,Two year,Bank transfer,0
10911,901220-4115020,user_910@example.com,Male,0,Yes,17,59.23,1014.12,One year,Bank transfer,0
10912,891104-4687765,user_911@example.com,Male,0,No,6,111.39,684.88,Month-to-month,Electronic check,1
10913,710407-3392048,user_912@example.com,Male,0,Yes,19,89.72,1708.92,One year,Mailed check,0
10914,791225-3846101,user_913@example.com,Male,0,No,10,60.5,639.28,Month-to-month,Credit card,0
10915,850222-1587688,user_914@example.com,Male,0,Yes,16,70.36,1141.4,Two year,Credit card,1
10916,810116-1152050,user_915@example.com,Female,0,No,11,26.94,299.63,Month-to-month,Mailed check,0
10917,941217-2405058,user_916@example.com,Female,0,Yes,6,117.2,689.78,Two year,Bank transfer,1
10918,861115-3138382,user_917@example.com,Female,0,Yes,59,85.31,5037.35,Two year,Credit card,0
10919,871012-4523211,user_918@example.com,Male,0,No,28,47.11,1343.31,Two year,Bank transfer,0
10920,930311-3566889,user_919@example.com,Male,0,Yes,3,77.23,245.06,One year,Mailed check,0
10921,910711-3775993,user_920@example.com,Female,0,Yes,40,29.48,1198.24,Two year,Electronic check,0
10922,700404-1631645,user_921@example.com,Female,0,No,13,115.33,1566.43,Month-to-month,Bank transfer,0
10923,950508-4384332,user_922@example.com,Male,0,Yes,44,36.02,1598.14,Month-to-month,Electronic check,0
10924,860501-4981090,user_923@example.com,Female,1,No,32,83.47,2638.59,Two year,Electronic check,0
10925,931021-3775709,user_924@example.com,Female,0,Yes,11,43.11,518.39,Month-to-month,Mailed check,0
10926,860628-2162263,user_925@example.com,Female,1,Yes,0,90.44,,Month-to-month,Mailed check,1
10927,910427-4507406,user_926@example.com,Female,1,No,6,96.38,524.21,Month-to-month,Electronic check,0
10928,770624-4883125,user_927@example.com,Female,0,Yes,15,86.01,1306.94,Month-to-month,Electronic check,0
10929,840427-4726069,user_928@example.com,Female,1,No,20,80.1,1627.82,One year,Credit card,0
10930,780823-1952134,user_929@example.com,Female,0,Yes,5,107.97,477.6,One year,Credit card,0
10931,860805-3850406,user_930@example.com,Female,0,No,3,26.38,60.0,Month-to-month,Mailed check,0
10932,770722-4422341,user_931@example.com,Female,1,Yes,36,51.67,1829.82,Two year,Bank transfer,0
10933,900504-4345558,user_932@example.com,Male,0,No,72,43.39,3099.75,Month-to-month,Electronic check,0
10934,981227-2832994,user_933@example.com,Female,0,Yes,14,117.55,1692.88,One year,Bank transfer,0
10935,740308-3278724,user_934@example.com,Male,0,Yes,3,57.54,,Month-to-month,Electronic check,1
10936,961006-1559165,user_935@example.com,Male,0,No,6,91.94,,One year,Mailed check,0
10937,800409-3994415,user_936@example.com,Male,0,No,0,87.14,,Month-to-month,Bank transfer,1
10938,840515-1468910,user_937@example.com,Female,0,Yes,49,39.76,,Month-to-month,Mailed check,0
10939,731216-2671366,user_938@example.com,Female,0,No,2,42.46,155.93,Two year,Electronic check,0
10940,920821-2504986,user_939@example.com,Female,1,No,17,46.7,823.51,Month-to-month,Mailed check,1
10941,711226-4220897,user_940@example.com,Female,0,No,6,59.72,,Two year,Bank transfer,0
10942,830320-2157813,user_941@example.com,Female,0,No,16,41.99,707.82,One year,Credit card,0
10943,880103-4852760,user_942@example.com,Female,0,Yes,21,20.47,426.36,Month-to-month,Mailed check,1
10944,790813-4426806,user_943@example.com,Female,0,No,35,106.66,3718.74,One year,Bank transfer,0
10945,980918-3684912,user_944@example.com,Female,0,Yes,4,115.3,482.96,Month-to-month,Mailed check,0
10946,770207-3943146,user_945@example.com,Female,0,No,0,52.74,,Month-to-month,Mailed check,0
10947,720219-4418391,user_946@example.com,Male,0,Yes,2,52.44,87.69,Two year,Credit card,0
10948,970911-4391050,user_947@example.com,Female,1,No,46,19.21,889.73,Month-to-month,Bank transfer,0
10949,711209-2222699,user_948@example.com,Female,0,Yes,41,86.7,3529.73,One year,Bank transfer,0
10950,870905-3640981,user_949@example.com,Female,0,Yes,18,101.25,1855.95,Month-to-month,Bank transfer,1
10951,861202-4953568,user_950@example.com,Male,0,Yes,18,33.2,691.05,One year,Electronic check,0
10952,890213-4864544,user_951@example.com,Female,1,No,21,34.51,687.0,Month-to-month,Mailed check,1
10953,880420-3367873,user_952@example.com,Female,0,No,3,97.71,209.87,Month-to-month,Credit card,0
10954,810826-1508282,user_953@example.com,Male,0,No,49,80.28,,Two year,Bank transfer,0
10955,870523-1216363,user_954@example.com,Female,0,No,10,23.0,222.48,Month-to-month,Credit card,1
10956,880109-1270807,user_955@example.com,Male,0,Yes,9,80.91,,One year,Electronic check,0
10957,870728-3141893,user_956@example.com,Male,0,No,14,49.47,702.97,One year,Electronic check,1
10958,910424-4809675,user_957@example.com,Female,1,Yes,0,55.46,,One year,Credit card,0
10959,740721-1494155,user_958@example.com,Female,0,No,3,95.67,206.85,One year,Bank transfer,0
10960,730619-2913509,user_959@example.com,Male,1,Yes,26,99.8,2504.06,Month-to-month,Credit card,1
10961,801122-2669021,user_960@example.com,Female,0,Yes,1,58.64,73.44,Month-to-month,Bank transfer,0
10962,960308-4816954,user_961@example.com,Male,0,Yes,18,113.45,2048.87,Two year,Bank transfer,0
10963,850207-3466279,user_962@example.com,Female,0,No,5,59.25,274.96,Two year,Electronic check,0
10964,960406-4581327,user_963@example.com,Male,0,Yes,9,95.88,780.06,Month-to-month,Credit card,0
10965,740906-2732571,user_964@example.com,Female,0,Yes,6,67.01,425.63,Month-to-month,Electronic check,1
10966,980207-4368744,user_965@example.com,Male,1,No,8,108.48,931.43,One year,Mailed check,0
10967,840514-1378555,user_966@example.com,Male,1,No,25,109.5,2751.4,Two year,Electronic check,0
10968,821105-1427780,user_967@example.com,Male,0,Yes,7,27.26,148.45,Two year,Bank transfer,0
10969,950803-1802275,user_968@example.com,Female,0,No,16,112.38,,Two year,Credit card,0
10970,891117-2806313,user_969@example.com,Male,1,Yes,12,101.26,1146.81,Month-to-month,Mailed check,1
10971,740521-4275472,user_970@example.com,Female,0,No,21,97.83,2107.33,Two year,Mailed check,0
10972,850110-4734705,user_971@example.com,Female,1,Yes,55,38.64,,Two year,Mailed check,0
10973,700828-4920627,user_972@example.com,Male,1,No,26,99.21,2491.05,Month-to-month,Mailed check,0
10974,750814-1605909,user_973@example.com,Male,0,Yes,4,103.73,399.89,Month-to-month,Credit card,1
10975,730616-2595746,user_974@example.com,Female,0,No,0,47.49,,Month-to-month,Bank transfer,0
10976,730608-1112157,user_975@example.com,Male,0,No,6,113.96,667.11,One year,Mailed check,0
10977,830704-2207922,user_976@example.com,Male,1,No,18,23.5,409.21,Month-to-month,Bank transfer,1
10978,800816-2270731,user_977@example.com,Female,0,No,1,33.53,0.0,Month-to-month,Electronic check,1
10979,770925-2521561,user_978@example.com,Male,0,No,13,72.39,969.4,Month-to-month,Bank transfer,0
10980,861214-3550568,user_979@example.com,Female,0,No,18,76.22,1339.54,Month-to-month,Mailed check,1
10981,891028-2570704,user_980@example.com,Male,0,Yes,8,83.18,557.62,Month-to-month,Electronic check,1
10982,740421-3367476,user_981@example.com,Male,1,Yes,29,20.2,567.24,One year,Electronic check,0
10983,930603-4767278,user_982@example.com,Female,0,Yes,2,114.78,278.62,Month-to-month,Electronic check,1
10984,940809-4250815,user_983@example.com,Male,0,Yes,1,22.97,3.62,Two year,Mailed check,0
10985,820827-3584276,user_984@example.com,Female,1,Yes,26,32.84,940.74,Two year,Bank transfer,1
10986,760117-3777811,user_985@example.com,Male,1,Yes,13,19.9,280.15,Two year,Credit card,0
10987,860802-3949316,user_986@example.com,Male,0,Yes,23,75.33,1749.53,One year,Bank transfer,0
10988,850611-2773226,user_987@example.com,Female,0,No,11,111.96,1225.14,Month-to-month,Mailed check,1
10989,700303-4273909,user_988@example.com,Female,0,Yes,5,85.26,422.89,Month-to-month,Mailed check,1
10990,870120-1265764,user_989@example.com,Female,0,No,34,100.97,3419.81,Month-to-month,Electronic check,1
10991,811124-2486321,user_990@example.com,Female,0,No,32,19.83,619.45,Two year,Bank transfer,0
10992,770822-4847500,user_991@example.com,Female,0,No,23,72.84,1701.86,Month-to-month,Mailed check,1
10993,710716-4468199,user_992@example.com,Male,0,Yes,6,64.57,340.63,One year,Mailed check,0
10994,730911-4504075,user_993@example.com,Female,1,No,17,68.52,1111.05,One year,Credit card,1
10995,880412-4356080,user_994@example.com,Female,1,No,8,25.74,149.76,Two year,Bank transfer,0
10996,831017-1934771,user_995@example.com,Female,0,No,1,87.11,189.39,One year,Electronic check,0
10997,700602-1155039,user_996@example.com,Female,0,Yes,49,68.95,3405.07,One year,Electronic check,0
10998,920601-4136492,user_997@example.com,Female,0,Yes,2,95.21,205.64,Month-to-month,Electronic check,0
10999,831012-1104693,user_998@example.com,Female,0,No,60,67.15,3976.12,One year,Bank transfer,1
11000,870719-2777006,user_999@example.com,Female,0,No,11,33.48,399.45,Month-to-month,Mailed check,0
11001,760905-1320292,user_1000@example.com,Male,0,No,4,83.49,328.13,Two year,Mailed check,0
11002,930819-4372395,user_1001@example.com,Female,0,No,15,35.78,547.41,Month-to-month,Credit card,1
11003,770823-2738931,user_1002@example.com,Male,0,Yes,41,105.96,4295.53,Month-to-month,Credit card,0
11004,950902-2138848,user_1003@example.com,Male,0,No,26,79.96,2086.97,Two year,Mailed check,0
11005,801203-3865427,user_1004@example.com,Male,0,No,32,34.26,,Month-to-month,Mailed check,0
11006,881016-2913960,user_1005@example.com,Male,0,No,21,114.97,2376.09,Two year,Bank transfer,0
11007,770616-4763391,user_1006@example.com,Female,0,Yes,23,70.47,1657.52,Two year,Credit card,0
11008,950618-1372819,user_1007@example.com,Female,0,No,37,25.81,878.08,Two year,Electronic check,0
11009,810602-4326063,user_1008@example.com,Male,0,Yes,5,81.34,434.94,Month-to-month,Electronic check,0
11010,980814-1923410,user_1009@example.com,Female,0,Yes,13,43.88,604.66,Month-to-month,Electronic check,0
11011,730212-2869509,user_1010@example.com,Male,0,No,5,99.07,451.37,Two year,Electronic check,0
11012,720812-3451041,user_1011@example.com,Male,0,No,72,100.49,7194.26,Two year,Mailed check,1
11013,900701-2892593,user_1012@example.com,Male,0,Yes,57,116.64,6637.33,Month-to-month,Mailed check,0
11014,771022-2101628,user_1013@example.com,Male,0,No,0,68.81,,Month-to-month,Bank transfer,0
11015,820404-1265835,user_1014@example.com,Male,0,No,24,64.11,1531.0,Month-to-month,Electronic check,1
11016,891220-3383942,user_1015@example.com,Female,0,Yes,51,94.04,4817.72,Two year,Mailed check,0
11017,701203-3725608,user_1016@example.com,Female,0,Yes,3,31.78,183.49,Month-to-month,Mailed check,1
11018,910620-2731944,user_1017@example.com,Female,0,Yes,16,73.33,1147.89,Month-to-month,Mailed check,1
11019,831203-4785948,user_1018@example.com,Female,0,Yes,49,73.26,3503.98,One year,Electronic check,0
11020,751202-3432045,user_1019@example.com,Female,0,No,0,27.47,,Month-to-month,Mailed check,1
11021,860304-3405845,user_1020@example.com,Male,0,No,23,60.4,1473.37,Two year,Credit card,0
11022,950719-2542159,user_1021@example.com,Female,0,No,7,104.04,747.92,Month-to-month,Electronic check,1
11023,960720-1866896,user_1022@example.com,Male,1,Yes,51,104.33,5266.44,Month-to-month,Electronic check,0
11024,931007-4504240,user_1023@example.com,Female,1,No,70,28.45,1985.31,Month-to-month,Credit card,0
11025,911112-3745398,user_1024@example.com,Male,0,Yes,57,27.59,1516.7,Month-to-month,Bank transfer,0
11026,911222-4757469,user_1025@example.com,Male,0,No,12,44.84,570.22,Month-to-month,Bank transfer,0
11027,840618-3311820,user_1026@example.com,Male,0,Yes,39,106.2,4074.24,Month-to-month,Electronic check,1
11028,950411-3502290,user_1027@example.com,Male,0,Yes,37,31.42,1147.53,Month-to-month,Electronic check,0
11029,771012-4260852,user_1028@example.com,Male,0,Yes,7,90.68,584.54,Two year,Electronic check,0
11030,891120-1583835,user_1029@example.com,Male,0,No,35,28.64,1008.74,Month-to-month,Credit card,1
11031,730320-2269998,user_1030@example.com,Female,0,Yes,0,80.97,,Two year,Mailed check,0
11032,820528-2952893,user_1031@example.com,Female,0,Yes,18,54.2,984.44,One year,Credit card,0
11033,830509-2389141,user_1032@example.com,Male,0,Yes,5,97.59,489.07,Month-to-month,Mailed check,0
11034,960125-4399454,user_1033@example.com,Male,0,No,2,41.93,34.53,Month-to-month,Mailed check,0
11035,850917-2125809,user_1034@example.com,Female,0,Yes,1,82.58,,Month-to-month,Bank transfer,0
11036,721205-2565973,user_1035@example.com,Male,0,No,23,42.13,966.55,Month-to-month,Credit card,1
11037,900120-2466563,user_1036@example.com,Female,0,Yes,8,90.04,670.89,Month-to-month,Credit card,0
11038,730524-1185894,user_1037@example.com,Male,0,Yes,25,106.09,2764.3,Month-to-month,Electronic check,1
11039,770622-3986206,user_1038@example.com,Female,0,No,1,31.21,55.03,One year,Credit card,1
11040,711005-1240920,user_1039@example.com,Male,1,No,7,105.38,730.0,One year,Mailed check,0
11041,760206-2631464,user_1040@example.com,Female,0,Yes,15,78.01,1240.91,Month-to-month,Mailed check,1
11042,970503-3356297,user_1041@example.com,Female,0,No,31,31.24,1060.53,Month-to-month,Credit card,1
11043,851120-3347040,user_1042@example.com,Female,0,No,7,61.36,422.25,One year,Bank transfer,0
11044,951115-3862471,user_1043@example.com,Male,0,Yes,19,34.63,675.34,Month-to-month,Bank transfer,1
11045,850224-4394232,user_1044@example.com,Female,1,No,43,88.71,3765.13,Two year,Electronic check,0
11046,921101-4453059,user_1045@example.com,Female,0,Yes,19,94.58,1789.66,One year,Electronic check,0
11047,920611-2861303,user_1046@example.com,Male,0,No,5,29.11,,Two year,Mailed check,0
11048,751006-2451445,user_1047@example.com,Male,0,No,0,69.24,,Month-to-month,Credit card,1
11049,920528-3813608,user_1048@example.com,Male,0,No,40,100.17,4023.44,Two year,Mailed check,0
11050,760127-4966395,user_1049@example.com,Female,0,No,0,112.35,,One year,Mailed check,1
11051,941106-3774455,user_1050@example.com,Male,0,No,41,69.98,2881.06,One year,Credit card,0
11052,941111-2214831,user_1051@example.com,Female,0,No,15,113.77,1646.01,Month-to-month,Mailed check,1
11053,710205-2164660,user_1052@example.com,Female,0,Yes,55,72.2,3924.08,Month-to-month,Mailed check,0
11054,971010-2499961,user_1053@example.com,Female,0,Yes,32,58.02,1829.32,Two year,Bank transfer,0
11055,890904-1653300,user_1054@example.com,Female,0,No,72,103.53,7440.05,One year,Electronic check,0
11056,710601-3826182,user_1055@example.com,Female,0,No,8,67.92,595.9,Month-to-month,Bank transfer,0
11057,730903-1499796,user_1056@example.com,Male,0,No,29,65.81,1850.34,Month-to-month,Electronic check,0
11058,931010-4718787,user_1057@example.com,Male,0,No,10,67.65,,Month-to-month,Electronic check,1
11059,861121-1151922,user_1058@example.com,Male,0,No,13,103.39,1391.72,One year,Electronic check,0
11060,750126-2263645,user_1059@example.com,Male,0,Yes,19,101.9,,One year,Bank transfer,0
11061,820323-2624949,user_1060@example.com,Male,0,No,41,58.95,2439.97,Month-to-month,Credit card,0
11062,761212-2840042,user_1061@example.com,Male,0,Yes,72,51.91,3730.54,Month-to-month,Mailed check,0
11063,851105-2516923,user_1062@example.com,Male,1,Yes,29,67.82,1979.62,Month-to-month,Credit card,1
11064,950103-2105647,user_1063@example.com,Female,0,No,10,75.92,747.78,Month-to-month,Credit card,0
11065,861219-4549051,user_1064@example.com,Female,0,Yes,10,42.39,457.25,Month-to-month,Electronic check,0
11066,970520-4288824,user_1065@example.com,Female,0,Yes,26,98.09,,Month-to-month,Electronic check,0
11067,940911-1408842,user_1066@example.com,Female,0,Yes,5,67.27,,Month-to-month,Bank transfer,1
11068,820502-2131649,user_1067@example.com,Female,0,Yes,2,51.99,118.81,Two year,Bank transfer,0
11069,790511-1560910,user_1068@example.com,Male,0,No,8,29.21,260.36,One year,Mailed check,0
11070,971205-4670980,user_1069@example.com,Male,1,No,6,42.44,329.29,Two year,Credit card,0
11071,761002-3993440,user_1070@example.com,Male,0,Yes,7,113.67,776.14,Month-to-month,Credit card,1
11072,890701-4760878,user_1071@example.com,Female,0,No,5,49.09,319.42,Two year,Mailed check,0
11073,840606-1123613,user_1072@example.com,Male,0,No,0,35.43,,One year,Electronic check,0
11074,740617-3309763,user_1073@example.com,Female,0,Yes,0,64.68,,Month-to-month,Bank transfer,0
11075,721227-1352238,user_1074@example.com,Female,0,No,72,49.29,3589.75,Month-to-month,Mailed check,0
11076,890921-4109227,user_1075@example.com,Male,0,No,11,22.02,196.55,One year,Credit card,0
11077,740815-3437330,user_1076@example.com,Female,0,Yes,9,50.9,473.45,Two year,Mailed check,0
11078,820128-3905932,user_1077@example.com,Female,0,No,22,73.05,1604.54,Month-to-month,Mailed check,1
11079,710311-1391232,user_1078@example.com,Male,0,No,4,73.81,326.52,Month-to-month,Credit card,1
11080,770802-4744058,user_1079@example.com,Male,0,No,59,54.25,3189.59,One year,Credit card,0
11081,980213-3605316,user_1080@example.com,Male,0,Yes,30,63.34,1884.84,Two year,Bank transfer,0
11082,700920-2975229,user_1081@example.com,Male,0,No,1,115.29,183.74,One year,Bank transfer,0
11083,800217-2849578,user_1082@example.com,Female,0,No,10,56.33,558.36,Month-to-month,Credit card,1
11084,930401-1752533,user_1083@example.com,Male,0,No,42,44.39,1905.7,Month-to-month,Bank transfer,1
11085,870516-2326312,user_1084@example.com,Male,0,No,57,42.91,2434.6,Month-to-month,Bank transfer,0
11086,710520-3750448,user_1085@example.com,Male,0,Yes,12,64.39,,Two year,Bank transfer,0
11087,950919-4104743,user_1086@example.com,Male,0,Yes,19,94.64,1764.24,One year,Credit card,0
11088,891113-1961128,user_1087@example.com,Female,1,Yes,3,39.15,86.74,One year,Electronic check,0
11089,740208-1618835,user_1088@example.com,Female,0,Yes,72,89.61,6528.15,Month-to-month,Electronic check,1
11090,830222-4273152,user_1089@example.com,Female,0,Yes,5,20.62,80.85,Two year,Bank transfer,0
11091,930923-1483500,user_1090@example.com,Male,0,Yes,57,60.5,,One year,Electronic check,0
11092,940227-1824678,user_1091@example.com,Male,0,Yes,20,96.28,1970.19,Two year,Bank transfer,0
11093,731008-3241302,user_1092@example.com,Female,0,No,18,52.46,936.55,One year,Electronic check,1
11094,761126-1357807,user_1093@example.com,Female,0,Yes,14,75.01,959.48,Two year,Electronic check,1
11095,960410-1348637,user_1094@example.com,Male,0,Yes,5,39.05,194.28,Two year,Mailed check,1
11096,700710-4491085,user_1095@example.com,Female,0,No,3,92.89,,Month-to-month,Bank transfer,0
11097,911117-1770073,user_1096@example.com,Male,1,Yes,4,23.74,153.32,Two year,Electronic check,0
11098,771004-3447550,user_1097@example.com,Male,1,Yes,4,103.97,495.3,Month-to-month,Electronic check,1
11099,740818-2302089,user_1098@example.com,Female,0,No,30,38.37,1116.85,One year,Mailed check,0
11100,871211-4294500,user_1099@example.com,Female,0,No,8,106.16,,Two year,Electronic check,0
11101,971003-2104867,user_1100@example.com,Male,0,No,1,53.84,92.11,Month-to-month,Mailed check,1
11102,770110-4147455,user_1101@example.com,Male,0,Yes,69,90.95,6329.22,One year,Electronic check,0
11103,880102-2537770,user_1102@example.com,Female,0,No,43,50.5,2196.43,One year,Mailed check,0
11104,840701-1177159,user_1103@example.com,Female,1,Yes,52,109.32,5587.52,One year,Mailed check,0
11105,701017-2953839,user_1104@example.com,Female,0,No,72,31.2,2238.63,Two year,Credit card,0
11106,710617-4826431,user_1105@example.com,Male,0,No,3,36.4,51.41,One year,Bank transfer,0
11107,761209-2299923,user_1106@example.com,Female,0,Yes,10,67.93,669.17,Two year,Credit card,0
11108,900518-1389812,user_1107@example.com,Female,0,No,28,26.71,,Month-to-month,Bank transfer,1
11109,950107-2662015,user_1108@example.com,Female,0,Yes,23,38.15,892.71,Month-to-month,Electronic check,1
11110,840522-2824776,user_1109@example.com,Male,0,No,3,113.11,396.73,Month-to-month,Bank transfer,0
11111,850301-4254129,user_1110@example.com,Male,0,Yes,33,116.39,3857.96,One year,Credit card,0
11112,711004-1181280,user_1111@example.com,Male,1,Yes,5,56.22,216.18,Month-to-month,Bank transfer,0
11113,960311-4597765,user_1112@example.com,Male,1,No,5,111.06,429.26,One year,Credit card,0
11114,881223-3301109,user_1113@example.com,Male,0,Yes,15,73.12,1104.24,Month-to-month,Bank transfer,1
11115,900824-3277687,user_1114@example.com,Female,0,No,17,45.54,763.48,One year,Electronic check,0
11116,950913-4190524,user_1115@example.com,Male,0,Yes,17,88.92,1462.79,Month-to-month,Electronic check,0
11117,790311-4138923,user_1116@example.com,Female,0,Yes,1,84.55,0.0,One year,Bank transfer,1
11118,760817-3477925,user_1117@example.com,Male,1,No,41,117.66,4787.32,One year,Bank transfer,0
11119,810707-3713669,user_1118@example.com,Male,0,No,6,45.07,260.7,Two year,Electronic check,0
11120,981228-4248186,user_1119@example.com,Male,0,No,2,85.87,205.03,One year,Bank transfer,1
11121,730509-1862465,user_1120@example.com,Female,0,No,43,23.72,1029.39,One year,Mailed check,0
11122,740528-3667767,user_1121@example.com,Male,1,Yes,62,29.89,1933.58,Two year,Electronic check,0
11123,790606-1997380,user_1122@example.com,Female,0,Yes,39,18.89,684.93,One year,Electronic check,0
11124,981108-1730613,user_1123@example.com,Female,0,No,33,118.7,,Month-to-month,Credit card,0
11125,720515-2555278,user_1124@example.com,Male,0,Yes,21,98.93,2079.89,Two year,Credit card,0
11126,880815-3294390,user_1125@example.com,Female,0,No,16,97.37,,One year,Mailed check,1
11127,730524-2872982,user_1126@example.com,Female,0,Yes,1,69.6,47.77,Month-to-month,Bank transfer,1
11128,951002-4233639,user_1127@example.com,Male,1,No,10,48.58,539.38,One year,Mailed check,0
11129,780214-4591329,user_1128@example.com,Female,0,Yes,9,33.66,317.7,Two year,Bank transfer,0
11130,730323-2450292,user_1129@example.com,Male,0,Yes,6,47.04,248.27,Two year,Credit card,1
11131,850718-4888037,user_1130@example.com,Male,0,Yes,25,56.19,1404.15,Two year,Bank transfer,0
11132,970516-3416865,user_1131@example.com,Female,0,No,13,94.32,1214.18,Month-to-month,Credit card,1
11133,970702-2379880,user_1132@example.com,Female,0,Yes,1,72.6,97.06,Month-to-month,Electronic check,0
11134,921203-2403364,user_1133@example.com,Female,0,No,4,26.27,46.09,Month-to-month,Electronic check,1
11135,970903-2759651,user_1134@example.com,Female,0,Yes,22,20.31,445.35,Month-to-month,Bank transfer,0
11136,820109-3619949,user_1135@example.com,Male,0,Yes,1,28.76,,Two year,Credit card,0
11137,820518-4605710,user_1136@example.com,Male,0,Yes,38,59.65,2268.35,Month-to-month,Mailed check,0
11138,961119-1783174,user_1137@example.com,Female,0,Yes,13,112.05,1524.0,One year,Credit card,0
11139,710324-4560601,user_1138@example.com,Male,0,No,13,82.4,1109.9,One year,Credit card,0
11140,930310-4348950,user_1139@example.com,Female,0,No,17,98.88,1680.59,One year,Credit card,0
11141,960225-1671676,user_1140@example.com,Male,0,Yes,34,65.25,2229.33,Month-to-month,Electronic check,0
11142,770909-3921107,user_1141@example.com,Female,0,No,8,54.76,452.86,Month-to-month,Credit card,1
11143,811205-3602604,user_1142@example.com,Female,0,No,22,29.37,666.3,Month-to-month,Bank transfer,0
11144,741226-3890487,user_1143@example.com,Female,0,Yes,16,106.31,1609.68,Month-to-month,Electronic check,0
11145,900505-4205722,user_1144@example.com,Female,0,Yes,6,97.01,,Two year,Electronic check,0
11146,971128-3883857,user_1145@example.com,Male,0,Yes,42,35.35,1410.48,Two year,Electronic check,0
11147,790427-3456841,user_1146@example.com,Male,0,Yes,31,69.85,2229.26,Month-to-month,Credit card,1
11148,820823-3301891,user_1147@example.com,Female,1,No,21,67.36,1411.52,Two year,Mailed check,0
11149,820412-4394761,user_1148@example.com,Female,0,Yes,38,81.17,3074.79,Month-to-month,Credit card,1
11150,920820-4181808,user_1149@example.com,Male,0,Yes,40,113.36,4579.24,One year,Credit card,0
11151,980907-4818787,user_1150@example.com,Female,0,No,24,76.62,1860.0,Month-to-month,Mailed check,0
11152,931210-2206573,user_1151@example.com,Male,0,Yes,36,72.66,2559.33,One year,Credit card,0
11153,771006-3299969,user_1152@example.com,Female,0,Yes,23,23.54,537.87,Month-to-month,Bank transfer,0
11154,831102-4564453,user_1153@example.com,Female,0,No,22,24.81,529.06,Month-to-month,Mailed check,0
11155,730605-2104200,user_1154@example.com,Male,0,No,19,37.28,621.09,Month-to-month,Bank transfer,1
11156,910616-3983562,user_1155@example.com,Male,0,Yes,27,21.76,553.01,Month-to-month,Bank transfer,0
11157,930521-2695804,user_1156@example.com,Male,0,No,3,93.02,269.88,One year,Electronic check,0
11158,960122-1839866,user_1157@example.com,Male,0,Yes,42,91.01,3816.67,Month-to-month,Electronic check,0
11159,771016-1693069,user_1158@example.com,Female,1,No,41,32.14,1243.63,One year,Mailed check,0
11160,940209-4393859,user_1159@example.com,Female,0,No,0,102.32,,One year,Credit card,0
11161,880101-4825857,user_1160@example.com,Male,0,Yes,34,34.02,1151.57,One year,Bank transfer,0
11162,860203-4179756,user_1161@example.com,Male,0,Yes,2,48.69,99.26,One year,Credit card,1
11163,960923-4180532,user_1162@example.com,Female,0,Yes,8,43.46,367.71,Month-to-month,Bank transfer,0
11164,740601-4332965,user_1163@example.com,Female,0,Yes,27,55.82,1467.74,One year,Electronic check,1
11165,821116-2142148,user_1164@example.com,Female,0,No,3,44.03,154.91,Two year,Electronic check,0
11166,950926-2414516,user_1165@example.com,Male,0,Yes,34,67.52,2277.33,One year,Electronic check,0
11167,941015-3772446,user_1166@example.com,Male,0,Yes,35,59.34,2032.07,One year,Mailed check,0
11168,721109-2783734,user_1167@example.com,Female,1,Yes,14,117.4,1672.27,One year,Bank transfer,0
11169,731225-2172691,user_1168@example.com,Male,0,No,0,24.11,,Month-to-month,Credit card,0
11170,950214-4631368,user_1169@example.com,Female,0,Yes,6,32.75,232.74,One year,Bank transfer,1
11171,951220-4585057,user_1170@example.com,Female,0,No,19,23.8,498.35,Two year,Credit card,1
11172,920705-1897815,user_1171@example.com,Male,0,Yes,72,81.24,5823.25,Month-to-month,Credit card,1
11173,910111-2342779,user_1172@example.com,Female,0,No,19,23.96,375.36,Two year,Credit card,0
11174,730121-1970627,user_1173@example.com,Male,0,No,6,102.35,688.61,Month-to-month,Bank transfer,1
11175,940810-2735746,user_1174@example.com,Female,0,No,20,69.82,1499.13,Month-to-month,Electronic check,0
11176,900621-4869348,user_1175@example.com,Female,0,No,15,71.33,1147.09,Two year,Mailed check,0
11177,771026-4513469,user_1176@example.com,Male,0,No,30,74.8,2227.21,Two year,Mailed check,0
11178,880504-1392581,user_1177@example.com,Female,0,Yes,2,35.62,13.51,Two year,Electronic check,0
11179,721226-4613626,user_1178@example.com,Female,0,No,28,38.32,1019.68,Two year,Mailed check,0
11180,730527-3658981,user_1179@example.com,Female,0,No,15,50.46,672.71,Month-to-month,Credit card,0
11181,871012-4636051,user_1180@example.com,Female,0,No,65,78.0,5064.63,One year,Mailed check,0
11182,760712-2326188,user_1181@example.com,Female,0,Yes,8,39.56,396.76,Month-to-month,Bank transfer,0
11183,951111-2424717,user_1182@example.com,Female,1,Yes,20,30.16,596.12,Month-to-month,Electronic check,1
11184,840728-1625451,user_1183@example.com,Female,0,No,53,115.75,6149.87,Month-to-month,Electronic check,0
11185,830221-4442075,user_1184@example.com,Male,0,Yes,2,20.7,110.18,One year,Electronic check,0
11186,920326-3289240,user_1185@example.com,Female,0,Yes,55,98.97,5423.15,Month-to-month,Electronic check,0
11187,810503-3271151,user_1186@example.com,Male,0,Yes,23,97.5,2344.28,Two year,Bank transfer,1
11188,890121-3976263,user_1187@example.com,Female,0,Yes,1,48.3,147.9,One year,Credit card,0
11189,841220-3433590,user_1188@example.com,Male,0,Yes,7,32.1,218.14,Month-to-month,Credit card,0
11190,770911-3854004,user_1189@example.com,Female,1,Yes,24,33.1,765.52,One year,Credit card,1
11191,910710-2614760,user_1190@example.com,Male,0,Yes,1,88.42,123.28,Month-to-month,Mailed check,0
11192,850122-2449341,user_1191@example.com,Female,0,No,17,82.94,1392.6,Month-to-month,Credit card,0
11193,920213-2294437,user_1192@example.com,Male,0,Yes,8,96.97,717.93,Two year,Mailed check,0
11194,780821-3483702,user_1193@example.com,Female,0,No,19,112.48,2201.18,Month-to-month,Bank transfer,1
11195,740703-3717612,user_1194@example.com,Female,1,No,0,87.87,,Two year,Mailed check,0
11196,911206-2138862,user_1195@example.com,Female,0,Yes,41,34.12,,One year,Credit card,1
11197,840223-1757336,user_1196@example.com,Female,0,Yes,72,42.91,3026.38,One year,Electronic check,0
11198,720603-4849032,user_1197@example.com,Female,0,Yes,69,102.93,7040.69,One year,Bank transfer,1
11199,791223-1424707,user_1198@example.com,Female,0,Yes,27,39.48,1071.32,Month-to-month,Credit card,1
11200,900723-1104379,user_1199@example.com,Female,0,No,2,25.77,26.55,Month-to-month,Credit card,1
11201,860505-4903637,user_1200@example.com,Male,1,Yes,28,89.0,2474.95,Month-to-month,Credit card,0
11202,840810-1831533,user_1201@example.com,Male,1,No,0,58.85,,Month-to-month,Bank transfer,0
11203,931221-1256914,user_1202@example.com,Female,1,Yes,0,110.73,,Month-to-month,Electronic check,1
11204,771220-2818450,user_1203@example.com,Male,0,Yes,7,83.69,654.74,Two year,Electronic check,1
11205,880608-2192500,user_1204@example.com,Male,0,No,13,27.56,308.75,Month-to-month,Electronic check,1
11206,860119-4300603,user_1205@example.com,Female,0,No,29,113.52,3274.92,One year,Credit card,0
11207,910217-3850822,user_1206@example.com,Male,0,No,22,44.42,1015.19,Month-to-month,Mailed check,0
11208,831216-2142023,user_1207@example.com,Female,0,Yes,11,52.31,597.81,Month-to-month,Credit card,1
11209,711101-2531889,user_1208@example.com,Female,0,No,6,58.83,,Month-to-month,Electronic check,0
11210,850223-1569839,user_1209@example.com,Female,1,No,72,23.64,,One year,Bank transfer,0
11211,880528-3904157,user_1210@example.com,Male,0,No,11,68.28,,Month-to-month,Mailed check,1
11212,750817-4793992,user_1211@example.com,Female,1,Yes,12,30.86,397.32,Month-to-month,Mailed check,1
11213,920616-1468579,user_1212@example.com,Male,0,No,3,58.7,229.21,One year,Credit card,0
11214,971022-2751581,user_1213@example.com,Female,0,No,31,53.66,1647.28,One year,Bank transfer,0
11215,950323-1823754,user_1214@example.com,Female,1,Yes,23,95.98,2208.25,Month-to-month,Mailed check,0
11216,930808-1805214,user_1215@example.com,Male,0,No,4,99.02,441.63,One year,Electronic check,0
11217,730611-4150950,user_1216@example.com,Female,1,No,1,33.88,114.53,One year,Credit card,0
11218,870624-3282851,user_1217@example.com,Female,0,No,22,55.25,1251.96,One year,Credit card,1
11219,740803-2563725,user_1218@example.com,Female,1,No,21,55.93,1170.37,Month-to-month,Electronic check,0
11220,700414-2660482,user_1219@example.com,Male,0,Yes,6,33.68,270.95,Month-to-month,Electronic check,0
11221,860614-3679799,user_1220@example.com,Female,0,No,60,98.54,5802.8,Month-to-month,Electronic check,0
11222,761107-1135415,user_1221@example.com,Male,0,Yes,3,89.4,197.09,Two year,Mailed check,0
11223,920526-4706541,user_1222@example.com,Female,1,No,11,37.59,447.57,Month-to-month,Bank transfer,0
11224,931108-3144459,user_1223@example.com,Male,0,Yes,57,55.26,3150.53,Two year,Mailed check,0
11225,841022-2548727,user_1224@example.com,Male,0,Yes,10,29.11,321.38,Month-to-month,Bank transfer,1
11226,821017-1342168,user_1225@example.com,Female,0,Yes,20,81.48,1632.82,Month-to-month,Credit card,0
11227,911022-2405370,user_1226@example.com,Male,0,Yes,10,30.67,335.25,Month-to-month,Bank transfer,0
11228,890117-1111452,user_1227@example.com,Female,0,No,6,117.34,663.32,Month-to-month,Electronic check,0
11229,840701-1690444,user_1228@example.com,Female,0,Yes,72,96.76,6995.24,Two year,Mailed check,0
11230,971112-2294922,user_1229@example.com,Female,0,Yes,10,57.62,625.92,Two year,Electronic check,1
11231,710212-1372278,user_1230@example.com,Male,1,No,44,76.5,3427.03,One year,Credit card,0
11232,840908-2398831,user_1231@example.com,Male,0,Yes,5,109.86,649.98,One year,Mailed check,0
11233,920527-2950059,user_1232@example.com,Male,0,No,4,74.05,308.4,One year,Mailed check,0
11234,980412-2162793,user_1233@example.com,Female,0,Yes,0,35.99,,Two year,Electronic check,1
11235,830415-4493768,user_1234@example.com,Female,1,No,21,56.47,1109.71,Month-to-month,Mailed check,1
11236,760720-1621687,user_1235@example.com,Female,1,No,9,103.03,900.7,One year,Electronic check,1
11237,790413-2592195,user_1236@example.com,Female,0,Yes,39,83.08,,One year,Bank transfer,0
11238,860526-2848154,user_1237@example.com,Male,0,No,12,83.74,1057.4,Two year,Credit card,0
11239,720118-2174343,user_1238@example.com,Male,0,Yes,68,105.4,,Two year,Electronic check,1
11240,850419-4842569,user_1239@example.com,Male,0,Yes,4,108.12,472.3,Two year,Credit card,0
11241,860121-3539560,user_1240@example.com,Male,0,Yes,40,110.71,4428.32,One year,Mailed check,0
11242,761121-3984567,user_1241@example.com,Male,0,No,29,28.01,803.43,Month-to-month,Credit card,1
11243,810704-1210402,user_1242@example.com,Male,0,No,29,73.05,,Month-to-month,Credit card,1
11244,800802-1792301,user_1243@example.com,Male,0,Yes,37,92.74,3411.82,One year,Credit card,0
11245,730710-4834262,user_1244@example.com,Male,0,No,28,94.38,2621.19,One year,Mailed check,0
11246,970823-3485715,user_1245@example.com,Female,0,No,19,79.32,1421.84,Month-to-month,Bank transfer,1
11247,821207-1672990,user_1246@example.com,Female,0,Yes,2,35.22,58.04,Month-to-month,Bank transfer,0
11248,811007-3368217,user_1247@example.com,Male,0,No,0,98.44,,Month-to-month,Bank transfer,1
11249,960723-2316983,user_1248@example.com,Male,0,No,50,90.69,4508.7,Two year,Electronic check,0
11250,920912-4697432,user_1249@example.com,Male,0,Yes,19,27.14,536.5,Month-to-month,Electronic check,1
11251,700510-3874579,user_1250@example.com,Female,0,Yes,31,65.0,2047.93,One year,Mailed check,1
11252,980728-3890136,user_1251@example.com,Male,0,No,13,35.94,478.83,Month-to-month,Bank transfer,1
11253,820521-2831949,user_1252@example.com,Male,0,No,2,52.33,,Month-to-month,Credit card,1
11254,900820-2673511,user_1253@example.com,Male,0,No,2,20.31,69.4,Two year,Bank transfer,0
11255,890512-3424890,user_1254@example.com,Male,0,Yes,23,58.63,1333.74,Month-to-month,Electronic check,0
11256,901004-3839855,user_1255@example.com,Male,0,No,11,73.63,786.79,Month-to-month,Mailed check,1
11257,760426-4148723,user_1256@example.com,Male,0,No,4,80.61,338.08,Month-to-month,Bank transfer,0
11258,710508-4232922,user_1257@example.com,Female,0,No,13,85.01,1133.82,Month-to-month,Electronic check,0
11259,980225-2135074,user_1258@example.com,Female,0,Yes,1,102.34,172.23,One year,Electronic check,0
11260,981011-1336309,user_1259@example.com,Female,0,No,17,40.1,741.26,Month-to-month,Credit card,1
11261,850921-4562792,user_1260@example.com,Female,0,No,6,30.58,156.41,One year,Bank transfer,0
11262,861215-2168867,user_1261@example.com,Female,0,Yes,31,103.87,3214.87,Month-to-month,Credit card,1
11263,860218-2910922,user_1262@example.com,Female,0,No,7,34.2,272.95,Two year,Bank transfer,1
11264,900110-2883618,user_1263@example.com,Male,0,No,12,116.22,1448.04,Two year,Mailed check,1
11265,960617-4393712,user_1264@example.com,Female,0,Yes,0,102.96,,Two year,Bank transfer,0
11266,720918-3174875,user_1265@example.com,Male,0,No,1,68.71,65.52,Two year,Credit card,0
11267,750306-4322474,user_1266@example.com,Female,0,No,9,116.89,989.31,Month-to-month,Credit card,0
11268,800713-1811206,user_1267@example.com,Male,0,Yes,13,28.26,317.43,Month-to-month,Electronic check,1
11269,830203-4929763,user_1268@example.com,Female,0,No,18,48.88,,One year,Bank transfer,0
11270,770501-1583184,user_1269@example.com,Male,0,No,6,82.48,511.99,Month-to-month,Bank transfer,0
11271,870727-3684533,user_1270@example.com,Female,0,No,23,53.59,1177.64,Month-to-month,Mailed check,0
11272,850805-1432089,user_1271@example.com,Female,0,No,39,111.57,4353.46,Month-to-month,Electronic check,0
11273,970327-2867509,user_1272@example.com,Male,0,No,30,25.08,783.96,Month-to-month,Credit card,0
11274,740718-2836268,user_1273@example.com,Female,0,No,0,73.58,,One year,Bank transfer,0
11275,911105-2197150,user_1274@example.com,Female,0,Yes,13,77.73,1065.74,Month-to-month,Electronic check,1
11276,900705-3238301,user_1275@example.com,Female,0,Yes,2,83.94,149.0,Month-to-month,Mailed check,1
11277,980717-3103816,user_1276@example.com,Male,0,Yes,5,44.13,283.53,One year,Electronic check,0
11278,750917-2411859,user_1277@example.com,Male,1,Yes,72,55.05,3936.93,Month-to-month,Bank transfer,0
11279,821017-1997171,user_1278@example.com,Male,0,No,3,103.08,,Two year,Bank transfer,0
11280,750727-3886017,user_1279@example.com,Male,1,Yes,13,38.04,471.61,Month-to-month,Mailed check,1
11281,971013-4512233,user_1280@example.com,Female,0,Yes,19,101.39,1921.65,One year,Mailed check,0
11282,980913-3114033,user_1281@example.com,Male,0,Yes,24,74.91,1778.42,Month-to-month,Mailed check,1
11283,910408-4127631,user_1282@example.com,Female,0,Yes,16,94.91,1507.76,Month-to-month,Credit card,1
11284,700810-3232797,user_1283@example.com,Female,1,No,0,90.04,,Month-to-month,Electronic check,1
11285,830119-2990578,user_1284@example.com,Female,0,No,7,39.3,266.54,Month-to-month,Electronic check,0
11286,720108-1293636,user_1285@example.com,Female,0,No,14,75.52,1053.97,Two year,Electronic check,0
11287,700125-2736816,user_1286@example.com,Male,0,Yes,1,105.49,20.03,One year,Credit card,0
11288,780303-1779283,user_1287@example.com,Female,0,Yes,8,61.82,514.14,Month-to-month,Electronic check,0
11289,740614-2754073,user_1288@example.com,Female,0,Yes,0,115.4,,Month-to-month,Mailed check,1
11290,980917-1429379,user_1289@example.com,Female,0,Yes,1,63.83,144.34,Month-to-month,Electronic check,1
11291,920625-2635022,user_1290@example.com,Male,0,No,10,32.81,,Month-to-month,Credit card,1
11292,960207-3145819,user_1291@example.com,Female,0,No,2,57.54,24.67,Month-to-month,Credit card,1
11293,940523-3664103,user_1292@example.com,Female,0,Yes,16,113.91,1853.46,Two year,Electronic check,1
11294,731007-1971979,user_1293@example.com,Female,0,No,23,50.55,1179.98,Month-to-month,Credit card,0
11295,820514-2158093,user_1294@example.com,Female,0,Yes,32,105.53,3326.54,One year,Credit card,0
11296,810728-2848883,user_1295@example.com,Female,0,Yes,4,106.85,350.91,One year,Electronic check,1
11297,840311-2596565,user_1296@example.com,Male,1,No,3,53.61,237.7,Two year,Credit card,0
11298,951221-2284939,user_1297@example.com,Male,0,No,2,26.85,124.41,Month-to-month,Credit card,0
11299,880418-1515919,user_1298@example.com,Female,0,Yes,20,91.14,1698.43,One year,Electronic check,0
11300,761226-3637015,user_1299@example.com,Female,0,Yes,24,49.73,1170.61,Two year,Mailed check,0
11301,931117-2417604,user_1300@example.com,Female,0,No,0,96.99,,Month-to-month,Mailed check,0
11302,810302-1914876,user_1301@example.com,Male,1,No,55,62.88,3434.6,Month-to-month,Credit card,1
11303,731211-2250865,user_1302@example.com,Female,0,Yes,1,67.15,,Two year,Bank transfer,0
11304,901227-4100073,user_1303@example.com,Female,0,Yes,15,96.49,1433.21,One year,Bank transfer,0
11305,810201-2229513,user_1304@example.com,Female,1,No,24,56.83,1307.88,Month-to-month,Electronic check,0
11306,971010-1519673,user_1305@example.com,Female,0,No,40,62.92,2431.56,One year,Electronic check,0
11307,890301-4688593,user_1306@example.com,Female,0,Yes,25,56.21,1457.88,Month-to-month,Mailed check,1
11308,800812-1877839,user_1307@example.com,Female,1,No,32,55.33,1678.41,Month-to-month,Bank transfer,1
11309,890317-2230351,user_1308@example.com,Male,1,Yes,8,71.23,582.2,Month-to-month,Electronic check,1
11310,801201-3445686,user_1309@example.com,Female,1,No,33,99.58,,Month-to-month,Bank transfer,0
11311,750312-4684321,user_1310@example.com,Female,0,Yes,1,54.77,0.0,One year,Bank transfer,0
11312,790328-3551207,user_1311@example.com,Female,1,No,45,71.06,3151.49,One year,Credit card,0
11313,800716-1494973,user_1312@example.com,Male,0,Yes,15,85.74,1346.76,Two year,Credit card,1
11314,970705-4668905,user_1313@example.com,Female,0,No,33,45.51,1528.47,Month-to-month,Bank transfer,0
11315,880101-2228526,user_1314@example.com,Male,0,Yes,12,46.32,524.98,Two year,Mailed check,0
11316,850423-2195017,user_1315@example.com,Male,0,No,20,112.07,2301.51,Month-to-month,Electronic check,1
11317,950122-3421983,user_1316@example.com,Male,0,No,14,91.03,1334.75,Month-to-month,Electronic check,0
11318,860209-1524789,user_1317@example.com,Female,0,No,26,76.36,1998.81,Two year,Mailed check,0
11319,960407-1641022,user_1318@example.com,Female,0,No,1,83.43,38.42,Month-to-month,Credit card,1
11320,880418-2518626,user_1319@example.com,Male,0,No,1,21.44,0.77,Month-to-month,Credit card,1
11321,920414-4989727,user_1320@example.com,Female,1,No,5,80.46,416.62,Month-to-month,Mailed check,0
11322,960109-3693982,user_1321@example.com,Female,0,Yes,3,69.58,199.31,Month-to-month,Mailed check,0
11323,720526-4997024,user_1322@example.com,Female,0,Yes,41,73.21,3048.56,One year,Credit card,0
11324,880414-2499013,user_1323@example.com,Male,0,Yes,4,54.53,141.63,Two year,Bank transfer,0
11325,790416-1763106,user_1324@example.com,Male,0,No,72,26.67,1845.53,One year,Credit card,0
11326,760322-3509550,user_1325@example.com,Female,0,Yes,8,37.88,312.08,Two year,Bank transfer,0
11327,750102-2825275,user_1326@example.com,Female,0,No,4,113.81,,One year,Electronic check,0
11328,960618-3361871,user_1327@example.com,Female,0,Yes,31,59.47,1812.22,Two year,Electronic check,0
11329,820220-4671356,user_1328@example.com,Male,0,Yes,21,65.28,1282.48,Month-to-month,Bank transfer,0
11330,830806-2257678,user_1329@example.com,Female,0,No,13,23.78,310.12,Two year,Bank transfer,0
11331,891103-3980158,user_1330@example.com,Male,0,No,16,22.27,353.68,Month-to-month,Credit card,0
11332,850702-4459696,user_1331@example.com,Male,0,No,25,90.4,2292.67,Two year,Mailed check,0
11333,800803-2481334,user_1332@example.com,Male,0,No,5,72.44,365.65,Month-to-month,Bank transfer,0
11334,770623-1694194,user_1333@example.com,Female,0,No,72,69.5,4997.37,One year,Electronic check,0
11335,870716-4122829,user_1334@example.com,Female,0,No,72,42.87,3145.49,One year,Credit card,0
11336,770302-4642904,user_1335@example.com,Male,0,Yes,21,93.16,1890.74,Two year,Electronic check,0
11337,911003-1894176,user_1336@example.com,Female,1,No,4,35.37,168.3,One year,Credit card,0
11338,710910-3766905,user_1337@example.com,Female,1,No,22,37.54,742.32,Month-to-month,Mailed check,1
11339,720826-4811342,user_1338@example.com,Female,0,Yes,1,64.69,22.77,One year,Mailed check,0
11340,740818-2765291,user_1339@example.com,Male,0,Yes,0,47.2,,Month-to-month,Electronic check,0
11341,730802-4775959,user_1340@example.com,Female,0,Yes,5,43.31,255.65,Month-to-month,Bank transfer,1
11342,720812-2763421,user_1341@example.com,Female,0,Yes,12,83.19,995.01,Month-to-month,Bank transfer,0
11343,860608-1155689,user_1342@example.com,Male,0,Yes,40,83.76,3349.72,Month-to-month,Electronic check,0
11344,930201-3653094,user_1343@example.com,Male,1,Yes,25,101.16,2473.66,Month-to-month,Bank transfer,1
11345,821219-2513222,user_1344@example.com,Male,0,Yes,27,60.38,1615.28,Two year,Bank transfer,0
11346,940119-1816354,user_1345@example.com,Female,0,Yes,11,25.83,245.96,Two year,Electronic check,0
11347,931022-2483024,user_1346@example.com,Female,0,Yes,8,45.94,386.69,Month-to-month,Electronic check,0
11348,950511-1287129,user_1347@example.com,Female,0,No,9,116.75,1001.2,Month-to-month,Mailed check,1
11349,780119-1445957,user_1348@example.com,Male,0,No,72,78.27,5701.93,Month-to-month,Electronic check,1
11350,900418-4146379,user_1349@example.com,Female,0,No,0,89.65,,Month-to-month,Mailed check,1
11351,971204-1732702,user_1350@example.com,Male,0,No,40,19.24,729.27,Month-to-month,Mailed check,1
11352,810226-1522134,user_1351@example.com,Female,0,Yes,17,70.45,1281.51,Month-to-month,Credit card,1
11353,931006-1928161,user_1352@example.com,Female,0,Yes,11,22.26,223.1,One year,Bank transfer,0
11354,810324-4901428,user_1353@example.com,Female,1,Yes,25,75.57,1823.51,One year,Electronic check,0
11355,941123-4392569,user_1354@example.com,Female,0,Yes,13,110.81,1451.48,Month-to-month,Bank transfer,0
11356,970701-1397086,user_1355@example.com,Female,1,No,41,115.58,4715.01,Month-to-month,Credit card,1
11357,771017-4913545,user_1356@example.com,Male,0,Yes,46,72.69,3301.95,One year,Electronic check,0
11358,840204-1745478,user_1357@example.com,Female,0,No,10,64.44,589.61,Two year,Electronic check,0
11359,981223-4960793,user_1358@example.com,Female,0,No,6,113.24,817.86,Month-to-month,Credit card,0
11360,920501-1802775,user_1359@example.com,Male,0,No,17,86.03,1449.93,Month-to-month,Bank transfer,0
11361,971223-3189606,user_1360@example.com,Female,0,No,48,25.01,1104.2,Month-to-month,Mailed check,0
11362,840201-4772263,user_1361@example.com,Male,0,No,4,65.19,335.45,Month-to-month,Credit card,1
11363,860223-1386046,user_1362@example.com,Female,0,No,19,42.58,839.57,Month-to-month,Credit card,0
11364,751224-4805135,user_1363@example.com,Male,1,No,19,65.6,1208.08,Month-to-month,Electronic check,0
11365,780812-4785101,user_1364@example.com,Male,0,Yes,26,64.16,1621.5,Month-to-month,Mailed check,0
11366,861120-1856940,user_1365@example.com,Male,0,Yes,2,76.86,187.39,Month-to-month,Credit card,0
11367,940614-2668637,user_1366@example.com,Female,0,No,25,54.27,1344.4,One year,Bank transfer,0
11368,721214-2744593,user_1367@example.com,Male,0,Yes,47,34.97,1547.29,Month-to-month,Credit card,1
11369,760512-2588016,user_1368@example.com,Female,1,Yes,3,69.0,296.36,One year,Bank transfer,0
11370,810511-1200136,user_1369@example.com,Female,0,No,5,101.73,486.95,Month-to-month,Electronic check,1
11371,770411-1764218,user_1370@example.com,Male,0,No,71,85.07,6114.75,Month-to-month,Credit card,1
11372,770501-3531601,user_1371@example.com,Male,0,No,3,52.42,221.18,Two year,Bank transfer,1
11373,740926-4515386,user_1372@example.com,Female,0,No,38,112.29,4216.97,One year,Electronic check,0
11374,950809-2473510,user_1373@example.com,Male,0,No,13,109.95,,Month-to-month,Electronic check,1
11375,790516-3288255,user_1374@example.com,Male,0,Yes,5,39.49,164.88,One year,Electronic check,0
11376,790818-4507708,user_1375@example.com,Female,0,No,40,22.45,804.66,One year,Credit card,0
11377,810505-4425886,user_1376@example.com,Male,1,Yes,11,92.82,999.79,Month-to-month,Electronic check,0
11378,880305-3218891,user_1377@example.com,Male,0,Yes,14,101.47,,Month-to-month,Electronic check,0
11379,950617-3519219,user_1378@example.com,Male,0,No,8,115.53,901.1,Two year,Bank transfer,0
11380,791006-1322447,user_1379@example.com,Male,1,No,17,107.71,1815.72,Month-to-month,Electronic check,1
11381,711005-3292744,user_1380@example.com,Female,1,Yes,3,78.7,293.28,Month-to-month,Credit card,1
11382,880309-4737180,user_1381@example.com,Male,0,Yes,9,71.64,650.08,Month-to-month,Mailed check,0
11383,880428-1461443,user_1382@example.com,Female,0,Yes,69,21.29,1426.85,One year,Electronic check,0
11384,740208-1473352,user_1383@example.com,Female,0,No,5,43.23,251.25,Two year,Credit card,1
11385,790419-3148867,user_1384@example.com,Female,0,No,21,64.58,1366.06,Two year,Electronic check,0
11386,980717-3895146,user_1385@example.com,Male,0,Yes,7,81.51,444.49,One year,Credit card,0
11387,711005-1814078,user_1386@example.com,Female,0,No,29,74.36,2177.86,Two year,Electronic check,0
11388,820603-3697532,user_1387@example.com,Female,0,No,2,92.95,205.49,One year,Bank transfer,0
11389,920316-3754223,user_1388@example.com,Male,0,Yes,70,46.55,3259.51,One year,Mailed check,0
11390,950326-4221784,user_1389@example.com,Female,0,Yes,12,75.14,946.27,Two year,Mailed check,0
11391,780324-1869485,user_1390@example.com,Male,0,No,5,27.34,103.08,Month-to-month,Credit card,1
11392,970811-2431827,user_1391@example.com,Male,0,No,1,59.97,76.79,One year,Credit card,0
11393,760612-1154653,user_1392@example.com,Female,0,No,3,93.7,202.75,One year,Mailed check,1
11394,930213-4639008,user_1393@example.com,Male,0,No,14,88.01,1252.49,Two year,Bank transfer,0
11395,920408-2978911,user_1394@example.com,Female,0,Yes,8,117.81,1040.13,Two year,Bank transfer,0
11396,840802-3885692,user_1395@example.com,Male,0,Yes,35,46.36,1572.86,Two year,Electronic check,0
11397,820118-1905120,user_1396@example.com,Female,0,No,11,68.44,714.85,Two year,Bank transfer,0
11398,810521-4479062,user_1397@example.com,Female,0,Yes,5,51.54,222.2,Month-to-month,Mailed check,1
11399,870215-4489950,user_1398@example.com,Male,0,No,19,62.67,,Month-to-month,Mailed check,1
11400,911110-3718668,user_1399@example.com,Female,0,Yes,24,104.41,2452.69,Month-to-month,Bank transfer,1
11401,820803-2551011,user_1400@example.com,Female,0,No,3,87.09,282.33,Month-to-month,Bank transfer,0
11402,830717-1948312,user_1401@example.com,Male,0,Yes,3,106.96,363.22,Month-to-month,Mailed check,0
11403,841222-1597537,user_1402@example.com,Male,1,Yes,0,38.9,,Month-to-month,Mailed check,1
11404,870722-4369149,user_1403@example.com,Male,0,Yes,26,106.05,2668.88,Month-to-month,Mailed check,1
11405,820803-3674700,user_1404@example.com,Female,1,Yes,21,24.49,564.05,Two year,Mailed check,1
11406,901004-4983547,user_1405@example.com,Male,1,Yes,12,107.58,1337.83,Month-to-month,Mailed check,0
11407,770608-4364478,user_1406@example.com,Female,1,Yes,37,51.49,1946.64,Two year,Bank transfer,0
11408,920209-3427340,user_1407@example.com,Male,0,No,32,50.04,1619.92,Two year,Bank transfer,0
11409,911127-2861505,user_1408@example.com,Female,0,No,17,69.84,1198.29,Month-to-month,Electronic check,1
11410,780106-2288065,user_1409@example.com,Male,1,Yes,40,112.8,,Month-to-month,Electronic check,0
11411,721015-2443238,user_1410@example.com,Female,0,Yes,4,23.29,189.34,One year,Credit card,0
11412,821112-1655924,user_1411@example.com,Male,0,No,2,53.81,59.97,One year,Electronic check,1
11413,800626-3466988,user_1412@example.com,Male,1,Yes,6,104.37,,Month-to-month,Bank transfer,1
11414,791013-3907645,user_1413@example.com,Male,0,Yes,1,58.2,53.89,Month-to-month,Electronic check,0
11415,920127-4157534,user_1414@example.com,Male,0,No,15,38.47,570.57,Month-to-month,Electronic check,1
11416,760704-1679358,user_1415@example.com,Male,0,Yes,55,61.09,,Month-to-month,Bank transfer,0
11417,930418-4430535,user_1416@example.com,Male,1,Yes,0,57.15,,Month-to-month,Mailed check,0
11418,770516-3245201,user_1417@example.com,Female,1,Yes,2,110.27,170.68,Month-to-month,Bank transfer,1
11419,920306-1862556,user_1418@example.com,Male,0,No,12,94.88,1115.37,One year,Bank transfer,0
11420,850509-4527120,user_1419@example.com,Male,1,Yes,54,69.14,3678.65,Two year,Credit card,0
11421,731114-1449723,user_1420@example.com,Male,0,No,7,117.58,800.61,One year,Credit card,0
11422,820924-4953383,user_1421@example.com,Male,0,Yes,14,65.14,891.65,Two year,Credit card,0
11423,830725-3386266,user_1422@example.com,Female,0,No,0,24.34,,One year,Mailed check,0
11424,800307-2297732,user_1423@example.com,Male,0,Yes,3,44.79,53.63,One year,Electronic check,0
11425,780419-1403890,user_1424@example.com,Female,0,No,72,62.22,4407.56,Month-to-month,Credit card,1
11426,850201-3438071,user_1425@example.com,Female,0,No,67,34.23,2311.51,Month-to-month,Bank transfer,0
11427,810602-4521071,user_1426@example.com,Male,0,No,0,113.49,,Two year,Credit card,0
11428,980512-4867053,user_1427@example.com,Female,0,No,60,95.38,,Two year,Bank transfer,0
11429,861213-1562419,user_1428@example.com,Female,0,Yes,20,45.4,919.26,Month-to-month,Mailed check,1
11430,970926-2872965,user_1429@example.com,Male,1,No,40,77.73,3139.54,Month-to-month,Credit card,0
11431,861224-4319016,user_1430@example.com,Male,0,No,12,90.83,1160.49,One year,Bank transfer,0
11432,710623-3631712,user_1431@example.com,Female,0,No,14,112.86,1564.55,Month-to-month,Electronic check,1
11433,960527-3630932,user_1432@example.com,Female,0,Yes,13,106.88,1360.72,Month-to-month,Mailed check,0
11434,720214-1759710,user_1433@example.com,Female,0,Yes,21,70.15,1516.74,Two year,Bank transfer,0
11435,750702-2300692,user_1434@example.com,Female,0,Yes,3,96.16,313.96,Month-to-month,Electronic check,1
11436,740319-3829216,user_1435@example.com,Female,0,No,0,74.86,,One year,Electronic check,0
11437,720918-1769471,user_1436@example.com,Male,0,No,7,73.91,586.94,Two year,Bank transfer,0
11438,900811-4182139,user_1437@example.com,Male,0,No,24,30.0,709.39,Month-to-month,Credit card,1
11439,900606-2167585,user_1438@example.com,Male,0,No,4,31.15,126.24,Month-to-month,Electronic check,1
11440,791009-3141730,user_1439@example.com,Female,0,Yes,22,71.59,1576.04,Month-to-month,Mailed check,0
11441,710408-1382649,user_1440@example.com,Female,0,Yes,70,45.45,3134.77,Month-to-month,Electronic check,0
11442,710608-3113642,user_1441@example.com,Female,1,Yes,1,20.61,24.49,One year,Credit card,0
11443,940405-2183915,user_1442@example.com,Female,0,Yes,22,90.96,2070.96,Month-to-month,Mailed check,0
11444,921111-1470431,user_1443@example.com,Male,0,No,11,21.76,261.61,Month-to-month,Mailed check,0
11445,890421-3903880,user_1444@example.com,Male,0,Yes,40,78.18,,Month-to-month,Mailed check,1
11446,970212-3590435,user_1445@example.com,Female,0,No,3,72.55,209.56,Month-to-month,Bank transfer,0
11447,930724-4585834,user_1446@example.com,Male,0,No,23,115.62,2675.8,Month-to-month,Electronic check,1
11448,710712-1795109,user_1447@example.com,Male,1,Yes,36,67.04,2450.93,One year,Credit card,0
11449,760618-1141992,user_1448@example.com,Female,0,Yes,57,24.88,1448.62,Month-to-month,Bank transfer,1
11450,901219-4131363,user_1449@example.com,Female,0,Yes,22,73.81,1607.23,Month-to-month,Bank transfer,1
11451,821225-3391572,user_1450@example.com,Female,0,No,13,102.82,1352.9,Month-to-month,Mailed check,0
11452,710612-2168342,user_1451@example.com,Male,0,Yes,19,118.43,2274.17,Two year,Bank transfer,0
11453,770524-4684445,user_1452@example.com,Male,0,Yes,40,61.64,2415.24,Month-to-month,Electronic check,0
11454,890728-1372584,user_1453@example.com,Female,0,No,16,50.61,818.17,One year,Bank transfer,0
11455,950409-4495395,user_1454@example.com,Male,0,No,0,109.39,,One year,Bank transfer,0
11456,860402-2608556,user_1455@example.com,Female,0,Yes,53,37.67,2020.64,One year,Mailed check,1
11457,840806-1232853,user_1456@example.com,Male,0,Yes,23,80.2,1877.62,Month-to-month,Mailed check,1
11458,800712-1190743,user_1457@example.com,Male,0,No,22,59.17,1339.12,Two year,Bank transfer,0
11459,710211-4418629,user_1458@example.com,Male,0,Yes,4,22.62,70.73,One year,Mailed check,0
11460,870611-4328997,user_1459@example.com,Female,0,No,21,53.32,1135.17,Two year,Credit card,0
11461,780614-3815352,user_1460@example.com,Female,0,No,10,45.09,522.1,Month-to-month,Credit card,1
11462,950506-4944178,user_1461@example.com,Female,0,No,21,87.28,1903.57,One year,Credit card,0
11463,790512-3156060,user_1462@example.com,Male,1,No,2,113.62,225.78,One year,Bank transfer,0
11464,710608-2953154,user_1463@example.com,Female,0,No,21,45.37,959.74,Month-to-month,Electronic check,1
11465,751109-3511504,user_1464@example.com,Male,0,Yes,72,99.85,,Month-to-month,Electronic check,1
11466,880228-4232824,user_1465@example.com,Male,0,Yes,0,24.05,,One year,Mailed check,0
11467,790603-2973623,user_1466@example.com,Female,0,No,72,72.45,5200.25,Month-to-month,Electronic check,0
11468,950702-3961350,user_1467@example.com,Male,0,No,10,25.57,322.48,One year,Electronic check,0
11469,700812-1663272,user_1468@example.com,Male,0,Yes,40,112.14,,Month-to-month,Bank transfer,1
11470,811112-3153227,user_1469@example.com,Male,0,Yes,30,95.33,2878.36,Month-to-month,Mailed check,0
11471,920801-2752965,user_1470@example.com,Male,0,No,16,84.46,1276.07,One year,Electronic check,0
11472,800208-2584042,user_1471@example.com,Male,0,No,26,101.1,2626.1,Month-to-month,Credit card,0
11473,961219-4394774,user_1472@example.com,Female,0,No,42,83.41,3473.72,Two year,Mailed check,0
11474,781126-2336904,user_1473@example.com,Female,0,No,10,115.64,,Two year,Mailed check,0
11475,840618-4616451,user_1474@example.com,Female,0,Yes,7,90.07,590.02,One year,Mailed check,0
11476,960816-3718134,user_1475@example.com,Male,0,Yes,22,111.2,2395.11,Two year,Credit card,0
11477,921113-2758438,user_1476@example.com,Female,0,Yes,32,70.34,2147.64,Two year,Electronic check,0
11478,870802-3804873,user_1477@example.com,Male,0,No,28,30.24,907.81,Month-to-month,Credit card,1
11479,760728-3879971,user_1478@example.com,Male,0,Yes,31,71.45,2194.96,Two year,Mailed check,0
11480,900708-4703765,user_1479@example.com,Male,0,No,11,31.22,351.28,Month-to-month,Mailed check,0
11481,810910-2740858,user_1480@example.com,Male,0,No,34,77.9,2648.49,Month-to-month,Bank transfer,0
11482,810520-1353571,user_1481@example.com,Female,0,Yes,2,66.87,80.37,One year,Bank transfer,0
11483,880721-1444519,user_1482@example.com,Male,1,No,15,80.91,1150.7,One year,Bank transfer,0
11484,800125-1605315,user_1483@example.com,Female,1,No,0,19.51,,Month-to-month,Bank transfer,0
11485,950411-2791512,user_1484@example.com,Female,0,Yes,7,38.03,230.05,Month-to-month,Mailed check,0
11486,701025-4951907,user_1485@example.com,Female,1,No,9,67.76,628.17,One year,Credit card,0
11487,920927-3119029,user_1486@example.com,Female,0,No,10,113.79,,Month-to-month,Bank transfer,0
11488,820619-4495269,user_1487@example.com,Male,0,Yes,23,56.96,1397.4,One year,Credit card,0
11489,960617-2180727,user_1488@example.com,Male,0,No,9,61.04,600.72,One year,Bank transfer,0
11490,780220-3459173,user_1489@example.com,Male,0,No,11,90.15,1032.07,Month-to-month,Electronic check,1
11491,871123-2812151,user_1490@example.com,Male,0,Yes,5,79.03,389.17,Month-to-month,Bank transfer,0
11492,840716-2527232,user_1491@example.com,Female,0,No,9,48.47,511.94,One year,Credit card,0
11493,791021-2839357,user_1492@example.com,Male,0,Yes,5,59.68,287.5,Month-to-month,Bank transfer,0
11494,920414-1106384,user_1493@example.com,Male,0,No,1,40.32,38.76,Month-to-month,Electronic check,1
11495,721002-2577649,user_1494@example.com,Male,0,No,18,115.34,2084.62,Month-to-month,Credit card,1
11496,860310-1577557,user_1495@example.com,Male,0,Yes,22,31.6,730.29,Month-to-month,Credit card,1
11497,930417-4448079,user_1496@example.com,Female,0,Yes,19,55.78,1091.67,Month-to-month,Credit card,1
11498,940324-2762131,user_1497@example.com,Male,0,No,12,21.09,,Month-to-month,Mailed check,1
11499,960303-4790451,user_1498@example.com,Male,0,No,9,40.73,,One year,Credit card,0
11500,851207-2918055,user_1499@example.com,Female,0,No,39,96.74,3804.86,One year,Mailed check,0
11501,960201-4652350,user_1500@example.com,Male,1,Yes,14,38.67,577.14,Two year,Electronic check,0
11502,890613-1766770,user_1501@example.com,Male,0,Yes,13,26.53,325.22,Month-to-month,Credit card,0
11503,760727-4309807,user_1502@example.com,Male,0,No,0,66.06,,Month-to-month,Credit card,0
11504,830207-4525118,user_1503@example.com,Male,0,Yes,8,19.5,145.63,One year,Credit card,0
11505,910415-1401421,user_1504@example.com,Female,0,No,9,27.0,274.18,One year,Electronic check,0
11506,700116-1797044,user_1505@example.com,Female,0,Yes,10,99.46,1084.87,One year,Mailed check,0
11507,960823-3444290,user_1506@example.com,Male,0,No,17,95.84,1569.38,One year,Bank transfer,0
11508,930419-2549080,user_1507@example.com,Male,0,Yes,15,110.24,1632.27,One year,Electronic check,0
11509,831223-1563960,user_1508@example.com,Female,0,Yes,18,104.17,1855.59,Month-to-month,Electronic check,1
11510,880624-1445843,user_1509@example.com,Male,0,No,28,86.99,2503.51,One year,Electronic check,0
11511,700810-3309157,user_1510@example.com,Male,0,No,33,23.75,782.0,One year,Mailed check,0
11512,850406-4515042,user_1511@example.com,Male,0,No,25,96.98,2379.13,Two year,Mailed check,0
11513,920221-3235103,user_1512@example.com,Female,0,No,62,103.26,6430.05,One year,Mailed check,0
11514,740325-4978781,user_1513@example.com,Female,0,Yes,0,98.61,,One year,Mailed check,1
11515,870824-2859209,user_1514@example.com,Female,0,Yes,4,69.48,216.7,Month-to-month,Mailed check,0
11516,900210-2327889,user_1515@example.com,Female,0,No,0,41.85,,Two year,Credit card,0
11517,730317-4320635,user_1516@example.com,Female,0,Yes,20,103.24,2151.5,Two year,Bank transfer,0
11518,911217-1807944,user_1517@example.com,Female,0,No,45,91.4,4132.21,One year,Bank transfer,0
11519,700309-1282305,user_1518@example.com,Male,0,Yes,5,116.82,589.49,One year,Mailed check,0
11520,730708-1809248,user_1519@example.com,Male,0,Yes,52,34.11,1761.23,Month-to-month,Mailed check,0
11521,740801-3399989,user_1520@example.com,Female,0,No,1,41.12,55.73,One year,Credit card,0
11522,980103-4639264,user_1521@example.com,Female,0,No,54,39.73,2159.43,One year,Mailed check,0
11523,730913-4325860,user_1522@example.com,Male,0,No,8,97.95,798.21,One year,Credit card,0
11524,830326-3181581,user_1523@example.com,Female,1,No,2,37.24,80.22,Month-to-month,Credit card,0
11525,911125-4537443,user_1524@example.com,Female,0,No,13,25.18,370.78,One year,Electronic check,0
11526,780210-2982232,user_1525@example.com,Female,0,No,5,118.61,594.21,Month-to-month,Electronic check,0
11527,760514-1429944,user_1526@example.com,Male,1,Yes,6,20.99,77.04,One year,Mailed check,0
11528,981005-1908757,user_1527@example.com,Female,0,Yes,7,102.23,684.99,Month-to-month,Credit card,0
11529,900505-2947584,user_1528@example.com,Male,0,Yes,32,55.13,1665.21,One year,Mailed check,0
11530,960519-2780952,user_1529@example.com,Male,1,No,15,102.87,1644.39,Month-to-month,Electronic check,0
11531,810301-4108651,user_1530@example.com,Male,0,Yes,7,74.1,561.84,Month-to-month,Electronic check,0
11532,820910-4757337,user_1531@example.com,Male,0,No,18,108.89,1918.52,One year,Electronic check,0
11533,830503-2550236,user_1532@example.com,Male,0,Yes,25,111.35,,Month-to-month,Electronic check,0
11534,930320-2405579,user_1533@example.com,Male,0,No,6,19.41,84.62,One year,Electronic check,0
11535,920201-4462087,user_1534@example.com,Female,0,Yes,10,26.06,337.73,Two year,Mailed check,1
11536,861014-2149202,user_1535@example.com,Female,0,Yes,2,43.6,,Two year,Mailed check,1
11537,730416-3116620,user_1536@example.com,Male,0,No,3,85.6,262.52,Month-to-month,Electronic check,0
11538,760814-1720841,user_1537@example.com,Female,0,No,22,107.55,2360.67,Two year,Mailed check,1
11539,830411-3815566,user_1538@example.com,Female,0,No,4,64.61,299.78,Month-to-month,Electronic check,1
11540,770822-1649814,user_1539@example.com,Female,0,No,14,79.35,1105.7,Two year,Electronic check,0
11541,920506-2448488,user_1540@example.com,Female,0,Yes,24,37.4,809.69,One year,Electronic check,0
11542,721204-1759470,user_1541@example.com,Female,0,No,2,99.2,185.84,Month-to-month,Mailed check,0
11543,821028-2859245,user_1542@example.com,Female,0,No,16,115.47,1798.91,Month-to-month,Mailed check,1
11544,820905-3501799,user_1543@example.com,Female,0,No,5,45.43,,Month-to-month,Credit card,1
11545,820917-4153117,user_1544@example.com,Male,0,Yes,65,68.11,4498.86,One year,Mailed check,0
11546,781102-1342432,user_1545@example.com,Female,0,No,13,27.13,265.72,Month-to-month,Mailed check,0
11547,770602-3956688,user_1546@example.com,Female,0,No,32,74.55,2345.59,One year,Bank transfer,1
11548,871128-1914269,user_1547@example.com,Male,0,Yes,15,68.9,1005.87,One year,Electronic check,1
11549,831123-3657337,user_1548@example.com,Male,0,No,0,32.98,,Two year,Electronic check,0
11550,830526-2849820,user_1549@example.com,Male,0,No,20,62.82,1293.41,Two year,Mailed check,0
11551,881102-2949406,user_1550@example.com,Female,1,No,60,51.99,3110.72,Month-to-month,Mailed check,0
11552,940214-1553992,user_1551@example.com,Male,1,Yes,18,70.81,1295.37,One year,Credit card,0
11553,770807-1613498,user_1552@example.com,Male,0,No,34,77.21,,Two year,Bank transfer,0
11554,850324-1881472,user_1553@example.com,Male,0,No,43,19.35,843.55,Two year,Electronic check,0
11555,960615-4979527,user_1554@example.com,Male,0,Yes,5,94.79,512.84,Month-to-month,Electronic check,1
11556,950111-3970240,user_1555@example.com,Female,0,Yes,4,89.98,323.31,Month-to-month,Mailed check,0
11557,940907-1920508,user_1556@example.com,Female,0,Yes,18,55.22,1033.03,Month-to-month,Mailed check,0
11558,950208-4677546,user_1557@example.com,Female,0,Yes,10,23.81,240.72,Month-to-month,Bank transfer,0
11559,820518-3880564,user_1558@example.com,Male,1,No,36,94.18,3442.75,Month-to-month,Electronic check,0
11560,721001-2663989,user_1559@example.com,Female,1,No,46,114.26,,Month-to-month,Bank transfer,0
11561,740309-2370615,user_1560@example.com,Female,0,Yes,8,42.58,359.7,One year,Electronic check,0
11562,761214-1739102,user_1561@example.com,Female,0,Yes,5,50.93,252.62,Month-to-month,Mailed check,1
11563,851118-2161929,user_1562@example.com,Female,0,No,30,36.93,1103.09,One year,Bank transfer,1
11564,900506-2714882,user_1563@example.com,Female,0,Yes,6,76.34,470.99,Month-to-month,Credit card,0
11565,960401-3165552,user_1564@example.com,Female,0,Yes,34,34.02,1183.52,Two year,Mailed check,0
11566,741220-3407478,user_1565@example.com,Female,0,No,11,54.21,533.83,Two year,Credit card,1
11567,760426-2296527,user_1566@example.com,Male,0,Yes,22,88.38,2016.04,One year,Credit card,0
11568,840210-4716407,user_1567@example.com,Male,0,No,2,74.65,56.32,Two year,Credit card,0
11569,710513-3919081,user_1568@example.com,Female,0,No,19,57.24,1053.32,Month-to-month,Electronic check,1
11570,910918-4444182,user_1569@example.com,Female,0,Yes,12,60.63,722.85,One year,Credit card,0
11571,970805-1682419,user_1570@example.com,Male,0,Yes,17,74.85,1293.07,Month-to-month,Electronic check,1
11572,941216-2280466,user_1571@example.com,Female,0,Yes,3,19.09,136.08,Month-to-month,Bank transfer,1
11573,940725-4710930,user_1572@example.com,Female,0,No,26,26.37,592.71,Month-to-month,Mailed check,0
11574,790816-4941993,user_1573@example.com,Female,1,Yes,39,106.85,4141.77,One year,Electronic check,0
11575,881220-4345441,user_1574@example.com,Male,0,Yes,4,26.31,0.0,Month-to-month,Electronic check,1
11576,971120-3733726,user_1575@example.com,Male,0,No,2,89.36,180.3,One year,Bank transfer,0
11577,820317-2160135,user_1576@example.com,Male,0,No,0,110.73,,Month-to-month,Bank transfer,1
11578,750324-2518528,user_1577@example.com,Female,0,Yes,20,45.64,992.34,Two year,Mailed check,0
11579,941125-1703021,user_1578@example.com,Male,0,No,18,55.64,1007.55,One year,Bank transfer,0
11580,821222-2742172,user_1579@example.com,Female,0,No,15,75.53,1185.15,Month-to-month,Electronic check,1
11581,730809-4112454,user_1580@example.com,Male,0,Yes,5,106.89,563.64,Month-to-month,Mailed check,1
11582,820202-4349102,user_1581@example.com,Male,0,No,9,112.93,994.61,Two year,Mailed check,0
11583,951102-4280440,user_1582@example.com,Male,0,Yes,18,92.64,1597.07,Month-to-month,Mailed check,0
11584,740220-3538788,user_1583@example.com,Male,0,No,13,27.18,367.09,Month-to-month,Credit card,0
11585,800817-2776700,user_1584@example.com,Male,0,Yes,72,85.58,,One year,Credit card,0
11586,740403-3981625,user_1585@example.com,Female,1,Yes,2,59.63,184.02,Month-to-month,Electronic check,0
11587,800122-4480209,user_1586@example.com,Female,0,Yes,23,65.69,1502.77,Month-to-month,Credit card,0
11588,911101-1942367,user_1587@example.com,Female,0,No,10,23.43,294.06,Month-to-month,Bank transfer,1
11589,850606-1908109,user_1588@example.com,Female,0,No,11,37.65,390.14,Month-to-month,Mailed check,1
11590,740818-2663012,user_1589@example.com,Female,0,No,25,97.75,2457.19,Month-to-month,Electronic check,0
11591,790227-1413555,user_1590@example.com,Male,0,Yes,23,64.01,,Month-to-month,Bank transfer,0
11592,750504-1527345,user_1591@example.com,Male,0,Yes,72,48.74,3507.03,Month-to-month,Mailed check,0
11593,820705-1183042,user_1592@example.com,Female,0,No,2,57.0,92.37,Month-to-month,Bank transfer,0
11594,750827-2419947,user_1593@example.com,Female,0,Yes,2,104.15,,Two year,Credit card,1
11595,711126-4485334,user_1594@example.com,Female,0,Yes,25,93.59,2293.44,One year,Bank transfer,0
11596,790808-2533123,user_1595@example.com,Female,0,No,17,45.8,718.13,One year,Credit card,0
11597,841018-2599666,user_1596@example.com,Male,0,Yes,6,30.28,243.82,Month-to-month,Bank transfer,0
11598,930302-1140584,user_1597@example.com,Male,1,No,1,43.76,80.12,Month-to-month,Electronic check,0
11599,940302-2233229,user_1598@example.com,Female,1,No,1,110.81,114.1,Two year,Credit card,0
11600,730216-4942496,user_1599@example.com,Female,0,Yes,44,76.8,3462.46,One year,Credit card,0
11601,870609-2836900,user_1600@example.com,Male,0,No,4,71.98,274.53,Month-to-month,Mailed check,1
11602,900308-4528341,user_1601@example.com,Male,0,No,7,78.29,614.17,Month-to-month,Credit card,0
11603,951216-2989707,user_1602@example.com,Female,0,Yes,5,55.19,,Month-to-month,Mailed check,0
11604,810504-3757961,user_1603@example.com,Male,0,No,8,99.41,744.04,Two year,Credit card,0
11605,780424-1946212,user_1604@example.com,Female,0,No,1,70.96,,Month-to-month,Credit card,1
11606,940311-1198911,user_1605@example.com,Male,0,Yes,14,30.2,472.34,One year,Credit card,1
11607,911126-2959834,user_1606@example.com,Female,1,Yes,1,31.44,25.39,One year,Credit card,0
11608,910407-3413333,user_1607@example.com,Male,0,No,32,72.32,2350.6,Two year,Mailed check,0
11609,790519-2887611,user_1608@example.com,Female,0,No,5,112.39,541.76,Two year,Electronic check,0
11610,860801-1389951,user_1609@example.com,Male,0,No,15,49.41,782.61,Month-to-month,Bank transfer,0
11611,900125-1401032,user_1610@example.com,Female,0,Yes,42,105.67,4318.59,One year,Credit card,0
11612,800607-3435777,user_1611@example.com,Male,0,No,21,95.1,1946.11,One year,Credit card,0
11613,830518-4403851,user_1612@example.com,Male,0,No,15,43.34,699.06,One year,Electronic check,0
11614,881213-3602154,user_1613@example.com,Female,1,Yes,7,22.14,142.5,Two year,Mailed check,1
11615,840517-3535937,user_1614@example.com,Female,1,No,8,28.71,240.06,Two year,Bank transfer,0
11616,820725-1159075,user_1615@example.com,Female,0,Yes,22,91.53,1946.32,Month-to-month,Electronic check,0
11617,841103-4465003,user_1616@example.com,Male,0,Yes,72,38.52,2865.83,Month-to-month,Electronic check,0
11618,800521-1327563,user_1617@example.com,Male,0,Yes,21,55.72,1229.65,One year,Electronic check,0
11619,791011-2728228,user_1618@example.com,Female,0,Yes,16,68.8,1090.77,Month-to-month,Electronic check,0
11620,890112-1646816,user_1619@example.com,Female,0,No,26,91.23,2351.75,Month-to-month,Credit card,0
11621,770325-3929929,user_1620@example.com,Female,0,Yes,12,29.85,409.68,Month-to-month,Bank transfer,1
11622,710927-1292542,user_1621@example.com,Male,0,Yes,1,59.24,,Two year,Credit card,1
11623,730420-4135216,user_1622@example.com,Female,1,Yes,16,67.13,1121.77,Month-to-month,Electronic check,1
11624,900604-4661103,user_1623@example.com,Female,0,Yes,63,72.72,4689.95,One year,Bank transfer,0
11625,840311-1811180,user_1624@example.com,Male,0,No,3,100.54,,Month-to-month,Electronic check,1
11626,920823-1644318,user_1625@example.com,Female,0,No,23,35.71,780.36,Month-to-month,Mailed check,0
11627,890208-2884311,user_1626@example.com,Male,0,Yes,4,99.49,338.51,Month-to-month,Electronic check,0
11628,910711-3859189,user_1627@example.com,Male,0,No,15,87.96,1341.49,Month-to-month,Electronic check,1
11629,970920-1257855,user_1628@example.com,Male,0,Yes,2,74.23,157.24,Two year,Mailed check,0
11630,941024-1250652,user_1629@example.com,Female,0,Yes,11,88.63,967.33,Two year,Credit card,0
11631,790614-2503835,user_1630@example.com,Male,0,No,28,59.8,1714.86,One year,Bank transfer,0
11632,970427-2632434,user_1631@example.com,Male,0,Yes,8,32.37,320.58,Month-to-month,Electronic check,1
11633,971225-1807382,user_1632@example.com,Female,0,No,21,85.24,1713.76,Month-to-month,Electronic check,0
11634,820208-3599840,user_1633@example.com,Male,0,Yes,31,71.1,2174.25,Month-to-month,Mailed check,0
11635,980811-3791080,user_1634@example.com,Male,0,Yes,52,82.6,4336.21,Month-to-month,Bank transfer,1
11636,930128-3786275,user_1635@example.com,Female,0,Yes,5,52.38,238.51,Month-to-month,Mailed check,0
11637,981224-1826940,user_1636@example.com,Male,0,No,10,109.41,1054.19,One year,Electronic check,0
11638,810405-3428065,user_1637@example.com,Female,1,Yes,3,77.38,283.07,Month-to-month,Credit card,1
11639,731024-3228619,user_1638@example.com,Male,0,Yes,72,27.06,1883.84,Month-to-month,Credit card,1
11640,770723-3900854,user_1639@example.com,Male,0,Yes,52,63.59,3291.6,Two year,Bank transfer,0
11641,850203-1203601,user_1640@example.com,Female,1,No,15,94.32,1431.23,Month-to-month,Electronic check,0
11642,790602-1332271,user_1641@example.com,Male,0,Yes,36,98.11,3503.27,Two year,Mailed check,0
11643,930907-3925696,user_1642@example.com,Female,1,No,14,68.08,992.28,Two year,Electronic check,0
11644,731011-3651018,user_1643@example.com,Female,0,No,19,108.2,2027.36,Month-to-month,Mailed check,0
11645,720211-2292986,user_1644@example.com,Male,0,No,1,45.33,115.76,Month-to-month,Mailed check,1
11646,740417-1411040,user_1645@example.com,Female,1,No,28,59.66,1664.19,One year,Bank transfer,1
11647,811009-1525144,user_1646@example.com,Male,1,Yes,2,108.58,250.72,Month-to-month,Mailed check,0
11648,950420-2149165,user_1647@example.com,Male,1,Yes,34,108.35,3721.2,Month-to-month,Bank transfer,1
11649,950719-2681602,user_1648@example.com,Female,0,No,30,87.24,2585.82,One year,Credit card,0
11650,891122-1301178,user_1649@example.com,Male,0,No,24,104.61,2407.97,Month-to-month,Bank transfer,0
11651,721215-3794692,user_1650@example.com,Male,0,Yes,0,27.4,,Month-to-month,Bank transfer,1
11652,960424-4921863,user_1651@example.com,Male,0,Yes,7,105.22,,One year,Bank transfer,1
11653,801109-4818861,user_1652@example.com,Male,0,Yes,6,50.64,331.63,One year,Credit card,1
11654,840810-1302208,user_1653@example.com,Male,1,Yes,8,36.38,279.71,Month-to-month,Bank transfer,1
11655,920917-2546512,user_1654@example.com,Male,0,No,1,42.5,20.98,Month-to-month,Mailed check,0
11656,790213-1732988,user_1655@example.com,Male,1,Yes,55,60.4,3422.42,Month-to-month,Mailed check,0
11657,970813-4135497,user_1656@example.com,Female,1,No,16,43.68,625.26,Month-to-month,Bank transfer,0
11658,890707-1537295,user_1657@example.com,Male,0,Yes,7,50.64,391.18,One year,Mailed check,0
11659,840903-1176798,user_1658@example.com,Female,0,No,10,32.03,291.57,One year,Bank transfer,0
11660,800821-3840596,user_1659@example.com,Female,0,No,11,48.19,513.3,One year,Credit card,0
11661,930610-2443536,user_1660@example.com,Female,0,Yes,18,75.87,1349.8,Month-to-month,Mailed check,0
11662,890921-2113683,user_1661@example.com,Male,0,No,14,62.8,839.03,Month-to-month,Bank transfer,1
11663,961001-1533207,user_1662@example.com,Female,0,Yes,50,53.26,2691.56,Month-to-month,Electronic check,0
11664,880917-3355475,user_1663@example.com,Male,0,No,13,93.33,1282.82,Month-to-month,Credit card,0
11665,740404-1641646,user_1664@example.com,Female,0,No,72,108.07,7804.54,Month-to-month,Electronic check,1
11666,740107-2205422,user_1665@example.com,Female,0,Yes,38,94.37,3591.23,Month-to-month,Bank transfer,0
11667,940414-2137573,user_1666@example.com,Male,0,No,4,51.78,157.8,Month-to-month,Mailed check,0
11668,790720-4382344,user_1667@example.com,Female,1,Yes,53,93.13,4961.73,One year,Bank transfer,1
11669,820101-3246632,user_1668@example.com,Female,1,Yes,2,33.74,175.3,One year,Mailed check,0
11670,740116-4197412,user_1669@example.com,Male,1,No,34,31.56,1054.01,One year,Bank transfer,0
11671,750423-3509330,user_1670@example.com,Male,0,Yes,9,53.15,459.55,Month-to-month,Bank transfer,0
11672,900623-2856046,user_1671@example.com,Male,0,No,42,99.47,4149.69,Two year,Mailed check,0
11673,870507-3642555,user_1672@example.com,Male,0,Yes,40,43.2,1703.53,Two year,Mailed check,0
11674,720816-1562928,user_1673@example.com,Female,0,Yes,32,24.84,657.62,Month-to-month,Bank transfer,0
11675,730304-3396280,user_1674@example.com,Male,0,No,31,31.7,1002.95,One year,Electronic check,0
11676,961224-3758115,user_1675@example.com,Male,0,No,7,104.59,,Two year,Credit card,0
11677,980817-4834455,user_1676@example.com,Female,0,No,1,82.04,1.53,Month-to-month,Electronic check,0
11678,950222-2387762,user_1677@example.com,Female,0,Yes,10,43.88,476.46,Month-to-month,Electronic check,1
11679,980502-3535799,user_1678@example.com,Female,1,Yes,3,74.17,168.41,Month-to-month,Electronic check,1
11680,820523-4317770,user_1679@example.com,Male,0,Yes,23,71.39,1625.04,Month-to-month,Electronic check,0
11681,730215-1756278,user_1680@example.com,Male,0,No,8,84.21,,Month-to-month,Mailed check,1
11682,810404-4689480,user_1681@example.com,Female,1,No,72,41.88,2944.9,Two year,Electronic check,0
11683,781126-4992602,user_1682@example.com,Female,1,No,20,105.16,2026.57,One year,Credit card,0
11684,770701-4885866,user_1683@example.com,Male,0,Yes,34,49.51,1696.81,Month-to-month,Mailed check,0
11685,960417-1415346,user_1684@example.com,Male,0,No,2,88.09,233.65,One year,Electronic check,0
11686,820326-1329399,user_1685@example.com,Male,0,No,39,20.12,705.96,One year,Mailed check,0
11687,891220-2731797,user_1686@example.com,Female,0,No,51,55.86,2869.24,Month-to-month,Electronic check,1
11688,780912-4236479,user_1687@example.com,Female,0,Yes,13,53.76,727.93,Month-to-month,Electronic check,0
11689,861210-2976321,user_1688@example.com,Female,1,No,18,72.98,1210.68,Two year,Credit card,0
11690,721105-4262644,user_1689@example.com,Male,0,Yes,28,25.79,762.05,One year,Mailed check,0
11691,821024-2313441,user_1690@example.com,Male,0,No,3,97.71,336.96,Month-to-month,Mailed check,1
11692,930109-2254084,user_1691@example.com,Female,0,No,13,40.33,508.7,Month-to-month,Bank transfer,1
11693,720512-4643623,user_1692@example.com,Female,0,Yes,10,86.37,,Month-to-month,Electronic check,1
11694,910907-2725760,user_1693@example.com,Male,0,No,3,99.02,353.88,Month-to-month,Electronic check,1
11695,930108-4272216,user_1694@example.com,Female,0,No,9,74.83,678.63,Month-to-month,Credit card,1
11696,860705-1324589,user_1695@example.com,Male,0,Yes,1,92.77,70.2,One year,Credit card,0
11697,770418-3912252,user_1696@example.com,Male,0,No,0,84.85,,Month-to-month,Mailed check,1
11698,760814-1381805,user_1697@example.com,Male,0,Yes,2,54.14,106.4,Month-to-month,Credit card,1
11699,750321-2275426,user_1698@example.com,Male,0,No,65,99.59,6501.84,Month-to-month,Mailed check,0
11700,790921-3483577,user_1699@example.com,Female,0,No,15,48.04,704.39,Month-to-month,Electronic check,1
11701,760712-2724291,user_1700@example.com,Male,0,No,67,75.76,4966.04,Two year,Electronic check,0
11702,890320-1560596,user_1701@example.com,Female,0,No,11,93.23,1088.97,Month-to-month,Mailed check,0
11703,910413-1622812,user_1702@example.com,Female,1,No,7,56.49,404.94,One year,Credit card,0
11704,920706-4581881,user_1703@example.com,Male,0,Yes,14,48.85,664.92,Month-to-month,Credit card,0
11705,980828-2551111,user_1704@example.com,Female,0,No,11,64.55,752.91,Month-to-month,Mailed check,0
11706,860924-2260472,user_1705@example.com,Female,0,Yes,2,100.5,277.23,One year,Electronic check,1
11707,731012-2972637,user_1706@example.com,Female,0,Yes,20,111.72,,Month-to-month,Mailed check,0
11708,871004-2175224,user_1707@example.com,Female,0,Yes,4,73.14,314.27,One year,Credit card,0
11709,840915-4128612,user_1708@example.com,Female,0,No,19,84.81,1540.06,Month-to-month,Mailed check,1
11710,880317-1507799,user_1709@example.com,Male,0,No,21,109.05,2315.01,One year,Electronic check,1
11711,721204-2429271,user_1710@example.com,Female,1,Yes,3,28.38,,One year,Bank transfer,0
11712,721211-2980160,user_1711@example.com,Male,0,Yes,1,41.77,73.56,One year,Mailed check,0
11713,821018-2232876,user_1712@example.com,Female,0,Yes,30,89.57,2662.14,One year,Bank transfer,0
11714,731101-3934309,user_1713@example.com,Male,0,No,12,101.08,1119.3,One year,Mailed check,0
11715,740122-4113229,user_1714@example.com,Female,0,Yes,1,104.42,81.9,Two year,Credit card,0
11716,930503-3150812,user_1715@example.com,Female,0,Yes,72,60.11,4348.26,Month-to-month,Credit card,0
11717,961218-1566102,user_1716@example.com,Female,0,No,1,27.46,78.23,One year,Bank transfer,0
11718,860120-4881489,user_1717@example.com,Male,0,Yes,23,62.39,1376.38,Month-to-month,Mailed check,0
11719,980318-3890944,user_1718@example.com,Male,0,Yes,72,41.63,3048.71,Month-to-month,Credit card,0
11720,720710-1740729,user_1719@example.com,Female,1,Yes,5,47.69,206.06,Month-to-month,Bank transfer,0
11721,780806-1811439,user_1720@example.com,Male,1,Yes,3,95.92,305.88,Two year,Bank transfer,0
11722,930828-1945129,user_1721@example.com,Male,1,Yes,2,26.07,26.65,Month-to-month,Mailed check,0
11723,801222-3877637,user_1722@example.com,Female,0,No,7,101.47,719.4,One year,Credit card,1
11724,770713-4937650,user_1723@example.com,Male,0,No,2,61.37,167.33,Month-to-month,Bank transfer,1
11725,770523-1959555,user_1724@example.com,Female,0,No,23,78.26,1738.63,Month-to-month,Electronic check,1
11726,720625-4356923,user_1725@example.com,Male,1,Yes,1,27.49,0.0,Two year,Electronic check,0
11727,940322-4860484,user_1726@example.com,Male,0,Yes,14,52.32,741.73,Month-to-month,Credit card,0
11728,940618-4146381,user_1727@example.com,Male,0,No,72,27.49,2099.36,Month-to-month,Credit card,0
11729,741127-1176252,user_1728@example.com,Male,0,No,33,114.89,,Month-to-month,Electronic check,0
11730,861225-2368064,user_1729@example.com,Female,0,No,19,99.43,1991.18,One year,Bank transfer,0
11731,700422-2389361,user_1730@example.com,Male,1,No,7,64.58,552.28,Month-to-month,Mailed check,1
11732,861220-4572597,user_1731@example.com,Male,1,Yes,19,40.92,,Month-to-month,Bank transfer,1
11733,810501-3897094,user_1732@example.com,Female,1,Yes,14,112.08,,One year,Credit card,0
11734,841003-1536165,user_1733@example.com,Female,0,No,11,53.05,548.95,Month-to-month,Credit card,0
11735,941119-3834549,user_1734@example.com,Female,0,No,2,34.64,65.87,One year,Mailed check,0
11736,960225-4323926,user_1735@example.com,Female,0,No,43,74.96,,Month-to-month,Bank transfer,1
11737,831109-4190319,user_1736@example.com,Male,0,Yes,11,113.11,1240.4,Month-to-month,Mailed check,1
11738,950117-2321161,user_1737@example.com,Male,0,No,4,18.88,150.36,One year,Bank transfer,0
11739,800302-4404583,user_1738@example.com,Male,0,No,9,42.37,350.78,Two year,Bank transfer,0
11740,880418-1738333,user_1739@example.com,Female,0,Yes,10,112.58,1113.76,One year,Electronic check,0
11741,930726-2872423,user_1740@example.com,Female,0,Yes,35,35.65,1162.69,One year,Bank transfer,0
11742,981019-3987984,user_1741@example.com,Male,0,Yes,26,29.85,794.8,Month-to-month,Credit card,1
11743,970325-3280080,user_1742@example.com,Female,1,Yes,29,75.66,2207.36,Month-to-month,Credit card,0
11744,800617-2570033,user_1743@example.com,Female,0,No,0,104.9,,Month-to-month,Credit card,1
11745,830318-4137631,user_1744@example.com,Male,0,Yes,10,66.33,,Two year,Electronic check,0
11746,910122-1961928,user_1745@example.com,Male,0,No,13,118.21,1522.09,Two year,Mailed check,0
11747,830312-1581616,user_1746@example.com,Female,0,Yes,0,86.59,,Two year,Credit card,0
11748,710601-3934074,user_1747@example.com,Female,0,No,6,25.93,,Month-to-month,Credit card,0
11749,810423-4293715,user_1748@example.com,Male,0,No,28,118.03,3320.59,Month-to-month,Mailed check,0
11750,800420-2873609,user_1749@example.com,Male,0,No,2,59.39,129.53,One year,Electronic check,0
11751,770208-2646912,user_1750@example.com,Female,1,Yes,15,47.31,765.82,One year,Bank transfer,1
11752,980707-2551373,user_1751@example.com,Male,0,Yes,4,74.43,331.57,One year,Mailed check,0
11753,730517-2438297,user_1752@example.com,Male,0,Yes,0,49.01,,One year,Bank transfer,0
11754,920208-3298745,user_1753@example.com,Female,1,No,5,27.17,211.77,Month-to-month,Bank transfer,1
11755,770417-3259312,user_1754@example.com,Female,1,Yes,72,18.64,1363.09,Month-to-month,Bank transfer,0
11756,760905-2156718,user_1755@example.com,Female,0,Yes,32,63.57,2099.49,Month-to-month,Mailed check,1
11757,711117-4732439,user_1756@example.com,Male,0,Yes,64,102.4,6583.95,Month-to-month,Mailed check,0
11758,870303-4946104,user_1757@example.com,Female,0,Yes,13,75.87,894.21,Month-to-month,Bank transfer,0
11759,780523-2518396,user_1758@example.com,Female,0,No,2,118.67,302.58,Month-to-month,Electronic check,0
11760,940102-2868661,user_1759@example.com,Female,0,Yes,15,47.26,715.66,Month-to-month,Electronic check,1
11761,850316-3949403,user_1760@example.com,Female,0,No,12,46.62,556.84,One year,Electronic check,0
11762,960705-2330183,user_1761@example.com,Female,0,No,37,34.51,1290.94,Two year,Credit card,0
11763,980125-2201242,user_1762@example.com,Male,0,Yes,2,34.95,52.65,Two year,Bank transfer,0
11764,790612-1966407,user_1763@example.com,Female,0,No,13,47.09,623.52,Month-to-month,Credit card,0
11765,971204-4708716,user_1764@example.com,Female,0,Yes,3,97.98,264.35,Month-to-month,Electronic check,1
11766,940517-4415960,user_1765@example.com,Male,0,Yes,7,109.3,828.81,Month-to-month,Mailed check,0
11767,900506-1425860,user_1766@example.com,Female,0,Yes,26,116.25,3016.82,Two year,Electronic check,0
11768,710311-2939714,user_1767@example.com,Male,0,Yes,12,41.79,482.35,Month-to-month,Credit card,0
11769,780816-1585244,user_1768@example.com,Male,0,Yes,9,106.85,915.4,Month-to-month,Credit card,0
11770,910526-2719032,user_1769@example.com,Female,0,Yes,10,51.41,527.54,Two year,Electronic check,1
11771,790814-1113461,user_1770@example.com,Female,0,No,12,29.81,367.08,Month-to-month,Bank transfer,1
11772,940113-4148916,user_1771@example.com,Male,1,Yes,30,105.72,3191.02,Two year,Mailed check,0
11773,781221-1300091,user_1772@example.com,Female,1,No,44,82.27,3568.52,Month-to-month,Mailed check,0
11774,970324-2479415,user_1773@example.com,Female,1,No,62,35.01,2090.56,Month-to-month,Electronic check,1
11775,890810-4506848,user_1774@example.com,Female,0,Yes,30,61.59,1878.98,Month-to-month,Bank transfer,0
11776,890526-3623111,user_1775@example.com,Female,0,Yes,7,47.3,405.33,Two year,Bank transfer,0
11777,971006-3799054,user_1776@example.com,Female,0,Yes,23,92.36,,Two year,Electronic check,0
11778,961021-3616675,user_1777@example.com,Male,0,No,11,63.95,782.92,One year,Mailed check,0
11779,910615-2793194,user_1778@example.com,Male,0,No,5,117.68,602.6,Month-to-month,Mailed check,1
11780,810824-2390397,user_1779@example.com,Male,0,Yes,36,23.99,863.29,Month-to-month,Mailed check,0
11781,830418-2772549,user_1780@example.com,Male,0,No,0,54.09,,Two year,Bank transfer,1
11782,950302-4182423,user_1781@example.com,Male,0,No,46,66.81,3004.03,One year,Electronic check,0
11783,740316-2378764,user_1782@example.com,Male,0,No,12,68.94,876.67,One year,Bank transfer,1
11784,810509-3789927,user_1783@example.com,Female,0,No,20,50.17,964.62,Month-to-month,Mailed check,0
11785,971007-4728961,user_1784@example.com,Female,0,Yes,21,91.61,1884.82,Month-to-month,Bank transfer,1
11786,970919-2784669,user_1785@example.com,Male,0,No,45,106.19,4828.15,Month-to-month,Mailed check,1
11787,980712-3473074,user_1786@example.com,Male,0,Yes,20,112.61,2158.05,One year,Electronic check,0
11788,720319-3647277,user_1787@example.com,Female,1,No,19,99.21,1808.81,Two year,Mailed check,0
11789,900406-2402183,user_1788@example.com,Female,0,No,1,103.77,102.86,Month-to-month,Credit card,1
11790,871215-3227281,user_1789@example.com,Female,0,No,14,73.69,,Month-to-month,Credit card,1
11791,840712-2628772,user_1790@example.com,Male,0,No,3,101.3,328.14,Month-to-month,Electronic check,0
11792,961009-4844551,user_1791@example.com,Male,0,Yes,26,48.93,1257.09,Month-to-month,Bank transfer,1
11793,721215-2664832,user_1792@example.com,Female,0,Yes,14,58.45,944.82,Two year,Bank transfer,0
11794,710704-1866921,user_1793@example.com,Male,0,Yes,22,50.27,1094.55,Month-to-month,Bank transfer,1
11795,900111-2590888,user_1794@example.com,Male,0,Yes,0,65.36,,Two year,Mailed check,0
11796,750713-1413880,user_1795@example.com,Female,0,Yes,1,47.13,7.28,One year,Credit card,0
11797,790522-2832120,user_1796@example.com,Female,0,Yes,25,114.9,2878.7,One year,Electronic check,0
11798,740428-1571178,user_1797@example.com,Female,0,Yes,1,49.86,80.61,Two year,Bank transfer,0
11799,980505-1398356,user_1798@example.com,Male,0,No,1,28.33,88.51,One year,Bank transfer,1
11800,740113-4781607,user_1799@example.com,Female,0,Yes,0,71.31,,Two year,Electronic check,1
11801,890706-3471854,user_1800@example.com,Male,1,No,62,24.22,1489.34,Month-to-month,Mailed check,1
11802,900924-1741405,user_1801@example.com,Female,0,Yes,26,29.58,791.42,One year,Bank transfer,0
11803,950716-2229658,user_1802@example.com,Female,0,Yes,8,40.49,353.27,One year,Mailed check,0
11804,940703-2357626,user_1803@example.com,Female,0,Yes,7,65.05,455.68,Month-to-month,Mailed check,0
11805,850512-1739432,user_1804@example.com,Female,0,Yes,8,61.93,522.56,One year,Mailed check,1
11806,930623-3165258,user_1805@example.com,Male,0,Yes,29,98.67,,One year,Bank transfer,0
11807,860822-3271934,user_1806@example.com,Female,0,No,21,92.63,2023.13,Two year,Bank transfer,0
11808,791027-4730241,user_1807@example.com,Female,0,No,4,61.24,294.59,Month-to-month,Electronic check,0
11809,850724-4228782,user_1808@example.com,Female,0,No,3,51.95,88.6,One year,Electronic check,0
11810,860613-3120148,user_1809@example.com,Male,1,Yes,2,50.23,46.7,Month-to-month,Mailed check,0
11811,940708-2376210,user_1810@example.com,Female,0,Yes,21,96.09,1965.54,One year,Bank transfer,0
11812,861014-2443228,user_1811@example.com,Male,0,No,28,23.72,698.06,Month-to-month,Mailed check,1
11813,971212-3951059,user_1812@example.com,Female,0,Yes,6,19.79,54.5,One year,Electronic check,0
11814,930607-2707464,user_1813@example.com,Male,0,No,0,98.25,,Month-to-month,Mailed check,1
11815,870728-4458550,user_1814@example.com,Male,0,No,1,66.33,,Month-to-month,Credit card,0
11816,771218-1750190,user_1815@example.com,Male,1,Yes,68,31.62,2146.85,Month-to-month,Mailed check,0
11817,760828-1768682,user_1816@example.com,Male,0,Yes,7,42.12,307.78,Month-to-month,Bank transfer,1
11818,790525-2957877,user_1817@example.com,Male,0,Yes,29,111.98,3194.13,One year,Mailed check,0
11819,710316-3564991,user_1818@example.com,Male,0,No,19,104.67,,Two year,Mailed check,0
11820,910504-3151517,user_1819@example.com,Female,0,Yes,9,89.66,776.28,Month-to-month,Bank transfer,0
11821,881023-4402024,user_1820@example.com,Male,1,Yes,4,66.84,251.13,Month-to-month,Credit card,1
11822,870517-3802481,user_1821@example.com,Male,0,Yes,2,70.66,153.21,Month-to-month,Bank transfer,0
11823,960501-4695853,user_1822@example.com,Female,0,Yes,19,116.27,2214.28,One year,Electronic check,0
11824,960104-3369222,user_1823@example.com,Male,0,No,29,115.32,3345.48,Month-to-month,Credit card,1
11825,931213-1707118,user_1824@example.com,Male,1,No,20,40.08,764.07,Month-to-month,Credit card,1
11826,890226-4188062,user_1825@example.com,Female,0,Yes,15,99.81,1482.17,Month-to-month,Bank transfer,0
11827,831213-2215292,user_1826@example.com,Female,0,Yes,0,38.27,,Month-to-month,Mailed check,0
11828,950325-3491340,user_1827@example.com,Female,0,No,69,39.91,2685.04,Month-to-month,Electronic check,1
11829,770611-1984978,user_1828@example.com,Female,0,Yes,32,86.28,2737.83,Month-to-month,Electronic check,0
11830,950802-3622771,user_1829@example.com,Male,1,No,6,59.1,373.98,One year,Credit card,0
11831,890924-3190358,user_1830@example.com,Male,0,Yes,72,111.89,7992.21,One year,Electronic check,0
11832,861124-4412856,user_1831@example.com,Male,0,Yes,18,27.42,551.39,Month-to-month,Credit card,0
11833,940110-3982048,user_1832@example.com,Female,0,No,17,69.78,1249.74,One year,Credit card,0
11834,910527-2360732,user_1833@example.com,Female,0,Yes,27,110.58,2923.4,Month-to-month,Electronic check,0
11835,720818-3579450,user_1834@example.com,Female,0,Yes,33,109.14,3669.5,Two year,Credit card,0
11836,730328-3630391,user_1835@example.com,Female,0,No,21,34.19,710.81,Month-to-month,Mailed check,1
11837,890619-3333351,user_1836@example.com,Male,0,Yes,2,55.26,,One year,Credit card,0
11838,760410-4859064,user_1837@example.com,Female,0,Yes,8,80.57,619.73,One year,Mailed check,0
11839,790822-4251665,user_1838@example.com,Female,0,Yes,52,34.48,1839.11,Month-to-month,Mailed check,1
11840,790709-1707448,user_1839@example.com,Male,0,Yes,5,115.54,598.0,Two year,Mailed check,0
11841,780616-1500733,user_1840@example.com,Female,0,No,9,110.2,951.09,Month-to-month,Electronic check,0
11842,750507-1370599,user_1841@example.com,Female,0,No,11,35.24,329.38,One year,Mailed check,0
11843,701020-4872255,user_1842@example.com,Male,0,No,11,30.65,264.13,Month-to-month,Electronic check,0
11844,980127-4720342,user_1843@example.com,Female,0,Yes,18,27.06,496.48,Month-to-month,Bank transfer,1
11845,830620-2494235,user_1844@example.com,Female,1,No,57,109.67,,One year,Mailed check,0
11846,980724-1962072,user_1845@example.com,Male,0,Yes,5,37.91,222.1,Month-to-month,Credit card,1
11847,890305-2908027,user_1846@example.com,Female,0,Yes,2,60.23,114.56,Month-to-month,Bank transfer,0
11848,980803-2615806,user_1847@example.com,Female,0,No,4,63.5,196.15,Month-to-month,Bank transfer,0
11849,820621-1894102,user_1848@example.com,Male,0,No,43,78.55,3343.55,One year,Mailed check,0
11850,830907-3954421,user_1849@example.com,Male,0,Yes,20,25.69,,Month-to-month,Electronic check,1
11851,781020-2777968,user_1850@example.com,Female,0,Yes,6,41.23,,Month-to-month,Bank transfer,0
11852,770606-2403358,user_1851@example.com,Male,0,No,33,111.88,3699.21,One year,Mailed check,0
11853,901011-3194373,user_1852@example.com,Male,0,No,39,109.57,4219.45,Month-to-month,Bank transfer,0
11854,860706-1653516,user_1853@example.com,Female,0,No,37,96.82,3599.17,Month-to-month,Bank transfer,1
11855,830308-1574163,user_1854@example.com,Female,0,No,50,20.44,999.12,Month-to-month,Mailed check,0
11856,780905-3411302,user_1855@example.com,Female,0,Yes,5,51.28,308.74,Month-to-month,Credit card,0
11857,751212-2474339,user_1856@example.com,Female,0,No,28,81.45,2319.28,Month-to-month,Credit card,0
11858,951215-4486252,user_1857@example.com,Male,0,No,12,46.09,528.29,Two year,Credit card,0
11859,801111-2648754,user_1858@example.com,Male,0,Yes,36,109.69,3942.51,Month-to-month,Bank transfer,0
11860,900101-1871224,user_1859@example.com,Female,1,Yes,26,82.05,2105.74,Month-to-month,Electronic check,1
11861,890923-2986999,user_1860@example.com,Male,0,No,29,25.71,674.62,Month-to-month,Electronic check,1
11862,800917-3467527,user_1861@example.com,Female,0,Yes,21,109.63,2259.36,Month-to-month,Bank transfer,0
11863,711009-4210464,user_1862@example.com,Female,0,No,3,114.52,353.47,One year,Bank transfer,0
11864,810311-1868912,user_1863@example.com,Male,0,No,15,26.29,410.61,Month-to-month,Mailed check,1
11865,891006-2586845,user_1864@example.com,Female,0,Yes,72,71.87,5182.07,Month-to-month,Electronic check,0
11866,891010-3754617,user_1865@example.com,Female,0,No,55,48.91,2674.96,Month-to-month,Bank transfer,0
11867,950121-2218788,user_1866@example.com,Male,1,No,0,57.88,,Two year,Credit card,0
11868,721119-4296274,user_1867@example.com,Female,0,No,3,36.51,112.71,Month-to-month,Electronic check,0
11869,830303-3128040,user_1868@example.com,Female,0,No,2,76.45,188.06,Month-to-month,Bank transfer,0
11870,800124-2563275,user_1869@example.com,Male,1,Yes,25,114.54,2774.81,One year,Mailed check,0
11871,860913-4740446,user_1870@example.com,Female,1,Yes,34,68.93,2147.5,Month-to-month,Mailed check,1
11872,910627-2887734,user_1871@example.com,Female,0,Yes,4,26.81,121.43,One year,Electronic check,0
11873,930701-2543694,user_1872@example.com,Female,1,No,14,80.66,1058.0,One year,Credit card,0
11874,980404-1854766,user_1873@example.com,Female,0,Yes,36,52.61,1883.34,Month-to-month,Electronic check,0
11875,810903-3356078,user_1874@example.com,Female,0,No,26,104.31,,Month-to-month,Bank transfer,0
11876,940511-2528846,user_1875@example.com,Female,1,Yes,15,62.08,,Two year,Credit card,0
11877,760314-4418164,user_1876@example.com,Male,0,No,17,37.83,663.11,One year,Bank transfer,0
11878,700827-3386796,user_1877@example.com,Female,0,No,14,37.66,535.53,Two year,Credit card,0
11879,801218-3539515,user_1878@example.com,Female,0,Yes,7,95.57,,Month-to-month,Credit card,1
11880,780511-2622383,user_1879@example.com,Female,0,No,16,45.13,740.5,Month-to-month,Bank transfer,1
11881,740122-2716125,user_1880@example.com,Male,1,Yes,23,95.42,2171.78,Two year,Electronic check,0
11882,920519-4680133,user_1881@example.com,Male,0,No,41,39.14,1658.31,Month-to-month,Mailed check,1
11883,971227-3202825,user_1882@example.com,Female,0,Yes,20,50.75,959.51,Two year,Credit card,1
11884,791225-1956159,user_1883@example.com,Female,0,Yes,28,65.17,,Month-to-month,Credit card,1
11885,760301-3942477,user_1884@example.com,Female,0,Yes,3,113.06,261.8,Two year,Mailed check,0
11886,820712-4346414,user_1885@example.com,Male,0,Yes,12,111.91,1353.12,Month-to-month,Electronic check,0
11887,960121-4121755,user_1886@example.com,Male,0,No,0,39.24,,Month-to-month,Mailed check,0
11888,820810-3262433,user_1887@example.com,Male,0,No,5,54.41,,Two year,Electronic check,0
11889,980406-3727229,user_1888@example.com,Male,0,No,25,33.48,758.75,Month-to-month,Credit card,0
11890,920328-4392003,user_1889@example.com,Female,0,Yes,72,69.63,4983.32,Month-to-month,Credit card,0
11891,790420-1871885,user_1890@example.com,Female,0,Yes,2,64.67,170.47,Month-to-month,Bank transfer,1
11892,800209-2554251,user_1891@example.com,Female,0,No,10,108.8,1104.77,One year,Electronic check,1
11893,931101-3783566,user_1892@example.com,Male,0,Yes,32,111.73,3584.38,Two year,Mailed check,0
11894,750817-4900494,user_1893@example.com,Male,0,No,4,56.95,179.99,Month-to-month,Electronic check,1
11895,830322-1375778,user_1894@example.com,Male,0,Yes,16,67.8,,Month-to-month,Electronic check,0
11896,941225-3805616,user_1895@example.com,Female,1,Yes,26,108.35,2879.35,Month-to-month,Electronic check,1
11897,711104-2842954,user_1896@example.com,Male,0,Yes,19,99.37,1885.45,One year,Electronic check,0
11898,961223-4925862,user_1897@example.com,Female,0,No,4,18.87,94.25,Month-to-month,Mailed check,0
11899,901023-2831067,user_1898@example.com,Male,1,Yes,8,50.59,398.96,Month-to-month,Bank transfer,1
11900,940903-3535372,user_1899@example.com,Male,0,No,30,60.78,1764.25,Month-to-month,Credit card,1
11901,760521-1242616,user_1900@example.com,Female,0,Yes,16,41.53,,One year,Mailed check,0
11902,890606-1380294,user_1901@example.com,Male,0,No,0,38.51,,Two year,Mailed check,0
11903,710609-3464289,user_1902@example.com,Female,0,No,28,22.29,739.4,Month-to-month,Credit card,1
11904,820816-1245482,user_1903@example.com,Male,0,No,0,83.0,,Month-to-month,Bank transfer,0
11905,770525-1436403,user_1904@example.com,Male,0,Yes,27,44.82,1251.27,One year,Mailed check,0
11906,700507-1814617,user_1905@example.com,Female,0,No,4,23.75,29.42,One year,Credit card,0
11907,940922-2495579,user_1906@example.com,Male,0,No,63,41.66,2632.45,Month-to-month,Bank transfer,0
11908,751105-1395229,user_1907@example.com,Male,0,No,9,98.89,938.84,Month-to-month,Bank transfer,0
11909,791101-2113785,user_1908@example.com,Female,0,No,7,103.86,623.41,Month-to-month,Electronic check,1
11910,970227-1940237,user_1909@example.com,Male,0,No,3,66.93,190.54,One year,Mailed check,0
11911,810614-1525119,user_1910@example.com,Female,0,No,7,60.21,,One year,Bank transfer,0
11912,760317-3278742,user_1911@example.com,Female,0,No,41,116.53,4742.63,Month-to-month,Mailed check,1
11913,790316-2638238,user_1912@example.com,Female,0,Yes,72,38.61,2799.18,Month-to-month,Credit card,1
11914,730409-1382182,user_1913@example.com,Male,1,No,9,40.09,416.84,Month-to-month,Mailed check,0
11915,850612-4274328,user_1914@example.com,Female,0,Yes,11,47.76,,Two year,Bank transfer,0
11916,980312-4726125,user_1915@example.com,Male,1,No,25,35.82,905.77,Month-to-month,Credit card,1
11917,830904-3981208,user_1916@example.com,Female,0,No,43,56.53,2436.51,Two year,Credit card,0
11918,890915-4864422,user_1917@example.com,Female,0,No,17,109.81,1866.86,One year,Electronic check,0
11919,890306-3795334,user_1918@example.com,Male,1,No,9,80.19,,Month-to-month,Credit card,1
11920,700703-1907013,user_1919@example.com,Female,0,No,10,59.8,653.42,Month-to-month,Bank transfer,0
11921,920906-2489386,user_1920@example.com,Female,1,No,23,112.17,2594.67,Two year,Electronic check,0
11922,710622-2905110,user_1921@example.com,Female,0,Yes,0,23.36,,Month-to-month,Bank transfer,0
11923,831209-1298079,user_1922@example.com,Male,0,Yes,19,39.58,711.69,Two year,Bank transfer,0
11924,950427-1745781,user_1923@example.com,Female,0,Yes,8,75.23,578.88,Month-to-month,Electronic check,0
11925,700828-1911048,user_1924@example.com,Male,0,No,31,80.21,2477.7,One year,Electronic check,0
11926,860406-1377689,user_1925@example.com,Male,0,No,1,22.47,0.0,Two year,Mailed check,1
11927,860323-4817886,user_1926@example.com,Male,0,No,17,58.9,916.9,Two year,Bank transfer,0
11928,930821-1885616,user_1927@example.com,Male,0,Yes,13,83.58,1056.5,Month-to-month,Mailed check,0
11929,930515-3227136,user_1928@example.com,Male,0,Yes,20,88.48,,One year,Credit card,0
11930,710410-3766511,user_1929@example.com,Female,1,No,1,82.47,49.81,Month-to-month,Credit card,0
11931,920408-4780966,user_1930@example.com,Female,0,No,17,50.64,809.94,Month-to-month,Mailed check,1
11932,740708-3281154,user_1931@example.com,Female,0,No,16,27.88,405.35,Month-to-month,Electronic check,0
11933,870427-4540398,user_1932@example.com,Male,0,Yes,16,61.32,958.35,Month-to-month,Credit card,0
11934,840402-3966274,user_1933@example.com,Female,0,Yes,18,31.41,547.69,Month-to-month,Electronic check,1
11935,971001-2495140,user_1934@example.com,Female,0,Yes,22,113.5,2605.28,Month-to-month,Mailed check,1
11936,780406-3164904,user_1935@example.com,Female,0,No,32,66.14,2169.21,Two year,Electronic check,0
11937,870815-3951450,user_1936@example.com,Male,0,No,6,50.31,353.1,One year,Bank transfer,0
11938,830308-3935451,user_1937@example.com,Female,1,No,34,95.32,3299.31,Month-to-month,Credit card,1
11939,970415-4504201,user_1938@example.com,Female,0,Yes,13,68.42,839.52,Two year,Electronic check,0
11940,891125-1338005,user_1939@example.com,Male,0,Yes,1,49.58,0.0,Month-to-month,Electronic check,1
11941,860925-2271100,user_1940@example.com,Female,0,No,1,99.9,44.56,Month-to-month,Bank transfer,0
11942,920924-1221320,user_1941@example.com,Female,0,Yes,8,105.43,910.17,One year,Electronic check,0
11943,920602-1672864,user_1942@example.com,Male,0,Yes,30,85.97,2551.74,Month-to-month,Mailed check,0
11944,750616-4558958,user_1943@example.com,Male,0,Yes,24,23.21,494.47,One year,Mailed check,0
11945,760212-4120705,user_1944@example.com,Male,0,Yes,31,75.27,2311.82,Month-to-month,Mailed check,1
11946,730302-2427042,user_1945@example.com,Male,1,No,14,95.02,1318.35,Month-to-month,Credit card,1
11947,791204-3983635,user_1946@example.com,Female,1,Yes,11,32.18,367.4,Month-to-month,Electronic check,0
11948,960720-3759079,user_1947@example.com,Male,0,No,3,41.42,136.81,Two year,Credit card,1
11949,721115-4118449,user_1948@example.com,Female,0,No,7,106.97,,One year,Credit card,0
11950,980304-3113301,user_1949@example.com,Male,0,Yes,11,20.52,260.0,One year,Electronic check,0
11951,781008-4673377,user_1950@example.com,Male,0,Yes,1,93.96,62.0,One year,Electronic check,0
11952,950127-4650831,user_1951@example.com,Male,0,Yes,4,66.0,256.19,Month-to-month,Mailed check,1
11953,740214-1958108,user_1952@example.com,Female,0,Yes,18,63.29,1173.56,One year,Credit card,0
11954,840304-3677623,user_1953@example.com,Female,0,Yes,26,19.21,467.37,Month-to-month,Credit card,0
11955,821128-2192856,user_1954@example.com,Female,1,No,72,100.64,7217.61,Month-to-month,Electronic check,1
11956,800601-3713111,user_1955@example.com,Female,0,Yes,54,54.57,2976.36,One year,Credit card,0
11957,790604-2302529,user_1956@example.com,Male,0,No,20,72.71,1411.31,Month-to-month,Bank transfer,0
11958,861222-4264156,user_1957@example.com,Male,0,No,10,86.4,844.76,Month-to-month,Electronic check,1
11959,740819-1987653,user_1958@example.com,Male,0,Yes,20,88.94,1806.59,Two year,Mailed check,0
11960,860320-1844743,user_1959@example.com,Female,0,No,30,114.34,3532.9,One year,Bank transfer,0
11961,740705-2376255,user_1960@example.com,Female,0,Yes,2,71.77,173.81,One year,Bank transfer,0
11962,930119-3625497,user_1961@example.com,Male,1,No,10,58.57,609.33,Month-to-month,Mailed check,0
11963,790322-1186316,user_1962@example.com,Male,1,No,36,114.11,4134.5,Month-to-month,Bank transfer,0
11964,851222-1856699,user_1963@example.com,Female,0,Yes,9,82.87,692.17,One year,Bank transfer,0
11965,860216-3398464,user_1964@example.com,Female,0,Yes,16,48.39,780.02,One year,Bank transfer,0
11966,810619-4656956,user_1965@example.com,Male,0,No,17,31.18,528.57,Month-to-month,Credit card,1
11967,740621-3116849,user_1966@example.com,Male,1,No,4,102.97,427.96,Two year,Bank transfer,0
11968,871218-4757897,user_1967@example.com,Male,0,Yes,8,54.81,444.31,Two year,Bank transfer,0
11969,730428-3503518,user_1968@example.com,Female,0,Yes,8,84.71,696.66,Month-to-month,Electronic check,0
11970,730811-3330810,user_1969@example.com,Female,0,Yes,0,65.7,,Two year,Mailed check,0
11971,841218-2586103,user_1970@example.com,Male,0,No,0,38.44,,Month-to-month,Credit card,1
11972,750223-4464841,user_1971@example.com,Male,0,Yes,35,78.82,2697.31,Month-to-month,Credit card,0
11973,920408-3915218,user_1972@example.com,Male,0,No,6,24.58,131.48,Month-to-month,Mailed check,0
11974,850915-2401774,user_1973@example.com,Female,0,Yes,14,59.94,908.7,One year,Credit card,1
11975,811121-3148205,user_1974@example.com,Female,0,Yes,7,73.3,529.04,Two year,Credit card,0
11976,710203-1390009,user_1975@example.com,Male,0,No,56,62.21,3482.71,One year,Credit card,0
11977,720509-2751557,user_1976@example.com,Male,0,No,6,93.55,656.11,One year,Electronic check,0
11978,751117-3136417,user_1977@example.com,Male,0,Yes,11,101.5,1048.46,Month-to-month,Electronic check,1
11979,780818-1688564,user_1978@example.com,Female,1,No,41,95.82,3873.15,Month-to-month,Credit card,0
11980,750409-1729827,user_1979@example.com,Female,0,Yes,36,22.39,891.68,Month-to-month,Mailed check,1
11981,780227-3157679,user_1980@example.com,Female,0,No,4,37.96,154.14,Month-to-month,Mailed check,1
11982,710310-4887275,user_1981@example.com,Female,0,No,32,72.29,2301.15,One year,Electronic check,0
11983,950913-1818049,user_1982@example.com,Male,1,No,12,112.22,1286.68,Month-to-month,Electronic check,0
11984,720806-1994628,user_1983@example.com,Male,0,Yes,13,102.2,1350.98,One year,Bank transfer,1
11985,730416-4107403,user_1984@example.com,Female,0,Yes,2,102.96,233.14,Month-to-month,Electronic check,0
11986,910505-2735116,user_1985@example.com,Female,0,Yes,1,48.9,0.0,Month-to-month,Credit card,1
11987,801119-3815216,user_1986@example.com,Female,0,Yes,26,61.55,,Month-to-month,Electronic check,0
11988,740618-2339432,user_1987@example.com,Male,0,No,13,65.69,837.19,Two year,Bank transfer,0
11989,870317-1525939,user_1988@example.com,Female,0,No,11,34.28,389.88,Month-to-month,Bank transfer,0
11990,920224-1607047,user_1989@example.com,Male,0,Yes,26,21.61,505.9,Month-to-month,Mailed check,1
11991,970304-3119622,user_1990@example.com,Male,0,No,29,113.43,3352.07,Two year,Mailed check,0
11992,900502-2856996,user_1991@example.com,Male,0,Yes,3,42.63,173.68,Two year,Credit card,0
11993,841105-2294087,user_1992@example.com,Female,1,No,18,42.55,,One year,Electronic check,0
11994,800114-2535366,user_1993@example.com,Female,1,Yes,2,26.86,42.9,Month-to-month,Bank transfer,1
11995,920201-2256636,user_1994@example.com,Female,0,No,27,111.58,3005.84,Month-to-month,Bank transfer,1
11996,950117-2165657,user_1995@example.com,Female,0,Yes,21,76.62,1570.1,Two year,Mailed check,1
11997,970716-2265909,user_1996@example.com,Male,0,No,62,85.37,5270.77,Two year,Mailed check,1
11998,890911-4452663,user_1997@example.com,Male,0,No,1,109.89,96.38,One year,Electronic check,0
11999,711121-4839649,user_1998@example.com,Female,0,Yes,1,53.15,133.79,Month-to-month,Bank transfer,0
12000,880821-4888324,user_1999@example.com,Male,0,Yes,6,80.81,532.19,Month-to-month,Mailed check,1
12001,771014-2671830,user_2000@example.com,Male,0,No,6,22.39,181.07,Month-to-month,Electronic check,1
12002,910226-1792137,user_2001@example.com,Female,0,No,5,37.22,204.6,One year,Electronic check,1
12003,840925-3142846,user_2002@example.com,Female,0,Yes,47,101.83,4730.14,Month-to-month,Electronic check,0
12004,780325-1176092,user_2003@example.com,Male,0,Yes,5,95.37,474.78,Two year,Mailed check,0
12005,750710-2601961,user_2004@example.com,Female,1,No,6,53.65,370.42,Month-to-month,Mailed check,0
12006,750501-4443980,user_2005@example.com,Male,0,Yes,28,56.28,1512.93,One year,Mailed check,0
12007,770828-1888892,user_2006@example.com,Female,0,Yes,11,71.99,823.72,Month-to-month,Credit card,0
12008,881215-4287455,user_2007@example.com,Male,0,No,29,18.52,653.21,Month-to-month,Credit card,1
12009,921109-3300650,user_2008@example.com,Female,0,Yes,1,42.68,95.77,Month-to-month,Credit card,0
12010,750112-4443009,user_2009@example.com,Male,0,No,13,39.38,582.64,One year,Mailed check,0
12011,900604-1676737,user_2010@example.com,Female,1,Yes,0,43.61,,One year,Mailed check,0
12012,880517-4453465,user_2011@example.com,Female,0,Yes,1,99.29,147.69,Month-to-month,Credit card,0
12013,810417-1280317,user_2012@example.com,Female,0,Yes,47,46.54,,Two year,Bank transfer,0
12014,880205-1449113,user_2013@example.com,Male,0,No,2,37.7,115.19,Month-to-month,Bank transfer,0
12015,830709-4523056,user_2014@example.com,Female,0,Yes,15,69.05,1068.47,Two year,Bank transfer,0
12016,810824-3170265,user_2015@example.com,Female,0,No,10,105.28,1067.3,Two year,Bank transfer,0
12017,891215-4280349,user_2016@example.com,Male,0,No,8,42.7,407.4,Two year,Credit card,1
12018,920222-2672843,user_2017@example.com,Female,0,No,46,26.37,1186.08,Month-to-month,Electronic check,0
12019,800521-3270247,user_2018@example.com,Male,0,Yes,0,54.23,,Month-to-month,Electronic check,0
12020,860804-1358665,user_2019@example.com,Male,0,Yes,21,93.45,,Two year,Bank transfer,0
12021,750617-4142604,user_2020@example.com,Male,0,Yes,66,73.71,4813.38,Month-to-month,Mailed check,0
12022,840428-1650254,user_2021@example.com,Male,0,No,16,100.38,1617.43,Month-to-month,Bank transfer,1
12023,921120-4301311,user_2022@example.com,Male,0,No,55,114.7,6222.55,One year,Bank transfer,0
12024,860910-2840677,user_2023@example.com,Male,0,No,1,97.96,150.31,Month-to-month,Electronic check,0
12025,700504-3668650,user_2024@example.com,Female,0,No,10,79.03,792.63,One year,Mailed check,0
12026,860720-3710433,user_2025@example.com,Male,0,Yes,6,67.96,381.72,Two year,Electronic check,0
12027,770526-1226308,user_2026@example.com,Female,0,No,26,22.52,543.8,One year,Mailed check,0
12028,791217-2344612,user_2027@example.com,Male,0,Yes,72,117.18,8425.23,Month-to-month,Credit card,0
12029,740806-3923834,user_2028@example.com,Female,0,No,5,56.94,319.11,Month-to-month,Electronic check,0
12030,740801-1404916,user_2029@example.com,Male,0,No,21,33.76,736.35,Month-to-month,Credit card,1
12031,880427-1847777,user_2030@example.com,Male,0,No,4,85.34,306.08,Month-to-month,Credit card,1
12032,951217-4924339,user_2031@example.com,Female,0,No,16,47.0,,Month-to-month,Bank transfer,0
12033,770525-2397426,user_2032@example.com,Female,0,No,12,77.22,959.48,Month-to-month,Mailed check,0
12034,980916-1843342,user_2033@example.com,Male,0,Yes,71,77.32,5453.6,Month-to-month,Electronic check,0
12035,710914-1711545,user_2034@example.com,Male,0,Yes,18,63.18,1140.24,Month-to-month,Bank transfer,0
12036,901012-1573663,user_2035@example.com,Female,0,No,8,102.32,824.75,Two year,Electronic check,0
12037,890928-2462337,user_2036@example.com,Female,0,Yes,2,45.06,,Month-to-month,Credit card,0
12038,880801-2311262,user_2037@example.com,Male,0,Yes,3,63.48,,Month-to-month,Electronic check,0
12039,761009-2899602,user_2038@example.com,Male,0,No,5,72.4,298.85,One year,Electronic check,0
12040,800426-1777483,user_2039@example.com,Female,0,No,5,85.03,329.59,One year,Bank transfer,0
12041,700120-1197479,user_2040@example.com,Male,0,No,38,97.09,3661.05,Month-to-month,Mailed check,1
12042,730823-2967561,user_2041@example.com,Male,1,No,16,58.08,1019.36,One year,Electronic check,0
12043,970215-3183987,user_2042@example.com,Female,0,No,14,83.27,1266.89,Month-to-month,Credit card,1
12044,920811-4458243,user_2043@example.com,Female,0,No,2,33.6,158.76,Month-to-month,Credit card,0
12045,780816-3964420,user_2044@example.com,Male,0,No,39,112.0,4358.35,Two year,Bank transfer,0
12046,820302-4849160,user_2045@example.com,Male,1,Yes,25,56.9,1333.39,Two year,Credit card,0
12047,700727-1330925,user_2046@example.com,Female,0,Yes,1,91.63,0.0,One year,Electronic check,0
12048,760123-2704912,user_2047@example.com,Female,0,Yes,24,20.54,462.26,One year,Mailed check,1
12049,710915-4369935,user_2048@example.com,Female,0,Yes,15,39.07,576.15,Two year,Electronic check,0
12050,781225-4807615,user_2049@example.com,Female,0,Yes,1,67.33,132.36,Two year,Bank transfer,0
12051,840510-3315109,user_2050@example.com,Female,0,Yes,12,106.54,1321.87,Month-to-month,Credit card,1
12052,840902-3357079,user_2051@example.com,Male,0,Yes,13,71.36,939.05,One year,Electronic check,0
12053,840214-2766321,user_2052@example.com,Female,0,Yes,3,111.72,290.67,Month-to-month,Electronic check,0
12054,720422-2341125,user_2053@example.com,Female,0,No,58,67.0,,Month-to-month,Credit card,0
12055,830222-4780503,user_2054@example.com,Female,1,No,37,67.67,2516.5,Month-to-month,Mailed check,0
12056,850517-3465967,user_2055@example.com,Male,0,Yes,22,30.5,705.85,One year,Mailed check,0
12057,850806-2556982,user_2056@example.com,Male,0,Yes,12,98.97,1207.23,Two year,Mailed check,0
12058,830818-2766224,user_2057@example.com,Female,0,No,10,43.26,380.87,Two year,Credit card,0
12059,910608-2203166,user_2058@example.com,Male,0,Yes,21,108.69,2315.02,Month-to-month,Electronic check,0
12060,850724-2685641,user_2059@example.com,Female,0,Yes,15,109.81,1668.45,Month-to-month,Bank transfer,0
12061,900221-2207752,user_2060@example.com,Female,0,Yes,1,113.07,59.54,Month-to-month,Electronic check,0
12062,900125-4393225,user_2061@example.com,Female,0,Yes,14,70.65,949.88,Month-to-month,Credit card,0
12063,840527-1352734,user_2062@example.com,Male,0,No,32,86.38,2798.58,Two year,Credit card,0
12064,780926-2165976,user_2063@example.com,Male,0,Yes,12,96.55,1146.87,Month-to-month,Electronic check,1
12065,751026-2905595,user_2064@example.com,Male,0,Yes,1,31.63,,One year,Credit card,0
12066,820718-4751555,user_2065@example.com,Female,0,No,30,78.75,2387.56,Month-to-month,Electronic check,1
12067,790722-4486570,user_2066@example.com,Male,0,No,4,21.94,63.43,Month-to-month,Electronic check,1
12068,971226-3799797,user_2067@example.com,Female,0,Yes,5,68.38,,One year,Mailed check,0
12069,861104-2142786,user_2068@example.com,Male,0,No,3,34.02,105.23,Month-to-month,Credit card,1
12070,920712-4255642,user_2069@example.com,Female,0,No,8,36.84,258.3,Month-to-month,Credit card,0
12071,730720-1424242,user_2070@example.com,Female,0,Yes,28,55.1,1497.17,Month-to-month,Mailed check,1
12072,950221-1164042,user_2071@example.com,Male,0,No,14,61.85,900.97,One year,Mailed check,0
12073,880125-1552113,user_2072@example.com,Female,0,No,4,80.97,366.14,Two year,Mailed check,0
12074,750314-4834600,user_2073@example.com,Male,0,Yes,42,25.96,1120.51,Two year,Bank transfer,0
12075,720219-2660482,user_2074@example.com,Female,0,No,42,69.0,2973.77,Two year,Credit card,0
12076,940909-2170110,user_2075@example.com,Female,0,Yes,40,36.81,1445.31,Two year,Electronic check,0
12077,761202-1837786,user_2076@example.com,Male,1,Yes,5,76.04,463.91,Two year,Electronic check,0
12078,960803-3794565,user_2077@example.com,Female,0,Yes,12,82.4,943.75,One year,Electronic check,0
12079,960128-3589138,user_2078@example.com,Female,0,Yes,72,74.31,5299.69,Month-to-month,Credit card,1
12080,891002-3629802,user_2079@example.com,Female,0,No,29,92.51,2594.79,Month-to-month,Bank transfer,1
12081,850105-2974970,user_2080@example.com,Female,0,No,0,52.14,,Two year,Credit card,0
12082,871006-2352631,user_2081@example.com,Male,0,No,1,95.2,70.01,Month-to-month,Credit card,1
12083,770623-4241189,user_2082@example.com,Male,0,No,12,61.88,768.86,Month-to-month,Credit card,0
12084,840619-1674163,user_2083@example.com,Male,1,Yes,47,67.04,3163.07,Two year,Credit card,0
12085,770422-1699309,user_2084@example.com,Female,0,No,15,83.47,1192.4,Month-to-month,Credit card,0
12086,870619-3806470,user_2085@example.com,Male,0,Yes,13,20.34,,Two year,Bank transfer,0
12087,700319-2724443,user_2086@example.com,Male,0,Yes,2,84.06,149.55,One year,Mailed check,0
12088,700424-3800614,user_2087@example.com,Female,0,Yes,21,80.51,1601.91,Month-to-month,Electronic check,1
12089,760514-1275283,user_2088@example.com,Female,0,No,34,49.56,1635.99,One year,Credit card,0
12090,950618-1120300,user_2089@example.com,Male,0,No,9,27.1,205.36,Two year,Credit card,0
12091,920407-2733160,user_2090@example.com,Male,0,Yes,29,27.62,872.66,Month-to-month,Credit card,0
12092,971022-3131430,user_2091@example.com,Female,0,No,66,111.05,7338.87,One year,Electronic check,0
12093,941126-4318764,user_2092@example.com,Female,0,No,4,87.6,383.51,Two year,Bank transfer,0
12094,910708-4250452,user_2093@example.com,Female,0,Yes,14,31.24,362.43,Month-to-month,Electronic check,0
12095,890106-3992993,user_2094@example.com,Female,0,No,6,54.26,385.27,Month-to-month,Bank transfer,0
12096,911118-2411092,user_2095@example.com,Male,0,Yes,31,77.9,2479.96,Month-to-month,Mailed check,1
12097,700320-4869617,user_2096@example.com,Male,1,No,17,102.27,1638.67,Month-to-month,Credit card,1
12098,770609-2236786,user_2097@example.com,Female,1,No,20,22.88,422.33,Month-to-month,Bank transfer,0
12099,970209-3546165,user_2098@example.com,Female,0,No,31,42.22,1333.61,One year,Electronic check,0
12100,950207-2398672,user_2099@example.com,Male,0,Yes,10,107.7,1109.22,Month-to-month,Bank transfer,1
12101,940109-3665184,user_2100@example.com,Male,0,Yes,49,19.42,917.66,Two year,Bank transfer,0
12102,700817-3710207,user_2101@example.com,Male,0,No,15,38.69,565.08,Month-to-month,Mailed check,1
12103,770304-2358540,user_2102@example.com,Male,0,No,3,114.64,314.05,Month-to-month,Credit card,0
12104,910726-3723853,user_2103@example.com,Female,0,Yes,23,79.99,1845.29,One year,Credit card,0
12105,780307-3352803,user_2104@example.com,Male,1,Yes,31,44.73,1446.49,Two year,Electronic check,0
12106,741209-3967951,user_2105@example.com,Female,1,No,7,25.22,137.99,Month-to-month,Electronic check,1
12107,850325-1986716,user_2106@example.com,Female,0,Yes,38,21.33,860.58,Month-to-month,Mailed check,0
12108,890117-4145832,user_2107@example.com,Male,0,Yes,47,43.04,1983.8,Two year,Bank transfer,0
12109,910528-3385913,user_2108@example.com,Female,1,No,6,106.87,598.84,Month-to-month,Bank transfer,1
12110,820303-2553702,user_2109@example.com,Female,1,Yes,72,60.2,4375.33,Month-to-month,Electronic check,0
12111,780610-1436245,user_2110@example.com,Female,0,No,3,90.71,318.23,Month-to-month,Credit card,1
12112,851124-4915965,user_2111@example.com,Female,0,No,4,110.56,484.81,One year,Bank transfer,0
12113,950313-1852052,user_2112@example.com,Male,0,Yes,4,59.41,171.85,Month-to-month,Mailed check,0
12114,751009-2608029,user_2113@example.com,Male,0,Yes,44,37.68,1634.62,One year,Electronic check,0
12115,860702-3641681,user_2114@example.com,Male,0,Yes,21,70.34,1518.29,One year,Bank transfer,0
12116,720413-3595888,user_2115@example.com,Female,0,No,3,109.54,330.7,Two year,Credit card,1
12117,980611-3591423,user_2116@example.com,Female,0,No,11,99.14,1036.86,Month-to-month,Credit card,1
12118,720302-1905135,user_2117@example.com,Male,0,Yes,19,25.1,499.82,Month-to-month,Mailed check,1
12119,921128-2515938,user_2118@example.com,Female,1,No,1,87.93,52.19,Month-to-month,Mailed check,1
12120,760813-3791402,user_2119@example.com,Male,0,No,42,75.83,3274.59,Month-to-month,Electronic check,1
12121,700313-2541072,user_2120@example.com,Male,0,No,32,109.47,3580.28,One year,Electronic check,0
12122,780319-4589302,user_2121@example.com,Female,0,No,14,30.78,461.12,One year,Credit card,0
12123,920607-1966399,user_2122@example.com,Male,0,No,68,72.04,4966.77,One year,Credit card,0
12124,771014-2897460,user_2123@example.com,Female,0,No,10,106.67,1069.94,Two year,Bank transfer,0
12125,960920-4380194,user_2124@example.com,Male,0,Yes,72,59.6,4329.47,Two year,Bank transfer,0
12126,910814-1471053,user_2125@example.com,Female,0,No,22,66.82,1543.93,Month-to-month,Bank transfer,0
12127,980706-3797669,user_2126@example.com,Female,0,No,20,25.56,523.47,Two year,Mailed check,0
12128,810615-2847608,user_2127@example.com,Male,0,No,3,46.38,126.38,Month-to-month,Mailed check,0
12129,880403-1466808,user_2128@example.com,Male,0,Yes,42,51.03,2058.03,One year,Bank transfer,0
12130,850510-1129927,user_2129@example.com,Female,1,No,11,113.25,1241.59,Month-to-month,Credit card,1
12131,810809-2185638,user_2130@example.com,Female,0,No,3,46.84,181.69,Two year,Electronic check,0
12132,720503-2346770,user_2131@example.com,Female,0,Yes,0,64.7,,Month-to-month,Mailed check,0
12133,971009-1442423,user_2132@example.com,Female,1,No,16,85.8,1398.02,One year,Mailed check,0
12134,760125-2633089,user_2133@example.com,Male,0,Yes,14,34.76,459.58,Two year,Bank transfer,1
12135,751021-2240087,user_2134@example.com,Male,0,Yes,25,67.27,1582.91,One year,Electronic check,0
12136,771018-3128465,user_2135@example.com,Female,0,No,44,92.54,4047.0,One year,Mailed check,0
12137,701224-1699635,user_2136@example.com,Female,0,Yes,1,105.4,90.18,Month-to-month,Electronic check,0
12138,760407-4231806,user_2137@example.com,Female,0,Yes,26,81.28,2097.63,Month-to-month,Mailed check,1
12139,940523-3460439,user_2138@example.com,Male,0,Yes,4,85.57,373.21,Two year,Electronic check,0
12140,900120-3999148,user_2139@example.com,Male,0,No,39,31.16,1314.52,One year,Electronic check,0
12141,760606-2647423,user_2140@example.com,Female,0,No,34,113.31,,One year,Mailed check,0
12142,850608-1322072,user_2141@example.com,Female,0,No,15,31.79,466.01,Month-to-month,Electronic check,1
12143,800223-2297741,user_2142@example.com,Female,0,Yes,24,96.16,2294.88,Month-to-month,Credit card,0
12144,841127-3811084,user_2143@example.com,Male,0,No,7,45.05,321.57,Month-to-month,Mailed check,1
12145,750414-1550680,user_2144@example.com,Male,0,No,12,112.09,1303.67,Month-to-month,Mailed check,1
12146,911224-4332531,user_2145@example.com,Female,0,Yes,34,90.68,3089.13,Month-to-month,Credit card,1
12147,740220-4298693,user_2146@example.com,Female,0,Yes,12,94.07,1151.38,Month-to-month,Electronic check,1
12148,840218-2980838,user_2147@example.com,Female,0,No,8,40.46,334.16,Month-to-month,Credit card,0
12149,790516-1637970,user_2148@example.com,Male,0,No,13,62.91,840.71,One year,Mailed check,1
12150,720719-4272681,user_2149@example.com,Female,0,No,35,80.44,2837.09,Month-to-month,Credit card,0
12151,740203-2681678,user_2150@example.com,Female,0,No,8,95.69,676.93,One year,Electronic check,0
12152,890120-4893714,user_2151@example.com,Male,0,No,3,28.92,118.6,Two year,Credit card,0
12153,950903-2347782,user_2152@example.com,Female,0,No,24,114.98,,Month-to-month,Mailed check,1
12154,780605-1584354,user_2153@example.com,Male,0,Yes,34,107.74,3608.37,Two year,Electronic check,0
12155,780809-4251952,user_2154@example.com,Female,0,No,2,45.6,35.98,Two year,Mailed check,0
12156,930821-2367189,user_2155@example.com,Male,0,Yes,5,100.98,526.58,Month-to-month,Mailed check,0
12157,850217-4870982,user_2156@example.com,Male,0,Yes,3,70.46,200.25,Month-to-month,Bank transfer,0
12158,891128-3326785,user_2157@example.com,Male,0,Yes,8,64.8,434.3,Month-to-month,Mailed check,0
12159,960207-3952869,user_2158@example.com,Female,0,No,11,50.02,574.12,One year,Mailed check,1
12160,971215-1748614,user_2159@example.com,Female,0,No,27,76.74,2000.0,Month-to-month,Electronic check,0
12161,761004-3358560,user_2160@example.com,Male,0,No,21,91.67,1932.06,Month-to-month,Electronic check,0
12162,760901-1425678,user_2161@example.com,Female,0,Yes,19,59.7,1146.22,One year,Electronic check,0
12163,731002-3756860,user_2162@example.com,Male,0,Yes,8,81.58,,Month-to-month,Credit card,1
12164,930306-3731379,user_2163@example.com,Male,0,No,36,88.61,3279.04,Two year,Credit card,0
12165,811103-4284059,user_2164@example.com,Male,0,No,12,89.79,1009.25,Month-to-month,Electronic check,1
12166,860723-3921264,user_2165@example.com,Female,0,Yes,72,23.71,1704.5,Two year,Credit card,0
12167,850902-1654429,user_2166@example.com,Male,0,Yes,20,104.69,2079.98,Month-to-month,Bank transfer,1
12168,901124-1113594,user_2167@example.com,Female,0,Yes,2,64.44,150.57,Month-to-month,Credit card,1
12169,920318-1886499,user_2168@example.com,Female,0,Yes,22,44.81,996.6,Month-to-month,Bank transfer,0
12170,980911-1438826,user_2169@example.com,Male,0,Yes,7,42.74,281.55,Two year,Electronic check,0
12171,720320-3461300,user_2170@example.com,Female,0,Yes,23,66.92,1517.11,Month-to-month,Electronic check,0
12172,801014-2455314,user_2171@example.com,Female,0,No,1,107.4,51.58,One year,Credit card,0
12173,901211-2495811,user_2172@example.com,Female,0,No,3,56.43,218.68,Two year,Electronic check,0
12174,970303-4239747,user_2173@example.com,Male,0,Yes,38,93.66,3582.04,One year,Electronic check,0
12175,931224-1293883,user_2174@example.com,Female,0,No,5,28.21,186.94,Month-to-month,Mailed check,0
12176,850502-2272661,user_2175@example.com,Male,1,Yes,36,66.22,2368.4,Two year,Electronic check,0
12177,721216-2405833,user_2176@example.com,Male,1,Yes,6,117.92,674.68,Two year,Mailed check,0
12178,980914-1125927,user_2177@example.com,Female,0,Yes,20,95.74,1860.88,Month-to-month,Electronic check,0
12179,711102-3406542,user_2178@example.com,Male,1,Yes,23,39.61,928.98,One year,Bank transfer,0
12180,870528-2867416,user_2179@example.com,Female,0,No,14,68.77,910.79,Two year,Bank transfer,1
12181,760719-3250457,user_2180@example.com,Male,0,Yes,7,41.92,385.87,Two year,Electronic check,0
12182,850317-1382875,user_2181@example.com,Female,0,Yes,4,59.56,,Month-to-month,Bank transfer,0
12183,771211-2172586,user_2182@example.com,Female,1,Yes,0,96.7,,Two year,Bank transfer,1
12184,920914-2305020,user_2183@example.com,Male,0,No,7,95.82,749.08,Month-to-month,Bank transfer,1
12185,860516-2388964,user_2184@example.com,Male,0,No,21,41.37,898.72,Month-to-month,Credit card,0
12186,700903-2148145,user_2185@example.com,Male,0,No,55,110.95,6111.03,Month-to-month,Bank transfer,1
12187,810714-4150191,user_2186@example.com,Male,0,No,40,77.9,3067.58,Month-to-month,Mailed check,1
12188,740420-3135048,user_2187@example.com,Male,0,Yes,29,56.59,1572.02,One year,Credit card,0
12189,940112-1984006,user_2188@example.com,Female,0,No,31,68.82,2171.92,Month-to-month,Mailed check,1
12190,960821-3423271,user_2189@example.com,Female,0,Yes,21,79.16,1737.67,Month-to-month,Mailed check,0
12191,930921-2332821,user_2190@example.com,Male,0,Yes,6,74.63,425.84,Month-to-month,Mailed check,1
12192,701022-3201122,user_2191@example.com,Male,0,Yes,47,67.26,3104.27,Month-to-month,Credit card,0
12193,760405-3696187,user_2192@example.com,Female,0,Yes,22,69.12,1397.73,Two year,Electronic check,0
12194,791214-2883746,user_2193@example.com,Female,0,Yes,16,36.19,530.0,Two year,Bank transfer,0
12195,700324-3558863,user_2194@example.com,Female,0,No,2,99.98,194.28,Month-to-month,Bank transfer,1
12196,890220-4337021,user_2195@example.com,Male,0,No,11,72.81,880.87,Two year,Electronic check,0
12197,840725-1436284,user_2196@example.com,Female,1,No,12,31.64,413.34,Month-to-month,Electronic check,0
12198,741221-2699592,user_2197@example.com,Male,1,No,39,95.31,3732.34,One year,Mailed check,0
12199,920318-1210946,user_2198@example.com,Male,0,Yes,15,111.98,1659.69,Two year,Credit card,1
12200,981124-3908219,user_2199@example.com,Male,0,No,9,113.47,992.07,Month-to-month,Mailed check,0
12201,730524-1148793,user_2200@example.com,Female,0,No,72,55.49,4065.56,One year,Bank transfer,0
12202,870623-4651328,user_2201@example.com,Male,0,Yes,2,32.09,74.22,Month-to-month,Electronic check,0
12203,950922-4637089,user_2202@example.com,Female,0,No,10,70.47,599.57,Month-to-month,Bank transfer,1
12204,780625-2968228,user_2203@example.com,Male,0,No,0,29.79,,One year,Electronic check,0
12205,911121-2843426,user_2204@example.com,Female,1,No,26,112.13,2872.47,Two year,Credit card,0
12206,780214-4853953,user_2205@example.com,Female,0,Yes,50,36.9,1817.69,Month-to-month,Mailed check,0
12207,901110-3945660,user_2206@example.com,Male,0,No,6,43.84,291.19,Two year,Bank transfer,0
12208,980216-2163275,user_2207@example.com,Male,0,Yes,39,59.27,2306.16,Two year,Credit card,0
12209,910704-4381682,user_2208@example.com,Male,0,No,6,56.91,337.62,Month-to-month,Bank transfer,0
12210,790105-2250234,user_2209@example.com,Female,0,Yes,48,98.16,4777.35,Month-to-month,Electronic check,0
12211,980318-3296274,user_2210@example.com,Female,1,Yes,28,64.25,1764.18,One year,Bank transfer,0
12212,920127-4588042,user_2211@example.com,Female,0,No,32,35.62,1233.05,Month-to-month,Credit card,0
12213,721027-3952784,user_2212@example.com,Female,0,Yes,0,45.29,,Month-to-month,Credit card,0
12214,931016-3790796,user_2213@example.com,Male,0,Yes,65,69.54,4524.56,Two year,Mailed check,0
12215,811208-4218060,user_2214@example.com,Female,0,Yes,25,33.28,817.94,One year,Bank transfer,0
12216,800901-1338096,user_2215@example.com,Male,0,No,7,79.82,564.91,Month-to-month,Electronic check,0
12217,880715-1817879,user_2216@example.com,Female,0,Yes,35,75.22,2654.93,One year,Bank transfer,0
12218,810517-3307398,user_2217@example.com,Female,0,No,6,90.15,562.59,Month-to-month,Mailed check,0
12219,710225-2284259,user_2218@example.com,Male,0,Yes,41,112.5,4574.84,Month-to-month,Electronic check,0
12220,851014-1725742,user_2219@example.com,Male,0,No,2,109.95,163.75,Two year,Electronic check,0
12221,760708-3495793,user_2220@example.com,Female,0,Yes,24,113.34,2845.32,Two year,Mailed check,0
12222,860219-1440282,user_2221@example.com,Female,1,Yes,15,43.03,621.25,Month-to-month,Electronic check,1
12223,800307-3244314,user_2222@example.com,Male,0,No,2,31.69,98.34,Month-to-month,Credit card,1
12224,740508-2431748,user_2223@example.com,Female,0,No,5,48.8,163.62,One year,Credit card,0
12225,950716-1141051,user_2224@example.com,Female,0,Yes,0,108.23,,Month-to-month,Electronic check,0
12226,790808-3681571,user_2225@example.com,Male,0,No,12,115.95,1385.04,Month-to-month,Bank transfer,1
12227,830821-2227211,user_2226@example.com,Male,0,Yes,7,104.65,756.19,Month-to-month,Electronic check,0
12228,700719-2124459,user_2227@example.com,Male,0,No,18,29.53,395.42,One year,Bank transfer,0
12229,790501-2382312,user_2228@example.com,Female,1,No,7,113.48,,Month-to-month,Mailed check,0
12230,950522-3823240,user_2229@example.com,Male,1,No,7,60.94,,Month-to-month,Credit card,1
12231,800512-4403099,user_2230@example.com,Male,0,Yes,27,19.43,540.83,Month-to-month,Credit card,0
12232,720526-2445404,user_2231@example.com,Male,0,No,0,62.85,,Month-to-month,Mailed check,1
12233,880524-2818204,user_2232@example.com,Female,0,No,46,23.12,1020.75,Month-to-month,Mailed check,1
12234,730815-2480135,user_2233@example.com,Male,0,Yes,38,73.02,2761.08,Month-to-month,Credit card,0
12235,850601-1272383,user_2234@example.com,Female,0,No,22,52.44,1101.06,Month-to-month,Mailed check,0
12236,870710-4493073,user_2235@example.com,Female,0,No,17,65.96,1097.54,Two year,Electronic check,0
12237,860527-2510860,user_2236@example.com,Male,0,Yes,44,79.97,3459.01,Month-to-month,Electronic check,0
12238,770812-1268569,user_2237@example.com,Female,0,No,4,105.6,330.74,Month-to-month,Bank transfer,0
12239,870607-2513136,user_2238@example.com,Male,1,No,1,84.86,135.76,Two year,Bank transfer,0
12240,740623-3321880,user_2239@example.com,Female,0,Yes,5,62.01,245.25,One year,Bank transfer,0
12241,880826-3868922,user_2240@example.com,Male,0,No,31,100.65,3111.22,One year,Electronic check,0
12242,940825-1379930,user_2241@example.com,Female,0,Yes,0,109.28,,Month-to-month,Credit card,0
12243,940307-3413413,user_2242@example.com,Female,0,No,17,30.51,487.92,Month-to-month,Bank transfer,1
12244,770215-4564432,user_2243@example.com,Female,0,Yes,72,71.83,5130.5,One year,Electronic check,0
12245,730717-2651973,user_2244@example.com,Male,0,Yes,38,47.02,1798.07,One year,Credit card,0
12246,820709-3731762,user_2245@example.com,Male,0,Yes,14,23.22,380.98,Month-to-month,Mailed check,0
12247,890105-3301541,user_2246@example.com,Female,0,No,1,85.52,27.05,Month-to-month,Electronic check,1
12248,810304-1225477,user_2247@example.com,Male,0,No,35,104.99,3667.14,Two year,Mailed check,0
12249,750128-4754066,user_2248@example.com,Female,0,Yes,18,34.83,540.32,Month-to-month,Bank transfer,1
12250,890821-2289100,user_2249@example.com,Male,0,No,2,99.94,180.22,Month-to-month,Credit card,0
12251,980124-1927760,user_2250@example.com,Male,0,No,1,104.05,105.76,Month-to-month,Electronic check,0
12252,920228-4548917,user_2251@example.com,Female,0,No,48,110.16,5244.95,Two year,Bank transfer,0
12253,720609-2448181,user_2252@example.com,Male,0,No,22,45.09,969.13,Two year,Bank transfer,0
12254,880413-4402776,user_2253@example.com,Male,0,No,35,109.12,3748.79,One year,Credit card,0
12255,770705-2807578,user_2254@example.com,Female,0,No,42,50.65,2131.15,Month-to-month,Mailed check,0
12256,890312-1184392,user_2255@example.com,Female,0,No,16,73.87,1234.7,Month-to-month,Bank transfer,1
12257,930118-2375728,user_2256@example.com,Male,0,No,14,23.56,274.98,Month-to-month,Credit card,0
12258,700921-3713298,user_2257@example.com,Female,0,Yes,11,22.9,220.77,One year,Credit card,0
12259,711224-4995230,user_2258@example.com,Male,0,No,7,90.72,660.17,One year,Electronic check,0
12260,830602-3666126,user_2259@example.com,Male,0,Yes,11,63.06,754.26,Two year,Bank transfer,1
12261,700601-4743189,user_2260@example.com,Male,0,No,29,44.19,1206.85,Month-to-month,Mailed check,1
12262,841018-3281094,user_2261@example.com,Male,0,Yes,18,37.59,668.18,One year,Mailed check,0
12263,811002-2418405,user_2262@example.com,Male,0,Yes,44,85.66,3783.2,Month-to-month,Bank transfer,0
12264,890628-4926234,user_2263@example.com,Female,0,Yes,11,18.54,198.84,Month-to-month,Mailed check,0
12265,790316-1568196,user_2264@example.com,Female,0,Yes,18,99.29,1663.38,Month-to-month,Credit card,1
12266,790923-1168664,user_2265@example.com,Male,0,No,19,26.44,527.41,Month-to-month,Credit card,0
12267,930318-3523666,user_2266@example.com,Male,0,No,17,37.7,716.87,Two year,Bank transfer,0
12268,751128-2634099,user_2267@example.com,Female,0,No,24,57.22,1379.11,Month-to-month,Mailed check,0
12269,960110-2186588,user_2268@example.com,Female,0,Yes,5,67.11,283.99,Two year,Credit card,0
12270,940601-4118162,user_2269@example.com,Female,0,Yes,14,54.09,731.6,Month-to-month,Bank transfer,0
12271,801113-1647416,user_2270@example.com,Male,0,No,2,50.65,189.8,Month-to-month,Credit card,0
12272,890204-3335969,user_2271@example.com,Female,0,Yes,9,115.13,1081.67,Month-to-month,Bank transfer,0
12273,750627-3722792,user_2272@example.com,Female,0,No,13,82.82,1108.66,Month-to-month,Electronic check,1
12274,800920-4734712,user_2273@example.com,Male,0,Yes,21,20.85,455.67,Month-to-month,Electronic check,0
12275,771217-3307478,user_2274@example.com,Female,0,Yes,60,61.63,3664.74,Month-to-month,Bank transfer,0
12276,921004-3818442,user_2275@example.com,Female,0,Yes,18,106.22,1901.93,Month-to-month,Electronic check,1
12277,961111-2103513,user_2276@example.com,Female,0,Yes,27,48.72,1311.54,Two year,Electronic check,0
12278,900515-1566405,user_2277@example.com,Male,1,Yes,14,27.98,419.2,One year,Mailed check,1
12279,920509-2989531,user_2278@example.com,Male,0,No,20,94.53,1966.05,One year,Electronic check,0
12280,800923-2332130,user_2279@example.com,Male,0,Yes,1,79.25,135.17,Month-to-month,Mailed check,0
12281,890423-3607857,user_2280@example.com,Female,0,Yes,5,75.67,307.38,Month-to-month,Electronic check,1
12282,960511-3832643,user_2281@example.com,Female,0,Yes,8,23.87,202.16,Month-to-month,Electronic check,1
12283,851011-1409886,user_2282@example.com,Female,1,No,12,32.59,427.92,Two year,Credit card,0
12284,950306-3138451,user_2283@example.com,Male,0,No,0,80.91,,Month-to-month,Bank transfer,1
12285,880613-3645042,user_2284@example.com,Male,0,No,3,39.33,86.53,Month-to-month,Electronic check,1
12286,761216-1864120,user_2285@example.com,Female,0,Yes,6,69.03,559.89,One year,Bank transfer,0
12287,841018-4956021,user_2286@example.com,Female,1,No,71,73.12,5127.67,Month-to-month,Bank transfer,0
12288,751108-4936693,user_2287@example.com,Female,0,Yes,8,46.92,321.2,Two year,Credit card,1
12289,780708-4811153,user_2288@example.com,Male,0,Yes,13,113.58,1488.22,Month-to-month,Bank transfer,1
12290,760323-2160928,user_2289@example.com,Female,0,Yes,4,102.96,517.68,Month-to-month,Bank transfer,1
12291,800910-2527264,user_2290@example.com,Female,0,Yes,18,90.92,1594.75,One year,Electronic check,0
12292,960127-4621387,user_2291@example.com,Female,0,No,6,26.32,144.63,Month-to-month,Credit card,0
12293,880107-3141834,user_2292@example.com,Male,1,Yes,4,29.14,170.42,Month-to-month,Bank transfer,1
12294,930216-3796189,user_2293@example.com,Female,0,Yes,14,67.9,949.71,Month-to-month,Electronic check,0
12295,961021-2798973,user_2294@example.com,Male,0,No,0,34.61,,One year,Credit card,0
12296,720917-4764941,user_2295@example.com,Male,0,Yes,0,116.57,,Two year,Electronic check,0
12297,880218-2596674,user_2296@example.com,Female,0,Yes,4,34.39,151.19,One year,Credit card,0
12298,790713-2693195,user_2297@example.com,Male,0,Yes,0,67.37,,Two year,Credit card,0
12299,781027-2626525,user_2298@example.com,Male,0,Yes,2,55.0,174.57,Month-to-month,Mailed check,1
12300,880525-3407147,user_2299@example.com,Female,0,No,8,82.6,676.15,Month-to-month,Mailed check,1
12301,770927-3761034,user_2300@example.com,Male,0,Yes,32,31.44,1020.67,Month-to-month,Mailed check,0
12302,920613-3127749,user_2301@example.com,Female,0,Yes,16,61.64,996.95,One year,Bank transfer,0
12303,750507-3560982,user_2302@example.com,Female,1,No,14,46.04,669.02,Month-to-month,Electronic check,1
12304,881106-1259752,user_2303@example.com,Female,0,Yes,6,107.5,647.76,One year,Credit card,0
12305,890918-4859217,user_2304@example.com,Female,0,No,53,22.57,1196.18,One year,Electronic check,0
12306,740602-1177333,user_2305@example.com,Male,1,Yes,10,110.1,1160.83,Two year,Bank transfer,0
12307,930419-4447631,user_2306@example.com,Male,0,Yes,1,102.01,177.82,Month-to-month,Mailed check,1
12308,700124-1152420,user_2307@example.com,Male,0,No,19,48.33,842.89,Month-to-month,Mailed check,1
12309,950903-2227412,user_2308@example.com,Female,0,No,2,97.63,195.76,Month-to-month,Electronic check,1
12310,970226-1520778,user_2309@example.com,Female,0,No,8,21.63,138.61,Month-to-month,Electronic check,0
12311,781126-3962056,user_2310@example.com,Male,0,No,14,115.43,1600.47,Two year,Credit card,0
12312,860405-4838833,user_2311@example.com,Female,0,No,41,71.29,2943.02,Month-to-month,Electronic check,0
12313,960925-4710280,user_2312@example.com,Female,0,Yes,13,48.9,669.17,Two year,Credit card,0
12314,770617-2161241,user_2313@example.com,Male,0,Yes,24,54.85,1310.79,Two year,Credit card,0
12315,900828-2800611,user_2314@example.com,Male,0,Yes,72,25.16,1715.85,One year,Mailed check,1
12316,770617-1457488,user_2315@example.com,Female,0,No,2,117.68,,Month-to-month,Electronic check,1
12317,890307-3243864,user_2316@example.com,Female,0,Yes,6,22.44,179.46,Month-to-month,Mailed check,0
12318,840727-1169120,user_2317@example.com,Female,0,Yes,10,84.15,704.48,Month-to-month,Credit card,1
12319,910807-1824415,user_2318@example.com,Male,1,No,10,62.88,688.17,Month-to-month,Mailed check,0
12320,771225-4768825,user_2319@example.com,Female,0,Yes,10,113.63,1162.36,Month-to-month,Mailed check,0
12321,710122-4103219,user_2320@example.com,Male,0,Yes,47,43.16,2094.33,Month-to-month,Credit card,0
12322,830703-3473325,user_2321@example.com,Male,1,Yes,25,71.84,1786.07,One year,Bank transfer,0
12323,770705-3390432,user_2322@example.com,Male,0,No,18,66.86,1100.41,Month-to-month,Bank transfer,1
12324,960315-1890528,user_2323@example.com,Female,1,No,7,88.96,644.24,Month-to-month,Electronic check,1
12325,740411-4873293,user_2324@example.com,Male,0,Yes,34,25.32,924.61,Month-to-month,Mailed check,0
12326,910220-1229213,user_2325@example.com,Male,1,No,62,37.93,2397.9,Two year,Electronic check,0
12327,841105-3360855,user_2326@example.com,Male,0,Yes,34,40.01,1327.21,One year,Mailed check,0
12328,711227-4782680,user_2327@example.com,Female,0,No,0,92.5,,Month-to-month,Electronic check,0
12329,970707-2980583,user_2328@example.com,Male,0,No,20,37.46,722.56,One year,Electronic check,0
12330,781027-4928324,user_2329@example.com,Female,0,Yes,1,75.99,35.03,One year,Credit card,0
12331,840319-1300748,user_2330@example.com,Female,0,Yes,5,40.08,248.17,Two year,Bank transfer,0
12332,750110-3572696,user_2331@example.com,Female,0,No,1,104.88,45.0,Month-to-month,Bank transfer,0
12333,750903-2561196,user_2332@example.com,Male,0,No,18,112.95,1988.41,Two year,Bank transfer,0
12334,881013-3455086,user_2333@example.com,Male,0,Yes,23,70.48,1565.84,Month-to-month,Credit card,1
12335,920411-3855581,user_2334@example.com,Female,0,Yes,2,53.82,33.13,Two year,Bank transfer,0
12336,771102-1739759,user_2335@example.com,Male,0,Yes,9,41.96,384.96,Month-to-month,Credit card,0
12337,871127-2219467,user_2336@example.com,Female,0,No,12,23.49,,Two year,Mailed check,0
12338,750825-4451655,user_2337@example.com,Female,0,Yes,9,45.42,399.54,Two year,Credit card,0
12339,760403-3725408,user_2338@example.com,Female,0,No,2,84.09,92.89,Month-to-month,Electronic check,1
12340,920603-2865042,user_2339@example.com,Female,0,No,10,72.0,762.0,Two year,Electronic check,0
12341,710116-3566492,user_2340@example.com,Male,1,Yes,27,113.14,3139.07,Month-to-month,Mailed check,1
12342,760706-3252206,user_2341@example.com,Male,0,No,1,58.23,25.92,Month-to-month,Mailed check,0
12343,950611-3949198,user_2342@example.com,Male,1,No,1,88.06,64.13,Month-to-month,Electronic check,1
12344,850805-1507638,user_2343@example.com,Male,1,No,8,67.55,566.18,Two year,Bank transfer,0
12345,711121-3279062,user_2344@example.com,Female,0,Yes,56,69.89,3994.93,Month-to-month,Bank transfer,0
12346,940506-2386173,user_2345@example.com,Female,0,No,22,45.34,971.49,One year,Bank transfer,1
12347,811122-1523305,user_2346@example.com,Male,0,Yes,22,64.11,,One year,Mailed check,1
12348,921015-3268531,user_2347@example.com,Female,0,No,8,65.7,557.17,Two year,Electronic check,0
12349,731122-3153901,user_2348@example.com,Male,0,No,18,89.34,1648.07,One year,Credit card,0
12350,790627-4807338,user_2349@example.com,Female,0,No,0,112.8,,Month-to-month,Mailed check,1
12351,731016-4215196,user_2350@example.com,Female,0,Yes,20,51.51,1002.29,Month-to-month,Electronic check,1
12352,770904-1566729,user_2351@example.com,Male,0,Yes,48,22.73,1140.76,Month-to-month,Bank transfer,1
12353,920721-4764564,user_2352@example.com,Female,0,No,18,68.25,1254.9,One year,Bank transfer,0
12354,860317-3215156,user_2353@example.com,Female,0,No,41,73.08,2957.86,Month-to-month,Bank transfer,0
12355,970423-1969087,user_2354@example.com,Male,0,No,25,35.39,887.2,Month-to-month,Electronic check,0
12356,750906-2547416,user_2355@example.com,Male,0,No,2,94.74,121.89,Two year,Bank transfer,0
12357,750913-4383005,user_2356@example.com,Male,0,Yes,46,117.24,,Month-to-month,Electronic check,0
12358,850305-3514036,user_2357@example.com,Female,0,No,1,113.31,100.2,One year,Mailed check,1
12359,841008-3481887,user_2358@example.com,Female,1,No,15,38.26,,Month-to-month,Credit card,1
12360,801123-2671755,user_2359@example.com,Female,0,Yes,3,106.26,,Month-to-month,Bank transfer,1
12361,950422-1263769,user_2360@example.com,Male,0,No,0,89.13,,Month-to-month,Mailed check,0
12362,960415-3419992,user_2361@example.com,Female,1,No,10,64.0,684.75,Month-to-month,Mailed check,1
12363,830126-3448124,user_2362@example.com,Male,0,Yes,6,72.7,465.75,Two year,Electronic check,0
12364,780504-3615860,user_2363@example.com,Female,0,No,13,103.67,1339.89,Month-to-month,Mailed check,0
12365,700924-4516543,user_2364@example.com,Female,0,No,17,66.63,1170.89,Month-to-month,Electronic check,1
12366,881003-3171654,user_2365@example.com,Female,1,Yes,0,55.91,,One year,Electronic check,0
12367,870920-3322175,user_2366@example.com,Male,0,No,2,67.95,114.57,One year,Mailed check,0
12368,930524-4191679,user_2367@example.com,Female,0,No,16,76.56,1218.72,One year,Electronic check,1
12369,790219-2830213,user_2368@example.com,Female,1,Yes,8,37.46,292.27,Two year,Electronic check,0
12370,950628-3413899,user_2369@example.com,Male,0,Yes,26,108.82,2854.58,One year,Electronic check,0
12371,810712-3555181,user_2370@example.com,Female,1,Yes,21,86.09,1789.54,Month-to-month,Mailed check,1
12372,730824-3445718,user_2371@example.com,Female,0,No,37,81.99,3014.11,Two year,Credit card,0
12373,720318-3759692,user_2372@example.com,Female,0,Yes,23,28.47,753.25,Month-to-month,Electronic check,1
12374,920628-3649651,user_2373@example.com,Male,0,No,11,79.07,916.76,Month-to-month,Bank transfer,0
12375,700207-1211001,user_2374@example.com,Female,0,No,22,30.63,635.83,Month-to-month,Mailed check,1
12376,880203-4768105,user_2375@example.com,Female,0,Yes,6,26.39,186.89,Month-to-month,Mailed check,0
12377,790508-1256033,user_2376@example.com,Male,0,Yes,7,71.36,,Month-to-month,Electronic check,1
12378,970316-4291766,user_2377@example.com,Male,0,Yes,31,58.88,1844.86,Month-to-month,Mailed check,0
12379,750610-3431472,user_2378@example.com,Female,0,Yes,11,77.53,,Month-to-month,Bank transfer,0
12380,770902-1195987,user_2379@example.com,Male,1,No,32,27.44,937.56,Two year,Credit card,0
12381,800222-4627426,user_2380@example.com,Female,0,No,34,61.71,2115.42,Two year,Mailed check,0
12382,780807-3740294,user_2381@example.com,Male,0,No,38,36.02,1365.66,One year,Mailed check,0
12383,920508-4862916,user_2382@example.com,Female,0,Yes,49,117.46,,Two year,Mailed check,0
12384,720302-2157684,user_2383@example.com,Male,0,Yes,11,74.76,834.02,Month-to-month,Electronic check,1
12385,970210-4569417,user_2384@example.com,Male,0,No,7,87.42,618.01,Two year,Bank transfer,0
12386,970102-3876867,user_2385@example.com,Female,0,Yes,17,51.12,884.74,Month-to-month,Credit card,1
12387,700617-3576129,user_2386@example.com,Male,1,No,9,28.0,247.32,Month-to-month,Bank transfer,0
12388,870425-3389909,user_2387@example.com,Male,0,Yes,18,116.33,2094.4,Month-to-month,Bank transfer,1
12389,851211-2331858,user_2388@example.com,Male,0,Yes,24,47.2,1103.47,Month-to-month,Mailed check,0
12390,790525-3973733,user_2389@example.com,Male,0,Yes,23,60.99,1365.21,Month-to-month,Credit card,1
12391,831208-2600776,user_2390@example.com,Female,0,Yes,9,83.65,702.92,Month-to-month,Bank transfer,1
12392,830103-4867077,user_2391@example.com,Female,0,No,3,20.98,0.0,Month-to-month,Credit card,1
12393,960413-3743374,user_2392@example.com,Female,0,Yes,11,99.73,,Month-to-month,Electronic check,1
12394,870319-2403150,user_2393@example.com,Female,0,No,3,72.29,208.16,Month-to-month,Mailed check,0
12395,900511-4553804,user_2394@example.com,Male,0,Yes,44,46.39,2046.32,Two year,Electronic check,0
12396,820409-3185407,user_2395@example.com,Male,0,Yes,8,24.68,183.88,Month-to-month,Credit card,0
12397,981208-4928170,user_2396@example.com,Female,0,No,3,34.79,0.0,Month-to-month,Mailed check,0
12398,880109-1134369,user_2397@example.com,Male,0,Yes,0,108.23,,One year,Electronic check,0
12399,730428-1890107,user_2398@example.com,Male,0,No,20,87.27,1799.72,Two year,Mailed check,0
12400,870806-1546954,user_2399@example.com,Male,1,Yes,20,43.55,893.29,Month-to-month,Electronic check,0
12401,840722-1869053,user_2400@example.com,Male,0,Yes,8,25.08,296.01,Two year,Bank transfer,0
12402,960811-4541076,user_2401@example.com,Female,0,No,1,87.73,38.86,Month-to-month,Mailed check,1
12403,710411-2730935,user_2402@example.com,Male,0,Yes,10,75.88,853.18,Month-to-month,Credit card,0
12404,820812-1878056,user_2403@example.com,Female,1,No,7,59.05,365.09,Month-to-month,Mailed check,1
12405,951010-4503306,user_2404@example.com,Male,1,Yes,22,54.95,1220.84,One year,Credit card,0
12406,800221-1327522,user_2405@example.com,Female,1,Yes,18,40.24,660.63,Month-to-month,Electronic check,1
12407,910420-3283273,user_2406@example.com,Female,0,No,9,85.63,771.4,One year,Electronic check,0
12408,820112-3373303,user_2407@example.com,Female,0,No,4,115.81,482.55,Month-to-month,Credit card,0
12409,740217-1660063,user_2408@example.com,Female,1,Yes,72,36.12,2592.91,One year,Electronic check,0
12410,840422-3940086,user_2409@example.com,Female,0,No,12,78.36,976.01,Month-to-month,Mailed check,0
12411,701018-3145170,user_2410@example.com,Male,0,Yes,23,61.02,1408.41,Month-to-month,Electronic check,0
12412,940406-2429260,user_2411@example.com,Male,0,No,3,63.28,163.72,One year,Credit card,0
12413,960213-3247537,user_2412@example.com,Male,1,No,13,43.98,543.4,One year,Credit card,0
12414,800525-2105301,user_2413@example.com,Female,0,Yes,0,101.22,,Month-to-month,Bank transfer,0
12415,850906-1598108,user_2414@example.com,Male,1,No,14,67.15,,Two year,Credit card,0
12416,741112-4301989,user_2415@example.com,Female,0,Yes,66,72.98,4862.45,One year,Electronic check,0
12417,890906-3339166,user_2416@example.com,Female,0,No,9,49.05,502.59,Month-to-month,Credit card,0
12418,860603-3714561,user_2417@example.com,Female,0,Yes,0,36.73,,Two year,Electronic check,0
12419,780907-1778415,user_2418@example.com,Female,0,Yes,0,27.11,,One year,Electronic check,0
12420,960609-2100545,user_2419@example.com,Female,0,Yes,9,90.09,913.83,Month-to-month,Bank transfer,0
12421,830511-3928805,user_2420@example.com,Female,0,No,3,38.17,127.11,Month-to-month,Electronic check,1
12422,970616-3627676,user_2421@example.com,Female,0,Yes,0,87.68,,Month-to-month,Credit card,1
12423,730506-4773484,user_2422@example.com,Male,1,Yes,28,57.64,1665.77,Month-to-month,Credit card,0
12424,830828-1905481,user_2423@example.com,Female,0,Yes,12,60.18,708.39,Month-to-month,Credit card,0
12425,860818-3721054,user_2424@example.com,Female,0,Yes,6,65.54,402.35,Month-to-month,Electronic check,0
12426,760424-2668148,user_2425@example.com,Male,0,Yes,46,55.36,2480.85,One year,Credit card,0
12427,851026-2763412,user_2426@example.com,Male,1,Yes,2,28.59,64.11,Month-to-month,Mailed check,1
12428,890303-2639698,user_2427@example.com,Male,0,Yes,62,49.54,3096.39,Two year,Mailed check,0
12429,920813-4763217,user_2428@example.com,Male,0,No,7,85.04,621.09,Month-to-month,Credit card,1
12430,880222-3651253,user_2429@example.com,Female,0,Yes,43,85.24,3718.59,Month-to-month,Electronic check,1
12431,731215-2751662,user_2430@example.com,Male,0,Yes,18,47.19,810.68,One year,Credit card,0
12432,790619-1546407,user_2431@example.com,Male,0,Yes,35,64.63,2235.42,One year,Mailed check,0
12433,880909-1168870,user_2432@example.com,Female,0,No,72,37.89,2822.86,Month-to-month,Electronic check,1
12434,770917-3458031,user_2433@example.com,Male,0,Yes,6,39.59,230.02,Month-to-month,Credit card,0
12435,761019-2985067,user_2434@example.com,Male,0,No,64,20.81,1341.84,Month-to-month,Electronic check,0
12436,841027-4280017,user_2435@example.com,Female,0,Yes,9,108.4,972.25,One year,Credit card,0
12437,731105-1812169,user_2436@example.com,Female,0,Yes,9,39.62,315.5,Month-to-month,Bank transfer,1
12438,910711-4119939,user_2437@example.com,Male,0,Yes,8,41.31,411.66,One year,Electronic check,0
12439,740909-2222495,user_2438@example.com,Female,1,Yes,15,46.53,671.56,One year,Mailed check,0
12440,700505-3546759,user_2439@example.com,Female,0,No,3,31.27,37.45,Month-to-month,Mailed check,1
12441,880118-2353226,user_2440@example.com,Female,0,Yes,16,82.59,,Month-to-month,Mailed check,0
12442,911116-1634922,user_2441@example.com,Male,0,No,15,26.03,290.36,Month-to-month,Mailed check,0
12443,900927-3428678,user_2442@example.com,Male,0,No,28,31.95,862.04,Month-to-month,Credit card,0
12444,911123-3643196,user_2443@example.com,Female,0,No,35,83.14,2861.49,Month-to-month,Credit card,0
12445,760316-4832505,user_2444@example.com,Female,1,No,11,52.55,608.92,Month-to-month,Electronic check,0
12446,790903-3796263,user_2445@example.com,Female,0,No,7,89.47,,One year,Bank transfer,0
12447,720614-3149157,user_2446@example.com,Male,0,Yes,6,74.38,490.67,Month-to-month,Bank transfer,0
12448,761207-3441824,user_2447@example.com,Male,0,No,4,44.17,,Two year,Electronic check,0
12449,871111-1947960,user_2448@example.com,Male,0,Yes,1,83.75,122.81,Month-to-month,Mailed check,0
12450,810727-3676722,user_2449@example.com,Male,1,No,8,30.16,230.51,Month-to-month,Bank transfer,0
12451,900221-4717996,user_2450@example.com,Male,0,No,6,72.28,440.74,One year,Bank transfer,1
12452,790304-4558929,user_2451@example.com,Male,0,No,67,62.32,4099.19,Two year,Electronic check,0
12453,700302-2472029,user_2452@example.com,Female,0,No,16,45.35,718.91,Month-to-month,Mailed check,1
12454,870422-2146521,user_2453@example.com,Male,0,Yes,8,79.05,589.38,One year,Credit card,1
12455,900424-3815793,user_2454@example.com,Male,0,Yes,17,105.85,1834.17,Two year,Credit card,0
12456,890704-3678357,user_2455@example.com,Male,0,Yes,2,118.64,365.92,One year,Bank transfer,1
12457,870920-1202591,user_2456@example.com,Female,1,Yes,11,79.43,898.72,Month-to-month,Credit card,0
12458,860313-2754829,user_2457@example.com,Female,0,No,19,59.07,1022.77,Two year,Electronic check,0
12459,950906-2640909,user_2458@example.com,Female,0,Yes,13,41.08,515.98,One year,Bank transfer,0
12460,980418-1489261,user_2459@example.com,Female,0,Yes,10,44.27,448.82,One year,Bank transfer,1
12461,930716-2253679,user_2460@example.com,Female,1,Yes,72,66.57,4797.41,One year,Mailed check,0
12462,870809-1270023,user_2461@example.com,Female,0,No,42,55.32,2286.9,Two year,Credit card,0
12463,700507-2116469,user_2462@example.com,Female,0,Yes,19,110.11,2104.35,Month-to-month,Mailed check,0
12464,801201-2898110,user_2463@example.com,Female,0,No,16,55.42,824.59,Month-to-month,Bank transfer,0
12465,750403-4732055,user_2464@example.com,Male,0,Yes,19,55.94,1015.61,Month-to-month,Credit card,0
12466,960625-1490682,user_2465@example.com,Male,0,Yes,4,56.95,260.09,Month-to-month,Mailed check,1
12467,780414-3500187,user_2466@example.com,Male,1,Yes,10,102.37,972.92,Month-to-month,Credit card,0
12468,730614-1283465,user_2467@example.com,Male,1,Yes,0,83.74,,One year,Bank transfer,0
12469,960718-4818556,user_2468@example.com,Female,0,No,12,80.07,,Month-to-month,Bank transfer,1
12470,770905-2545113,user_2469@example.com,Male,0,No,15,52.0,868.24,One year,Bank transfer,0
12471,810707-4206318,user_2470@example.com,Male,0,No,5,100.49,463.74,Two year,Electronic check,0
12472,880210-4801752,user_2471@example.com,Male,0,Yes,66,22.35,1463.92,Month-to-month,Mailed check,1
12473,800808-3258593,user_2472@example.com,Male,0,Yes,48,105.8,5094.93,Two year,Mailed check,0
12474,960422-4812940,user_2473@example.com,Male,1,No,25,69.9,1719.23,Month-to-month,Bank transfer,1
12475,871208-1194650,user_2474@example.com,Female,0,Yes,15,58.42,883.47,Two year,Mailed check,1
12476,750824-4263578,user_2475@example.com,Male,0,No,40,68.34,2762.37,Two year,Bank transfer,0
12477,920714-3555290,user_2476@example.com,Female,0,Yes,2,85.41,218.85,Month-to-month,Mailed check,1
12478,970902-1459584,user_2477@example.com,Female,0,No,31,19.78,652.75,Month-to-month,Credit card,1
12479,970214-3385934,user_2478@example.com,Female,0,No,2,105.87,203.15,Month-to-month,Mailed check,1
12480,781013-3373668,user_2479@example.com,Male,0,No,31,63.29,1954.66,Two year,Bank transfer,0
12481,910201-3155602,user_2480@example.com,Female,0,Yes,6,52.88,434.74,Two year,Mailed check,0
12482,860910-1332078,user_2481@example.com,Male,0,Yes,41,32.36,1374.25,Month-to-month,Credit card,0
12483,820525-1262768,user_2482@example.com,Male,0,Yes,57,62.56,3519.83,One year,Credit card,0
12484,961223-3604419,user_2483@example.com,Male,1,Yes,3,68.26,,Month-to-month,Credit card,0
12485,720107-1862457,user_2484@example.com,Female,0,No,12,58.97,690.88,Month-to-month,Bank transfer,0
12486,860115-3636386,user_2485@example.com,Male,0,Yes,72,86.54,6224.11,Two year,Electronic check,0
12487,710813-4403287,user_2486@example.com,Male,0,No,13,60.69,727.5,Month-to-month,Bank transfer,0
12488,750513-2245312,user_2487@example.com,Female,1,Yes,39,114.88,4459.72,Two year,Credit card,0
12489,870717-4356722,user_2488@example.com,Female,0,No,17,78.58,1426.44,Two year,Mailed check,0
12490,850423-2594806,user_2489@example.com,Male,0,No,9,99.45,924.0,Two year,Credit card,0
12491,710524-4334872,user_2490@example.com,Female,0,Yes,6,29.46,52.2,Month-to-month,Electronic check,0
12492,820518-4148164,user_2491@example.com,Female,0,Yes,4,58.33,294.16,Month-to-month,Electronic check,1
12493,911222-1845755,user_2492@example.com,Female,0,No,28,52.27,1518.04,Month-to-month,Credit card,0
12494,700611-2922688,user_2493@example.com,Male,1,No,9,75.59,662.35,One year,Bank transfer,0
12495,850527-4675534,user_2494@example.com,Female,0,Yes,14,104.83,,One year,Electronic check,0
12496,760811-3522564,user_2495@example.com,Male,0,No,13,26.35,299.58,Month-to-month,Credit card,0
12497,870312-3219481,user_2496@example.com,Male,0,No,17,25.78,414.75,One year,Bank transfer,0
12498,890119-2497453,user_2497@example.com,Male,0,No,40,103.74,4224.53,Month-to-month,Mailed check,0
12499,840225-1401272,user_2498@example.com,Male,1,Yes,72,39.84,2854.89,Month-to-month,Bank transfer,0
12500,790528-2937893,user_2499@example.com,Male,0,Yes,10,85.54,761.91,Month-to-month,Electronic check,0
12501,970625-2308524,user_2500@example.com,Female,0,Yes,35,72.92,,Month-to-month,Bank transfer,1
12502,820927-2529647,user_2501@example.com,Male,0,No,28,102.0,2852.07,Month-to-month,Bank transfer,1
12503,760315-3264900,user_2502@example.com,Male,0,No,17,31.04,,Month-to-month,Mailed check,0
12504,940826-4869365,user_2503@example.com,Male,0,Yes,62,31.51,1954.34,Two year,Credit card,0
12505,741002-3250651,user_2504@example.com,Female,0,Yes,4,74.32,276.2,One year,Bank transfer,1
12506,881111-3322444,user_2505@example.com,Male,0,Yes,2,113.37,,Month-to-month,Mailed check,1
12507,890323-1759758,user_2506@example.com,Female,0,No,38,60.1,2289.84,One year,Electronic check,1
12508,750818-2155488,user_2507@example.com,Female,1,Yes,11,51.28,526.58,One year,Credit card,0
12509,900725-1133754,user_2508@example.com,Female,0,Yes,37,79.32,2992.59,Month-to-month,Electronic check,0
12510,800119-4199079,user_2509@example.com,Male,1,No,44,111.78,4928.0,One year,Credit card,1
12511,880716-2856962,user_2510@example.com,Male,0,No,1,102.4,102.55,One year,Bank transfer,0
12512,711210-2504321,user_2511@example.com,Male,0,No,42,118.3,,One year,Bank transfer,0
12513,950505-1158053,user_2512@example.com,Female,0,Yes,11,20.76,,One year,Credit card,0
12514,721005-4253939,user_2513@example.com,Male,0,No,14,29.81,390.96,One year,Electronic check,0
12515,740117-4480753,user_2514@example.com,Male,0,Yes,19,79.6,1512.58,Month-to-month,Electronic check,0
12516,951023-3149130,user_2515@example.com,Female,1,No,52,100.76,5229.79,Two year,Electronic check,0
12517,830917-2733501,user_2516@example.com,Male,0,No,0,47.1,,Month-to-month,Bank transfer,1
12518,860127-4635095,user_2517@example.com,Female,0,Yes,12,42.48,520.63,Two year,Credit card,0
12519,790812-4580346,user_2518@example.com,Male,0,Yes,23,97.39,2282.72,Month-to-month,Credit card,0
12520,840918-4109788,user_2519@example.com,Male,0,Yes,25,24.15,604.22,Month-to-month,Electronic check,0
12521,761214-4222882,user_2520@example.com,Female,0,No,23,55.53,1330.0,One year,Bank transfer,0
12522,810404-3322216,user_2521@example.com,Female,0,No,2,69.21,,Month-to-month,Credit card,0
12523,931210-2177611,user_2522@example.com,Male,0,No,7,74.67,523.36,Two year,Credit card,0
12524,810219-1212873,user_2523@example.com,Male,0,Yes,8,91.54,731.66,Month-to-month,Electronic check,1
12525,920501-1326395,user_2524@example.com,Male,1,Yes,32,54.07,1682.52,One year,Electronic check,0
12526,770620-3504844,user_2525@example.com,Female,0,No,6,79.92,504.87,Month-to-month,Credit card,0
12527,940912-4393391,user_2526@example.com,Male,0,No,4,77.18,306.71,Month-to-month,Bank transfer,0
12528,800804-4774406,user_2527@example.com,Male,0,No,63,73.4,4599.1,Month-to-month,Mailed check,0
12529,851206-3578981,user_2528@example.com,Female,0,No,0,82.71,,One year,Credit card,0
12530,801216-2728559,user_2529@example.com,Male,0,Yes,72,44.51,3142.21,One year,Credit card,0
12531,920412-1312232,user_2530@example.com,Male,0,Yes,22,26.99,572.66,One year,Bank transfer,0
12532,870916-1537945,user_2531@example.com,Male,0,No,35,30.46,1117.49,Two year,Credit card,0
12533,701123-1205874,user_2532@example.com,Female,1,Yes,6,41.01,261.84,One year,Mailed check,0
12534,720123-2628849,user_2533@example.com,Male,0,Yes,0,68.64,,Two year,Bank transfer,1
12535,770420-1231124,user_2534@example.com,Female,0,No,26,102.75,2684.05,Month-to-month,Mailed check,0
12536,850907-3376819,user_2535@example.com,Male,1,No,35,88.8,3116.97,Month-to-month,Mailed check,0
12537,940124-4782925,user_2536@example.com,Female,1,No,26,97.6,,Month-to-month,Credit card,0
12538,820713-2859942,user_2537@example.com,Female,0,Yes,3,53.69,143.61,Month-to-month,Mailed check,0
12539,950420-1205315,user_2538@example.com,Female,0,Yes,28,59.07,1734.79,Month-to-month,Credit card,1
12540,730906-2161506,user_2539@example.com,Female,0,Yes,29,57.97,1648.16,Month-to-month,Credit card,0
12541,721024-3895133,user_2540@example.com,Female,0,Yes,21,37.74,776.62,One year,Bank transfer,0
12542,730609-2577135,user_2541@example.com,Female,0,No,29,24.64,687.48,One year,Bank transfer,1
12543,881206-4838740,user_2542@example.com,Male,1,No,37,77.74,2872.03,Two year,Bank transfer,0
12544,900321-4560571,user_2543@example.com,Female,0,No,19,117.67,2206.57,Two year,Credit card,0
12545,740725-1809294,user_2544@example.com,Male,0,No,1,35.22,59.56,Month-to-month,Mailed check,1
12546,900406-4215571,user_2545@example.com,Male,0,No,13,23.18,311.21,Month-to-month,Mailed check,1
12547,741017-2874107,user_2546@example.com,Female,0,No,1,96.65,135.33,Month-to-month,Bank transfer,0
12548,700823-1755320,user_2547@example.com,Male,0,No,10,43.82,385.65,Month-to-month,Bank transfer,0
12549,700306-1141725,user_2548@example.com,Male,1,Yes,10,101.67,999.68,Month-to-month,Credit card,1
12550,970602-4279263,user_2549@example.com,Male,0,No,1,89.07,77.78,One year,Electronic check,0
12551,950511-4829417,user_2550@example.com,Female,1,Yes,8,113.3,929.18,Month-to-month,Electronic check,1
12552,840217-2986973,user_2551@example.com,Male,0,Yes,2,59.49,79.32,One year,Credit card,1
12553,970402-1189835,user_2552@example.com,Male,0,No,33,84.86,2846.16,One year,Electronic check,1
12554,961119-4913976,user_2553@example.com,Male,1,Yes,59,65.1,,Month-to-month,Electronic check,0
12555,731012-3460869,user_2554@example.com,Female,0,Yes,1,81.72,32.28,Month-to-month,Electronic check,0
12556,771111-2984984,user_2555@example.com,Female,0,Yes,62,63.57,,Two year,Bank transfer,0
12557,901103-4721332,user_2556@example.com,Male,0,Yes,14,37.41,497.14,Month-to-month,Mailed check,0
12558,890301-4291427,user_2557@example.com,Male,0,No,7,69.42,617.56,Month-to-month,Mailed check,1
12559,970328-4416528,user_2558@example.com,Female,0,Yes,1,71.49,49.99,Month-to-month,Bank transfer,0
12560,970619-4435994,user_2559@example.com,Male,0,No,13,99.76,1380.76,Month-to-month,Bank transfer,1
12561,831021-4171112,user_2560@example.com,Male,1,Yes,31,92.24,,Month-to-month,Bank transfer,0
12562,941116-2223124,user_2561@example.com,Female,0,Yes,24,85.05,1991.72,Two year,Electronic check,0
12563,920710-3855142,user_2562@example.com,Male,0,No,1,29.87,0.0,Month-to-month,Credit card,1
12564,760411-3855938,user_2563@example.com,Male,0,No,1,90.74,48.46,Month-to-month,Credit card,1
12565,870928-4402166,user_2564@example.com,Male,0,Yes,10,68.66,673.21,Month-to-month,Electronic check,1
12566,861026-1119876,user_2565@example.com,Female,0,No,6,108.13,613.34,One year,Electronic check,1
12567,870709-1434434,user_2566@example.com,Female,0,No,5,110.72,512.63,Month-to-month,Bank transfer,0
12568,730918-4969166,user_2567@example.com,Female,0,No,6,24.03,202.1,Month-to-month,Bank transfer,1
12569,890706-1162058,user_2568@example.com,Female,0,No,32,100.77,3285.83,One year,Mailed check,1
12570,980427-3473624,user_2569@example.com,Male,0,No,52,22.28,1206.02,Month-to-month,Bank transfer,1
12571,861206-3495768,user_2570@example.com,Female,0,Yes,10,55.31,,Month-to-month,Electronic check,0
12572,861112-4860384,user_2571@example.com,Female,0,No,47,72.87,3429.53,Month-to-month,Mailed check,0
12573,870619-3449503,user_2572@example.com,Female,0,Yes,7,33.35,208.6,One year,Bank transfer,1
12574,910210-2556022,user_2573@example.com,Male,0,Yes,12,93.32,,Two year,Mailed check,0
12575,910205-2768686,user_2574@example.com,Male,0,Yes,5,19.34,114.85,Month-to-month,Mailed check,0
12576,980614-4369908,user_2575@example.com,Female,1,No,20,35.4,649.32,Month-to-month,Bank transfer,0
12577,831223-4129817,user_2576@example.com,Male,1,Yes,72,76.72,5474.14,Month-to-month,Credit card,0
12578,810517-1246610,user_2577@example.com,Female,0,No,18,90.12,1679.81,One year,Electronic check,1
12579,850206-1380107,user_2578@example.com,Male,0,No,8,110.39,,One year,Electronic check,0
12580,801216-2317009,user_2579@example.com,Female,0,No,20,89.23,1804.26,One year,Mailed check,0
12581,751022-1620840,user_2580@example.com,Male,0,Yes,2,85.85,227.02,One year,Credit card,0
12582,820723-3169279,user_2581@example.com,Female,0,No,43,58.03,2483.0,Two year,Credit card,0
12583,701026-2212331,user_2582@example.com,Male,0,Yes,13,18.63,175.31,Two year,Bank transfer,1
12584,720514-3752270,user_2583@example.com,Male,0,No,11,30.55,366.66,One year,Bank transfer,0
12585,810424-4136426,user_2584@example.com,Female,0,Yes,17,72.09,1253.99,Month-to-month,Electronic check,0
12586,730625-4800737,user_2585@example.com,Female,0,Yes,19,86.18,1641.0,Month-to-month,Bank transfer,1
12587,820812-1105913,user_2586@example.com,Male,0,No,1,60.35,48.23,Month-to-month,Bank transfer,1
12588,750315-4619709,user_2587@example.com,Male,0,No,22,91.75,2066.61,Month-to-month,Mailed check,0
12589,710111-4513824,user_2588@example.com,Female,0,No,5,70.82,304.81,One year,Credit card,1
12590,770213-1312084,user_2589@example.com,Female,0,Yes,25,25.94,609.81,Month-to-month,Credit card,0
12591,711104-1987521,user_2590@example.com,Male,0,No,34,37.75,1233.09,One year,Bank transfer,0
12592,820426-1619385,user_2591@example.com,Male,0,Yes,32,102.71,3290.97,Month-to-month,Bank transfer,1
12593,841021-4737003,user_2592@example.com,Female,0,Yes,16,91.17,1404.33,One year,Bank transfer,1
12594,741026-4662049,user_2593@example.com,Female,0,Yes,14,108.2,1480.59,Month-to-month,Electronic check,1
12595,771105-2374311,user_2594@example.com,Male,0,No,3,30.29,55.58,Month-to-month,Electronic check,0
12596,931023-3750455,user_2595@example.com,Male,1,No,29,117.77,3402.3,Month-to-month,Mailed check,0
12597,951123-2248036,user_2596@example.com,Male,1,No,6,39.49,162.57,Two year,Electronic check,0
12598,740801-2828348,user_2597@example.com,Female,0,No,13,19.68,260.2,Month-to-month,Credit card,0
12599,950725-3223336,user_2598@example.com,Male,0,Yes,6,118.49,,Month-to-month,Electronic check,0
12600,730728-2208879,user_2599@example.com,Female,0,Yes,2,46.68,100.13,Month-to-month,Credit card,0
12601,790726-2601601,user_2600@example.com,Male,1,No,19,85.47,1701.0,One year,Electronic check,0
12602,710814-2607280,user_2601@example.com,Male,1,No,1,36.21,102.91,Month-to-month,Electronic check,1
12603,860605-4431398,user_2602@example.com,Female,0,Yes,27,76.67,2108.98,Two year,Mailed check,0
12604,840321-2304474,user_2603@example.com,Female,0,No,7,109.13,767.64,Month-to-month,Bank transfer,0
12605,850909-4129105,user_2604@example.com,Female,0,Yes,0,50.6,,Month-to-month,Bank transfer,1
12606,790820-1527459,user_2605@example.com,Male,0,Yes,14,85.69,1237.85,One year,Bank transfer,0
12607,710601-4784167,user_2606@example.com,Male,0,No,0,37.34,,Month-to-month,Mailed check,1
12608,800105-1891340,user_2607@example.com,Female,0,Yes,6,81.14,392.71,Two year,Credit card,0
12609,861023-2609094,user_2608@example.com,Male,0,Yes,24,52.23,1278.12,Month-to-month,Electronic check,0
12610,820504-1267732,user_2609@example.com,Female,0,Yes,1,39.67,0.0,Two year,Mailed check,0
12611,820125-3204347,user_2610@example.com,Male,0,No,36,49.9,1748.29,One year,Credit card,0
12612,900913-3878599,user_2611@example.com,Male,1,Yes,0,36.43,,Two year,Mailed check,0
12613,981226-3305628,user_2612@example.com,Female,0,No,5,108.92,539.84,Month-to-month,Mailed check,0
12614,961222-1604926,user_2613@example.com,Female,0,Yes,27,58.32,1504.04,Month-to-month,Credit card,0
12615,970415-3647636,user_2614@example.com,Female,0,No,7,43.09,309.9,One year,Bank transfer,0
12616,810123-2629260,user_2615@example.com,Male,1,Yes,2,63.45,175.21,One year,Electronic check,0
12617,851123-1180556,user_2616@example.com,Male,0,Yes,8,50.63,348.62,Month-to-month,Bank transfer,0
12618,760708-2403663,user_2617@example.com,Male,0,Yes,6,93.13,622.4,Month-to-month,Mailed check,1
12619,970108-3249944,user_2618@example.com,Male,0,Yes,36,115.86,4092.95,Month-to-month,Credit card,0
12620,870424-2830753,user_2619@example.com,Female,1,No,7,62.41,542.74,One year,Mailed check,0
12621,851018-4300086,user_2620@example.com,Female,0,Yes,31,104.82,3228.86,Month-to-month,Bank transfer,0
12622,940814-2211058,user_2621@example.com,Male,0,Yes,44,75.23,,Month-to-month,Bank transfer,1
12623,930422-4754829,user_2622@example.com,Female,0,No,11,34.26,282.26,Month-to-month,Bank transfer,1
12624,710106-3252958,user_2623@example.com,Male,0,Yes,48,87.73,,Month-to-month,Electronic check,0
12625,900126-2282335,user_2624@example.com,Female,0,Yes,9,69.97,641.15,Month-to-month,Bank transfer,0
12626,721218-1895785,user_2625@example.com,Female,0,No,66,83.72,5521.21,Two year,Electronic check,1
12627,710325-3393618,user_2626@example.com,Male,0,Yes,1,107.69,79.54,Month-to-month,Electronic check,1
12628,930827-2467881,user_2627@example.com,Male,0,No,23,62.65,,Two year,Bank transfer,0
12629,851226-3342007,user_2628@example.com,Female,0,Yes,13,108.84,1471.45,Month-to-month,Credit card,0
12630,880421-3862288,user_2629@example.com,Male,1,No,9,93.75,845.29,Month-to-month,Mailed check,1
12631,770307-3759785,user_2630@example.com,Female,0,Yes,20,67.48,1426.64,Month-to-month,Mailed check,0
12632,960325-3823449,user_2631@example.com,Male,0,No,24,78.97,1868.96,One year,Electronic check,0
12633,840503-3995644,user_2632@example.com,Female,1,No,0,51.14,,One year,Electronic check,0
12634,730521-4372501,user_2633@example.com,Male,0,No,3,117.11,392.11,Month-to-month,Electronic check,0
12635,900214-1435050,user_2634@example.com,Female,0,Yes,24,85.4,,Month-to-month,Mailed check,1
12636,721214-3143189,user_2635@example.com,Male,0,Yes,21,22.9,,Two year,Electronic check,1
12637,850123-2658668,user_2636@example.com,Female,0,No,67,51.24,3487.95,Two year,Credit card,0
12638,951115-3582768,user_2637@example.com,Female,0,Yes,28,80.99,2209.12,Month-to-month,Credit card,0
12639,780527-3941323,user_2638@example.com,Male,0,No,60,24.15,1358.05,One year,Electronic check,0
12640,861111-4630503,user_2639@example.com,Female,0,No,24,20.89,594.79,Month-to-month,Mailed check,1
12641,840902-2872201,user_2640@example.com,Male,0,Yes,7,63.61,375.58,Month-to-month,Bank transfer,0
12642,900614-1561818,user_2641@example.com,Male,0,No,2,51.85,112.91,Month-to-month,Mailed check,1
12643,860219-3698873,user_2642@example.com,Female,0,Yes,30,62.44,1876.65,Month-to-month,Bank transfer,0
12644,940212-3533756,user_2643@example.com,Male,0,No,20,44.84,756.27,Two year,Bank transfer,0
12645,831017-3781792,user_2644@example.com,Male,0,Yes,0,35.01,,Month-to-month,Electronic check,1
12646,730904-3123929,user_2645@example.com,Male,0,No,8,87.59,,One year,Credit card,0
12647,930905-2855219,user_2646@example.com,Male,1,No,62,70.09,,Two year,Electronic check,0
12648,950802-1662572,user_2647@example.com,Male,0,Yes,13,38.57,546.59,Month-to-month,Bank transfer,1
12649,961214-3400636,user_2648@example.com,Female,0,Yes,11,50.54,,Month-to-month,Electronic check,0
12650,901223-1478946,user_2649@example.com,Male,0,Yes,12,77.83,969.59,One year,Bank transfer,1
12651,870314-2763089,user_2650@example.com,Male,0,No,4,25.74,68.49,Month-to-month,Electronic check,1
12652,820212-3995521,user_2651@example.com,Female,0,No,9,33.28,229.0,Month-to-month,Credit card,0
12653,770525-3610028,user_2652@example.com,Male,1,Yes,9,25.84,167.67,Month-to-month,Credit card,0
12654,970517-4880911,user_2653@example.com,Male,0,Yes,1,99.93,26.82,Month-to-month,Mailed check,1
12655,881027-2919470,user_2654@example.com,Female,0,Yes,29,93.93,2774.45,Two year,Bank transfer,0
12656,870604-4871741,user_2655@example.com,Female,0,Yes,10,94.02,864.47,One year,Bank transfer,1
12657,820910-2955591,user_2656@example.com,Female,0,Yes,34,90.31,3084.24,Month-to-month,Electronic check,0
12658,720901-3625038,user_2657@example.com,Male,0,Yes,37,85.61,3154.27,Month-to-month,Mailed check,0
12659,970715-3142732,user_2658@example.com,Male,0,Yes,4,66.32,260.15,Two year,Credit card,0
12660,810207-3934478,user_2659@example.com,Female,0,Yes,21,82.89,1808.87,Month-to-month,Electronic check,0
12661,780626-3489689,user_2660@example.com,Female,0,Yes,12,22.35,246.28,Month-to-month,Mailed check,1
12662,780324-4812925,user_2661@example.com,Female,0,Yes,42,80.8,,Two year,Credit card,0
12663,851101-3728908,user_2662@example.com,Male,0,No,4,96.48,387.8,Two year,Electronic check,0
12664,880419-2303561,user_2663@example.com,Female,0,Yes,22,68.66,1502.92,Month-to-month,Credit card,0
12665,820113-2794318,user_2664@example.com,Male,0,No,18,54.34,1093.12,Month-to-month,Bank transfer,1
12666,980726-2956903,user_2665@example.com,Female,0,No,6,46.31,205.79,Month-to-month,Mailed check,0
12667,880918-3794841,user_2666@example.com,Male,0,No,2,82.94,230.34,Month-to-month,Credit card,0
12668,961009-4342260,user_2667@example.com,Female,0,No,21,87.95,1879.77,One year,Mailed check,1
12669,910205-2221444,user_2668@example.com,Female,1,No,26,105.81,2727.08,Month-to-month,Electronic check,0
12670,830424-2945502,user_2669@example.com,Female,0,No,7,52.82,451.21,Month-to-month,Mailed check,0
12671,700213-3369944,user_2670@example.com,Female,0,No,20,95.67,1820.99,Month-to-month,Electronic check,1
12672,820105-4173208,user_2671@example.com,Male,0,Yes,10,74.78,,Two year,Mailed check,0
12673,940822-2847260,user_2672@example.com,Female,0,Yes,24,107.0,2507.58,Month-to-month,Electronic check,1
12674,810918-4753151,user_2673@example.com,Female,0,No,4,71.41,306.24,Month-to-month,Electronic check,1
12675,910807-4336404,user_2674@example.com,Female,1,No,44,70.39,3041.51,Two year,Electronic check,0
12676,780612-2566409,user_2675@example.com,Male,0,No,6,76.43,480.23,Month-to-month,Credit card,0
12677,850206-3779939,user_2676@example.com,Female,0,No,9,93.62,833.26,Month-to-month,Bank transfer,1
12678,740517-2341188,user_2677@example.com,Female,0,No,1,115.21,91.24,Month-to-month,Mailed check,0
12679,951109-3911095,user_2678@example.com,Female,0,Yes,2,25.87,71.17,Month-to-month,Bank transfer,1
12680,930316-1886648,user_2679@example.com,Male,0,No,14,23.86,320.61,Month-to-month,Bank transfer,0
12681,950706-1790770,user_2680@example.com,Male,0,No,6,112.49,620.51,Month-to-month,Bank transfer,0
12682,751102-2201659,user_2681@example.com,Male,1,Yes,36,71.62,2718.39,Month-to-month,Bank transfer,1
12683,760823-1788227,user_2682@example.com,Male,1,No,0,80.14,,Month-to-month,Mailed check,0
12684,931225-3738083,user_2683@example.com,Male,0,No,9,66.86,,Month-to-month,Mailed check,1
12685,820426-3705763,user_2684@example.com,Male,0,No,8,27.89,181.02,Month-to-month,Bank transfer,1
12686,940102-3373917,user_2685@example.com,Female,0,Yes,0,95.5,,Month-to-month,Mailed check,0
12687,940717-1619558,user_2686@example.com,Male,0,No,2,93.41,228.13,Month-to-month,Mailed check,1
12688,910101-4945989,user_2687@example.com,Female,0,Yes,10,49.75,513.58,Two year,Electronic check,0
12689,810420-4690549,user_2688@example.com,Female,0,Yes,13,49.2,659.54,Month-to-month,Mailed check,0
12690,780118-4941319,user_2689@example.com,Female,0,Yes,10,102.49,,Month-to-month,Credit card,1
12691,961122-4394555,user_2690@example.com,Male,0,No,15,25.75,372.28,One year,Bank transfer,0
12692,770218-1654144,user_2691@example.com,Male,1,No,18,106.83,1904.39,Month-to-month,Mailed check,0
12693,840606-2128421,user_2692@example.com,Female,0,No,0,44.23,,One year,Bank transfer,0
12694,821102-3253312,user_2693@example.com,Female,0,No,12,77.95,977.17,One year,Mailed check,1
12695,830919-4911470,user_2694@example.com,Female,0,Yes,66,112.33,7430.58,One year,Bank transfer,0
12696,790702-2421907,user_2695@example.com,Male,0,Yes,14,86.48,1235.73,One year,Credit card,0
12697,710512-2583915,user_2696@example.com,Female,0,No,22,60.05,,Month-to-month,Mailed check,0
12698,760225-1356961,user_2697@example.com,Female,1,No,7,87.63,657.63,One year,Mailed check,1
12699,921221-1242003,user_2698@example.com,Female,0,No,29,52.98,,Month-to-month,Credit card,1
12700,770512-2293608,user_2699@example.com,Male,0,Yes,29,46.3,1360.64,Month-to-month,Mailed check,0
12701,860110-1105023,user_2700@example.com,Male,0,No,14,118.42,1717.32,Two year,Bank transfer,0
12702,740922-3707556,user_2701@example.com,Male,0,Yes,72,93.77,6718.19,Month-to-month,Credit card,0
12703,910609-1662270,user_2702@example.com,Male,0,No,2,83.13,123.47,Two year,Electronic check,0
12704,780504-1636022,user_2703@example.com,Male,0,No,0,54.12,,Month-to-month,Bank transfer,0
12705,920106-4566850,user_2704@example.com,Female,0,Yes,29,23.43,688.62,Month-to-month,Mailed check,0
12706,860720-4540996,user_2705@example.com,Female,0,Yes,32,21.61,598.83,Month-to-month,Bank transfer,1
12707,870717-3899443,user_2706@example.com,Female,1,Yes,2,74.06,171.23,One year,Credit card,0
12708,931207-3483574,user_2707@example.com,Male,0,Yes,6,94.89,563.88,Month-to-month,Mailed check,1
12709,921205-3831115,user_2708@example.com,Female,0,Yes,0,72.37,,Month-to-month,Mailed check,0
12710,971019-4582409,user_2709@example.com,Male,0,No,6,102.79,583.14,Month-to-month,Credit card,1
12711,980724-4412757,user_2710@example.com,Male,0,No,29,21.85,,One year,Electronic check,0
12712,840927-2975348,user_2711@example.com,Female,0,Yes,14,55.27,829.89,Month-to-month,Mailed check,0
12713,800626-4956764,user_2712@example.com,Female,0,No,8,42.27,407.32,Two year,Mailed check,0
12714,840620-1243502,user_2713@example.com,Female,0,Yes,9,63.34,536.05,Month-to-month,Mailed check,0
12715,980616-1612957,user_2714@example.com,Male,1,Yes,0,25.76,,Month-to-month,Electronic check,1
12716,750601-3825513,user_2715@example.com,Female,0,No,7,114.15,813.77,Month-to-month,Bank transfer,0
12717,900821-2511172,user_2716@example.com,Female,0,No,20,40.88,836.28,Two year,Electronic check,0
12718,870420-4873353,user_2717@example.com,Female,0,Yes,72,110.96,7975.99,Month-to-month,Bank transfer,1
12719,950819-1915382,user_2718@example.com,Male,0,Yes,37,61.2,2328.47,Month-to-month,Mailed check,0
12720,780613-1927793,user_2719@example.com,Male,0,No,0,117.3,,One year,Bank transfer,0
12721,830216-4103856,user_2720@example.com,Female,0,No,45,74.04,3310.74,Month-to-month,Bank transfer,0
12722,910801-4378512,user_2721@example.com,Male,1,No,30,111.82,3377.0,One year,Bank transfer,0
12723,701005-3970531,user_2722@example.com,Female,1,Yes,30,19.04,,Month-to-month,Bank transfer,0
12724,700110-2748066,user_2723@example.com,Male,0,Yes,12,93.51,1189.76,Month-to-month,Mailed check,0
12725,740525-4905448,user_2724@example.com,Female,1,Yes,10,109.03,1150.21,Month-to-month,Credit card,0
12726,940811-1670583,user_2725@example.com,Male,0,Yes,7,32.51,213.29,Month-to-month,Electronic check,0
12727,980824-4501908,user_2726@example.com,Male,0,Yes,1,28.14,93.13,One year,Bank transfer,0
12728,790304-1823190,user_2727@example.com,Female,0,Yes,5,61.06,269.6,One year,Mailed check,0
12729,810911-3188908,user_2728@example.com,Male,1,No,5,112.1,607.04,Month-to-month,Mailed check,1
12730,960712-4135899,user_2729@example.com,Female,0,No,13,72.87,1037.84,Two year,Mailed check,0
12731,880804-2767120,user_2730@example.com,Female,0,No,27,71.38,1988.01,Month-to-month,Mailed check,0
12732,710722-1471929,user_2731@example.com,Female,0,No,12,32.65,397.09,Month-to-month,Bank transfer,0
12733,970507-2261961,user_2732@example.com,Male,1,Yes,1,18.58,1.99,One year,Electronic check,0
12734,730508-2512917,user_2733@example.com,Male,0,No,63,99.72,6205.93,One year,Mailed check,0
12735,901013-3184141,user_2734@example.com,Female,0,Yes,57,27.28,1570.49,Month-to-month,Electronic check,1
12736,900112-2285128,user_2735@example.com,Female,1,Yes,30,82.04,2405.44,One year,Electronic check,0
12737,840227-2889416,user_2736@example.com,Male,0,No,72,110.19,7894.02,Month-to-month,Electronic check,0
12738,740912-1530457,user_2737@example.com,Female,0,No,15,39.42,531.76,One year,Credit card,0
12739,741225-3460865,user_2738@example.com,Female,0,Yes,65,85.19,5514.33,Two year,Mailed check,0
12740,800724-3610832,user_2739@example.com,Female,0,No,1,26.39,,One year,Mailed check,0
12741,871005-3931485,user_2740@example.com,Female,0,Yes,9,79.03,724.95,Month-to-month,Mailed check,1
12742,940517-4872908,user_2741@example.com,Male,0,No,5,34.93,144.62,One year,Electronic check,0
12743,710115-4260449,user_2742@example.com,Female,1,No,4,92.28,422.58,One year,Mailed check,0
12744,971108-3547204,user_2743@example.com,Male,0,Yes,3,48.7,135.69,Month-to-month,Mailed check,1
12745,860412-2994437,user_2744@example.com,Male,0,No,19,64.95,1194.66,Month-to-month,Electronic check,1
12746,741225-4767538,user_2745@example.com,Male,0,Yes,30,78.59,2369.01,Two year,Mailed check,0
12747,741023-1691602,user_2746@example.com,Male,0,Yes,17,35.67,704.57,Month-to-month,Bank transfer,1
12748,730118-3167037,user_2747@example.com,Female,1,No,3,92.85,295.31,Month-to-month,Credit card,1
12749,950723-1758936,user_2748@example.com,Female,0,Yes,33,48.84,1593.58,Month-to-month,Bank transfer,0
12750,720302-3738722,user_2749@example.com,Female,0,No,20,84.9,1621.63,One year,Bank transfer,0
12751,911020-2495470,user_2750@example.com,Female,0,No,9,34.37,298.36,Two year,Bank transfer,0
12752,770126-3436439,user_2751@example.com,Male,0,No,22,87.48,1936.31,One year,Electronic check,0
12753,710920-4408530,user_2752@example.com,Male,0,No,6,31.35,168.72,Month-to-month,Mailed check,0
12754,811210-3277139,user_2753@example.com,Male,0,Yes,8,61.14,,One year,Bank transfer,0
12755,790326-4859816,user_2754@example.com,Female,0,Yes,49,43.28,2078.19,One year,Bank transfer,0
12756,980528-1813084,user_2755@example.com,Male,0,No,6,93.52,633.85,One year,Mailed check,0
12757,720719-2281882,user_2756@example.com,Male,0,No,12,44.77,608.94,Month-to-month,Electronic check,0
12758,730714-2676332,user_2757@example.com,Female,1,Yes,44,106.89,4658.83,One year,Bank transfer,0
12759,970712-4103515,user_2758@example.com,Male,1,Yes,24,107.9,2623.24,Month-to-month,Mailed check,1
12760,891228-4670765,user_2759@example.com,Male,0,No,1,38.19,0.0,Month-to-month,Mailed check,1
12761,821106-2955590,user_2760@example.com,Female,0,No,3,80.04,310.34,Month-to-month,Credit card,1
12762,790826-3751592,user_2761@example.com,Male,0,No,0,27.29,,Two year,Bank transfer,0
12763,720528-2889902,user_2762@example.com,Male,0,No,19,57.75,1144.73,Month-to-month,Bank transfer,1
12764,720518-3305190,user_2763@example.com,Male,1,Yes,11,90.01,904.36,Two year,Credit card,0
12765,930514-4466706,user_2764@example.com,Male,0,No,2,84.61,203.1,Month-to-month,Mailed check,1
12766,730303-4287715,user_2765@example.com,Male,0,No,63,81.13,5110.81,One year,Mailed check,0
12767,910324-4773418,user_2766@example.com,Female,0,No,15,46.82,744.9,Month-to-month,Bank transfer,0
12768,840408-2703128,user_2767@example.com,Male,0,Yes,5,56.4,327.74,Month-to-month,Bank transfer,0
12769,870303-1795154,user_2768@example.com,Male,0,No,13,28.82,377.95,One year,Credit card,0
12770,810814-2587702,user_2769@example.com,Female,1,Yes,22,90.58,,One year,Bank transfer,0
12771,960122-2242604,user_2770@example.com,Female,0,No,1,69.01,107.99,One year,Bank transfer,0
12772,980826-1726215,user_2771@example.com,Male,1,No,6,89.55,534.29,One year,Electronic check,0
12773,760817-4541591,user_2772@example.com,Female,1,Yes,32,43.46,1347.08,One year,Credit card,0
12774,700304-3907771,user_2773@example.com,Male,0,No,12,51.02,566.23,Two year,Mailed check,0
12775,711111-3450328,user_2774@example.com,Male,0,No,15,52.01,706.29,Month-to-month,Bank transfer,1
12776,970205-3395391,user_2775@example.com,Female,0,Yes,11,21.08,206.37,Month-to-month,Mailed check,0
12777,980907-2396011,user_2776@example.com,Male,1,Yes,0,52.69,,Month-to-month,Bank transfer,1
12778,970318-4537553,user_2777@example.com,Female,0,Yes,3,99.03,305.98,Month-to-month,Electronic check,1
12779,900902-2483022,user_2778@example.com,Male,0,Yes,11,108.45,1166.46,One year,Credit card,0
12780,931214-3924174,user_2779@example.com,Female,0,No,4,70.45,322.04,Month-to-month,Credit card,0
12781,720606-3470740,user_2780@example.com,Female,0,No,1,64.16,22.54,Month-to-month,Mailed check,0
12782,891209-3354723,user_2781@example.com,Male,0,Yes,37,21.59,803.6,Month-to-month,Electronic check,0
12783,830108-3961527,user_2782@example.com,Female,0,No,72,106.64,7669.1,One year,Mailed check,0
12784,800325-3128910,user_2783@example.com,Male,0,No,31,19.8,652.76,Month-to-month,Electronic check,1
12785,820705-4513403,user_2784@example.com,Male,0,No,38,113.21,4223.12,Month-to-month,Bank transfer,0
12786,810326-4558436,user_2785@example.com,Male,0,No,5,67.54,295.19,One year,Bank transfer,0
12787,880301-4874685,user_2786@example.com,Male,1,No,64,52.78,3296.01,One year,Electronic check,0
12788,941222-2368692,user_2787@example.com,Female,0,No,4,111.15,431.62,Month-to-month,Bank transfer,1
12789,870516-3991913,user_2788@example.com,Male,0,No,60,20.95,1317.57,One year,Credit card,1
12790,721027-2182859,user_2789@example.com,Female,1,Yes,72,76.79,5503.61,Month-to-month,Electronic check,1
12791,830410-1609734,user_2790@example.com,Female,1,No,24,73.53,1739.19,Two year,Electronic check,1
12792,851009-2304098,user_2791@example.com,Male,0,Yes,72,40.49,2958.87,Month-to-month,Mailed check,0
12793,710906-2871107,user_2792@example.com,Male,0,No,16,61.5,1037.43,Two year,Electronic check,1
12794,731010-1496357,user_2793@example.com,Male,0,No,6,83.89,498.91,Two year,Mailed check,0
12795,761227-2444356,user_2794@example.com,Male,1,Yes,11,91.39,1039.53,One year,Electronic check,0
12796,840810-4134128,user_2795@example.com,Female,0,Yes,18,18.57,280.41,Month-to-month,Credit card,0
12797,850104-4812058,user_2796@example.com,Female,0,Yes,1,112.42,181.32,Month-to-month,Credit card,0
12798,930621-2384447,user_2797@example.com,Female,1,Yes,19,34.99,772.25,Month-to-month,Credit card,1
12799,950213-1154827,user_2798@example.com,Male,0,Yes,72,41.92,,Two year,Mailed check,0
12800,900208-2293198,user_2799@example.com,Male,0,Yes,4,44.91,75.42,One year,Mailed check,0
12801,950505-3361787,user_2800@example.com,Male,1,No,31,22.29,,Two year,Bank transfer,0
12802,860111-3586080,user_2801@example.com,Female,0,No,47,30.84,1480.12,One year,Mailed check,0
12803,931018-4956220,user_2802@example.com,Male,0,Yes,57,117.38,6669.59,Month-to-month,Mailed check,1
12804,970613-1825973,user_2803@example.com,Female,1,No,64,50.1,3270.01,Month-to-month,Credit card,0
12805,891211-3591578,user_2804@example.com,Male,0,Yes,14,30.06,450.25,Month-to-month,Electronic check,0
12806,890913-3159562,user_2805@example.com,Female,0,Yes,72,29.23,2069.24,Month-to-month,Mailed check,1
12807,930105-4926165,user_2806@example.com,Male,0,Yes,28,90.63,2539.25,One year,Bank transfer,0
12808,830914-2510361,user_2807@example.com,Male,0,Yes,3,104.17,267.82,Two year,Electronic check,0
12809,910101-2577483,user_2808@example.com,Female,0,No,12,44.26,521.99,One year,Mailed check,0
12810,760323-1418746,user_2809@example.com,Female,0,Yes,25,20.6,,Two year,Electronic check,0
12811,930922-2796200,user_2810@example.com,Female,0,No,5,40.86,263.04,Two year,Electronic check,1
12812,870626-4849551,user_2811@example.com,Female,0,No,20,24.17,589.2,Month-to-month,Electronic check,0
12813,750427-1531423,user_2812@example.com,Female,0,No,21,28.87,534.71,Month-to-month,Electronic check,1
12814,721211-4888764,user_2813@example.com,Female,0,No,3,61.76,89.12,One year,Electronic check,0
12815,740108-3183011,user_2814@example.com,Female,0,Yes,16,41.55,652.54,Month-to-month,Mailed check,0
12816,780305-4546767,user_2815@example.com,Female,0,Yes,29,70.22,1960.46,Month-to-month,Electronic check,1
12817,770603-4855007,user_2816@example.com,Female,1,Yes,13,43.91,573.14,Month-to-month,Electronic check,1
12818,770506-3994178,user_2817@example.com,Female,0,No,0,112.79,,Two year,Bank transfer,0
12819,770425-1441296,user_2818@example.com,Female,0,Yes,0,109.32,,Month-to-month,Bank transfer,1
12820,940821-3587420,user_2819@example.com,Male,0,Yes,8,75.32,612.63,One year,Electronic check,0
12821,830912-1578742,user_2820@example.com,Female,0,Yes,52,54.03,2799.9,Two year,Mailed check,0
12822,971108-4186581,user_2821@example.com,Female,0,Yes,5,56.71,184.63,One year,Bank transfer,0
12823,970419-4409665,user_2822@example.com,Female,0,Yes,20,59.79,1197.11,One year,Bank transfer,0
12824,740821-2210086,user_2823@example.com,Female,0,No,5,91.44,460.76,One year,Electronic check,0
12825,931112-4243394,user_2824@example.com,Female,0,No,7,63.78,478.41,Month-to-month,Mailed check,1
12826,771018-4466326,user_2825@example.com,Male,1,Yes,37,104.39,3827.01,Month-to-month,Credit card,0
12827,950805-4925142,user_2826@example.com,Male,1,No,26,113.15,2920.15,Two year,Mailed check,1
12828,810908-1627250,user_2827@example.com,Female,0,No,2,52.18,30.46,Month-to-month,Bank transfer,1
12829,840620-3428268,user_2828@example.com,Female,0,No,11,74.71,707.25,One year,Bank transfer,0
12830,921013-4176764,user_2829@example.com,Female,0,No,0,28.03,,Month-to-month,Bank transfer,0
12831,900617-3227669,user_2830@example.com,Female,0,Yes,13,38.6,423.28,Month-to-month,Bank transfer,1
12832,830707-3265480,user_2831@example.com,Male,0,No,21,59.95,1275.79,Two year,Bank transfer,0
12833,710323-4192517,user_2832@example.com,Female,0,No,2,39.17,,One year,Electronic check,1
12834,701007-4843009,user_2833@example.com,Male,0,No,6,106.38,611.37,Month-to-month,Electronic check,1
12835,730720-2901773,user_2834@example.com,Male,0,No,10,34.37,294.48,Two year,Electronic check,0
12836,981109-1573218,user_2835@example.com,Male,1,Yes,50,64.18,,One year,Bank transfer,0
12837,910425-2617225,user_2836@example.com,Male,1,No,72,79.22,5779.26,Month-to-month,Electronic check,0
12838,900910-3781966,user_2837@example.com,Female,0,Yes,0,87.86,,One year,Bank transfer,0
12839,740818-4517660,user_2838@example.com,Male,0,Yes,28,56.9,1572.58,Month-to-month,Mailed check,1
12840,750711-4247548,user_2839@example.com,Female,0,No,9,105.63,877.93,One year,Credit card,0
12841,730907-2584206,user_2840@example.com,Male,0,Yes,9,75.47,727.83,Month-to-month,Mailed check,1
12842,780721-3852024,user_2841@example.com,Female,0,Yes,28,62.56,1758.85,Month-to-month,Credit card,1
12843,920305-3457970,user_2842@example.com,Female,0,Yes,50,25.24,,One year,Electronic check,0
12844,721207-1121508,user_2843@example.com,Male,0,Yes,60,65.09,3885.79,Two year,Credit card,0
12845,811104-4281330,user_2844@example.com,Male,0,Yes,17,100.78,1797.17,One year,Mailed check,1
12846,820810-4663168,user_2845@example.com,Male,1,No,8,80.11,637.23,Month-to-month,Mailed check,0
12847,720216-4360175,user_2846@example.com,Male,0,Yes,30,101.92,3048.51,Two year,Credit card,0
12848,801128-3347541,user_2847@example.com,Female,0,No,5,68.02,293.03,One year,Mailed check,0
12849,830119-3597603,user_2848@example.com,Male,0,No,16,30.38,391.35,One year,Electronic check,0
12850,791123-3343363,user_2849@example.com,Male,0,No,8,19.87,150.96,Month-to-month,Mailed check,1
12851,800720-1360795,user_2850@example.com,Female,0,No,21,48.9,1043.17,Two year,Credit card,1
12852,910227-1891975,user_2851@example.com,Female,0,No,5,88.47,497.33,Two year,Electronic check,1
12853,960323-4332237,user_2852@example.com,Female,0,No,4,97.72,278.46,One year,Credit card,0
12854,730325-3567957,user_2853@example.com,Female,0,No,50,48.15,2351.25,Two year,Bank transfer,0
12855,910615-1693149,user_2854@example.com,Female,0,No,2,68.19,107.34,Month-to-month,Bank transfer,1
12856,880604-2379405,user_2855@example.com,Male,0,No,14,60.72,849.91,Two year,Electronic check,0
12857,731113-1531756,user_2856@example.com,Male,0,Yes,4,59.65,231.35,Month-to-month,Electronic check,1
12858,840728-1848571,user_2857@example.com,Male,1,Yes,0,41.69,,Month-to-month,Mailed check,0
12859,960906-2916503,user_2858@example.com,Female,0,No,0,32.17,,One year,Credit card,0
12860,780623-2309237,user_2859@example.com,Male,0,No,3,38.22,69.5,One year,Bank transfer,1
12861,710506-2209828,user_2860@example.com,Male,0,Yes,40,24.05,1008.71,Month-to-month,Mailed check,0
12862,891206-2429095,user_2861@example.com,Male,0,No,6,38.36,251.83,Month-to-month,Bank transfer,1
12863,931017-4370513,user_2862@example.com,Female,1,No,60,19.42,1149.21,Month-to-month,Mailed check,0
12864,800126-3580542,user_2863@example.com,Female,0,Yes,17,81.38,1463.51,Month-to-month,Mailed check,0
12865,720316-3187623,user_2864@example.com,Male,0,No,11,50.22,630.24,Month-to-month,Bank transfer,1
12866,980624-2806134,user_2865@example.com,Male,0,Yes,17,116.06,2019.66,Month-to-month,Mailed check,0
12867,810506-2676870,user_2866@example.com,Male,0,No,14,37.92,379.95,Month-to-month,Bank transfer,0
12868,780715-4885658,user_2867@example.com,Male,0,No,28,53.17,1567.71,Two year,Electronic check,0
12869,860527-2280170,user_2868@example.com,Female,0,No,6,54.37,365.96,One year,Credit card,0
12870,800413-1488253,user_2869@example.com,Female,0,No,8,19.35,255.12,Month-to-month,Mailed check,1
12871,770720-1407754,user_2870@example.com,Female,0,No,44,102.63,4577.59,Two year,Bank transfer,0
12872,880608-3387268,user_2871@example.com,Female,0,Yes,58,21.71,1338.1,One year,Bank transfer,0
12873,790126-4945049,user_2872@example.com,Female,0,No,44,112.75,5004.93,Month-to-month,Credit card,0
12874,930708-2845254,user_2873@example.com,Male,0,No,10,107.93,,Month-to-month,Credit card,1
12875,830418-1480820,user_2874@example.com,Female,0,Yes,30,72.19,2265.41,Month-to-month,Credit card,0
12876,920410-3155434,user_2875@example.com,Female,0,No,12,73.0,886.83,Month-to-month,Mailed check,0
12877,890301-3591649,user_2876@example.com,Male,0,No,13,84.04,1013.91,Month-to-month,Bank transfer,1
12878,780105-2602019,user_2877@example.com,Female,0,No,4,57.3,213.83,Month-to-month,Mailed check,0
12879,960721-1516898,user_2878@example.com,Male,0,Yes,17,83.38,1436.96,Month-to-month,Mailed check,1
12880,950901-2773523,user_2879@example.com,Female,0,Yes,4,22.99,,One year,Electronic check,1
12881,901003-3344111,user_2880@example.com,Female,1,No,8,23.92,129.03,Month-to-month,Credit card,0
12882,700612-4722271,user_2881@example.com,Female,0,No,38,64.34,2363.37,One year,Electronic check,0
12883,930603-4374982,user_2882@example.com,Male,0,Yes,4,73.6,257.34,One year,Electronic check,0
12884,720908-3137650,user_2883@example.com,Male,0,No,1,107.5,147.89,Two year,Mailed check,0
12885,821118-3701816,user_2884@example.com,Male,0,Yes,1,28.99,108.01,Month-to-month,Mailed check,1
12886,821213-3276841,user_2885@example.com,Female,0,No,56,100.97,5700.15,Two year,Bank transfer,0
12887,870807-1557237,user_2886@example.com,Male,0,Yes,14,39.56,606.71,Two year,Electronic check,1
12888,750928-2343770,user_2887@example.com,Male,0,Yes,10,58.01,576.06,One year,Credit card,0
12889,770723-4730385,user_2888@example.com,Female,0,No,33,50.24,1570.82,One year,Electronic check,0
12890,851028-1450816,user_2889@example.com,Female,0,Yes,36,58.62,,Month-to-month,Bank transfer,0
12891,961006-3105825,user_2890@example.com,Female,0,No,8,33.59,255.78,Two year,Electronic check,0
12892,810115-1686976,user_2891@example.com,Female,0,Yes,23,68.98,1561.69,Month-to-month,Electronic check,0
12893,731221-2924692,user_2892@example.com,Male,0,No,29,98.86,2869.67,One year,Electronic check,0
12894,960113-4204826,user_2893@example.com,Male,0,Yes,21,62.76,1340.03,Month-to-month,Bank transfer,0
12895,750320-4511220,user_2894@example.com,Male,0,No,3,67.68,245.69,Month-to-month,Electronic check,1
12896,851220-4260096,user_2895@example.com,Female,0,Yes,41,103.59,4233.28,One year,Mailed check,0
12897,870202-2846144,user_2896@example.com,Female,0,Yes,15,89.28,1244.01,Two year,Electronic check,0
12898,790801-2526503,user_2897@example.com,Female,1,No,6,67.67,381.88,Month-to-month,Mailed check,1
12899,701019-1112967,user_2898@example.com,Male,0,No,11,44.33,,Two year,Electronic check,0
12900,710424-4624284,user_2899@example.com,Male,0,Yes,0,107.21,,One year,Mailed check,1
12901,780701-4444443,user_2900@example.com,Male,0,Yes,2,76.35,124.31,Month-to-month,Electronic check,0
12902,860908-4531001,user_2901@example.com,Male,0,No,29,40.67,1205.06,Month-to-month,Credit card,0
12903,831227-3950910,user_2902@example.com,Female,0,Yes,0,45.48,,One year,Mailed check,0
12904,730422-3747073,user_2903@example.com,Female,0,No,10,99.01,992.3,Month-to-month,Credit card,1
12905,730424-2843598,user_2904@example.com,Female,0,No,14,22.93,,Month-to-month,Mailed check,0
12906,771210-3908321,user_2905@example.com,Male,0,No,1,117.96,84.92,Month-to-month,Electronic check,1
12907,940916-2343897,user_2906@example.com,Male,0,No,72,31.57,2244.28,Month-to-month,Bank transfer,0
12908,810507-3891020,user_2907@example.com,Male,0,No,5,98.31,490.95,One year,Electronic check,0
12909,770819-3681108,user_2908@example.com,Male,1,No,7,58.08,374.55,Month-to-month,Bank transfer,1
12910,870517-3643526,user_2909@example.com,Female,0,Yes,7,67.84,500.28,Month-to-month,Credit card,1
12911,831123-1433506,user_2910@example.com,Female,0,No,5,106.79,,Month-to-month,Bank transfer,0
12912,931125-3124285,user_2911@example.com,Male,1,Yes,0,59.89,,Month-to-month,Bank transfer,1
12913,750622-1177113,user_2912@example.com,Male,0,No,26,72.38,1876.87,Month-to-month,Bank transfer,0
12914,750814-3736335,user_2913@example.com,Male,1,No,68,23.44,1604.67,One year,Bank transfer,0
12915,911219-3421669,user_2914@example.com,Female,0,Yes,5,18.74,70.71,One year,Credit card,0
12916,800904-1420085,user_2915@example.com,Male,1,No,21,43.04,886.89,Month-to-month,Bank transfer,1
12917,780802-4821874,user_2916@example.com,Male,0,No,27,86.73,2346.51,Month-to-month,Electronic check,0
12918,771211-1323031,user_2917@example.com,Male,1,No,37,30.66,1144.52,Month-to-month,Mailed check,0
12919,790119-1838522,user_2918@example.com,Male,0,No,10,29.9,298.79,Month-to-month,Mailed check,0
12920,930128-3676771,user_2919@example.com,Female,0,Yes,7,59.7,503.17,One year,Electronic check,1
12921,810720-4980539,user_2920@example.com,Female,0,Yes,7,83.45,534.61,Month-to-month,Credit card,0
12922,911026-1725967,user_2921@example.com,Female,0,Yes,24,89.89,2154.15,Month-to-month,Electronic check,1
12923,931201-1771434,user_2922@example.com,Female,0,Yes,33,36.39,1122.19,One year,Electronic check,0
12924,810906-1205992,user_2923@example.com,Female,0,Yes,4,26.48,124.52,Month-to-month,Bank transfer,0
12925,750620-3900351,user_2924@example.com,Male,0,No,9,112.77,959.17,One year,Bank transfer,0
12926,720204-1801126,user_2925@example.com,Male,0,No,46,44.63,2039.06,Month-to-month,Credit card,1
12927,720813-2998652,user_2926@example.com,Male,0,No,32,104.05,3311.0,Month-to-month,Credit card,1
12928,780112-1524296,user_2927@example.com,Male,0,Yes,72,105.07,7579.08,One year,Mailed check,0
12929,940703-4125443,user_2928@example.com,Male,0,Yes,28,95.95,2658.96,One year,Credit card,0
12930,760915-4567927,user_2929@example.com,Male,0,Yes,9,35.43,289.1,Month-to-month,Electronic check,1
12931,700622-3934212,user_2930@example.com,Female,0,Yes,17,100.89,1786.92,One year,Mailed check,1
12932,800103-4576179,user_2931@example.com,Male,0,No,21,95.62,2022.25,Two year,Mailed check,0
12933,790715-4955124,user_2932@example.com,Male,0,Yes,1,78.32,50.27,Two year,Bank transfer,0
12934,870301-2856373,user_2933@example.com,Female,0,Yes,15,52.3,771.96,One year,Bank transfer,0
12935,820804-2431723,user_2934@example.com,Female,0,No,24,44.82,1157.95,Two year,Mailed check,0
12936,731004-1862834,user_2935@example.com,Female,0,Yes,3,30.72,80.4,Month-to-month,Bank transfer,1
12937,780725-3759465,user_2936@example.com,Male,0,Yes,30,69.6,2053.54,Month-to-month,Bank transfer,0
12938,980421-1169590,user_2937@example.com,Male,0,Yes,17,77.17,1277.64,Month-to-month,Bank transfer,0
12939,750919-4977967,user_2938@example.com,Female,0,Yes,60,54.52,3243.74,Month-to-month,Mailed check,0
12940,961011-4528308,user_2939@example.com,Female,0,No,0,66.15,,Month-to-month,Mailed check,0
12941,810405-2738605,user_2940@example.com,Female,1,Yes,6,54.94,265.66,One year,Mailed check,0
12942,980108-3961227,user_2941@example.com,Female,0,No,18,82.76,1433.47,Month-to-month,Electronic check,0
12943,960323-3991240,user_2942@example.com,Male,0,No,7,108.85,720.48,One year,Mailed check,0
12944,801123-4583559,user_2943@example.com,Female,0,Yes,25,34.93,902.83,Month-to-month,Bank transfer,0
12945,731020-2315559,user_2944@example.com,Female,0,Yes,28,56.74,1569.66,Month-to-month,Mailed check,1
12946,830420-2167259,user_2945@example.com,Male,0,No,2,32.62,54.88,Month-to-month,Electronic check,1
12947,721104-4712572,user_2946@example.com,Male,0,Yes,14,81.15,1199.6,Month-to-month,Bank transfer,0
12948,871219-3531579,user_2947@example.com,Female,0,Yes,14,91.57,1346.73,Month-to-month,Credit card,1
12949,871114-2418876,user_2948@example.com,Male,0,Yes,9,111.92,,One year,Mailed check,0
12950,720209-4196004,user_2949@example.com,Male,0,Yes,54,46.46,2477.3,Month-to-month,Mailed check,0
12951,980905-1339551,user_2950@example.com,Female,0,Yes,35,113.76,3938.38,Month-to-month,Credit card,0
12952,801120-4474322,user_2951@example.com,Female,0,Yes,23,24.84,605.96,One year,Bank transfer,0
12953,821009-4668038,user_2952@example.com,Male,0,No,25,78.95,1963.51,Month-to-month,Mailed check,1
12954,740728-4966263,user_2953@example.com,Female,0,Yes,12,24.23,271.44,Month-to-month,Electronic check,0
12955,790605-3847823,user_2954@example.com,Female,0,No,50,108.1,5364.32,Month-to-month,Bank transfer,0
12956,960228-3449575,user_2955@example.com,Male,0,No,23,71.61,,Month-to-month,Mailed check,0
12957,900822-4310572,user_2956@example.com,Male,0,No,26,85.6,2241.6,One year,Bank transfer,0
12958,860914-1796306,user_2957@example.com,Male,0,Yes,39,101.87,3907.16,Two year,Mailed check,0
12959,820528-3565351,user_2958@example.com,Male,0,No,6,33.57,,One year,Credit card,0
12960,760315-3890736,user_2959@example.com,Male,0,No,32,22.37,689.15,Month-to-month,Mailed check,1
12961,900918-3859096,user_2960@example.com,Female,0,No,4,106.61,,One year,Bank transfer,0
12962,720822-3487892,user_2961@example.com,Male,0,Yes,8,50.07,333.71,Month-to-month,Mailed check,0
12963,791207-2577162,user_2962@example.com,Female,1,No,8,31.43,,Month-to-month,Mailed check,1
12964,950327-1789557,user_2963@example.com,Female,0,No,72,65.46,4696.7,Month-to-month,Bank transfer,1
12965,780408-2350878,user_2964@example.com,Female,0,Yes,38,78.48,2979.74,One year,Mailed check,0
12966,931022-4944967,user_2965@example.com,Female,0,Yes,24,21.6,591.99,One year,Mailed check,0
12967,841214-1540016,user_2966@example.com,Female,1,No,25,46.06,1160.38,One year,Bank transfer,0
12968,891122-3249336,user_2967@example.com,Male,0,No,16,21.79,308.91,One year,Credit card,0
12969,820422-1866457,user_2968@example.com,Female,0,Yes,58,60.64,3481.55,Month-to-month,Electronic check,0
12970,821105-1561389,user_2969@example.com,Female,0,Yes,13,108.23,1436.75,Month-to-month,Electronic check,0
12971,910318-3216639,user_2970@example.com,Male,1,Yes,9,117.01,1118.02,One year,Electronic check,0
12972,751008-4883067,user_2971@example.com,Female,0,No,3,82.36,261.18,One year,Electronic check,0
12973,900101-4868806,user_2972@example.com,Male,0,Yes,30,34.7,1075.44,One year,Electronic check,0
12974,870410-1154439,user_2973@example.com,Female,1,No,26,109.31,2872.55,Month-to-month,Electronic check,0
12975,950913-1508184,user_2974@example.com,Male,0,No,9,70.25,703.2,One year,Bank transfer,0
12976,900410-1391901,user_2975@example.com,Male,0,Yes,0,33.91,,Month-to-month,Bank transfer,1
12977,940810-1293611,user_2976@example.com,Female,0,No,36,110.9,4025.76,One year,Bank transfer,0
12978,901110-1153256,user_2977@example.com,Male,0,No,0,94.44,,Month-to-month,Mailed check,1
12979,720121-2575282,user_2978@example.com,Male,0,No,24,91.85,2137.46,Two year,Credit card,0
12980,750711-4391619,user_2979@example.com,Female,0,Yes,70,89.6,6227.72,Month-to-month,Credit card,0
12981,730218-3728644,user_2980@example.com,Female,0,Yes,11,38.58,381.84,One year,Electronic check,1
12982,901218-3305953,user_2981@example.com,Female,0,No,5,39.65,161.81,One year,Electronic check,0
12983,981205-1127506,user_2982@example.com,Female,0,Yes,24,87.5,,Month-to-month,Bank transfer,0
12984,710327-1104651,user_2983@example.com,Female,0,Yes,33,40.53,,Month-to-month,Credit card,0
12985,820620-3542241,user_2984@example.com,Female,0,Yes,15,62.48,,One year,Mailed check,0
12986,910926-1690483,user_2985@example.com,Male,1,Yes,68,96.9,6643.27,Month-to-month,Mailed check,0
12987,940612-3455747,user_2986@example.com,Female,0,Yes,1,97.09,55.2,Month-to-month,Bank transfer,0
12988,860910-3171157,user_2987@example.com,Female,0,Yes,14,63.94,852.92,Two year,Electronic check,1
12989,700603-3596410,user_2988@example.com,Female,1,Yes,25,97.92,2513.79,One year,Credit card,0
12990,761109-2305003,user_2989@example.com,Female,0,No,39,102.57,4032.57,Month-to-month,Mailed check,0
12991,830125-1396052,user_2990@example.com,Female,0,Yes,3,84.14,256.56,One year,Electronic check,0
12992,710311-1580059,user_2991@example.com,Female,0,Yes,32,41.4,,Month-to-month,Credit card,0
12993,711213-2166274,user_2992@example.com,Female,0,Yes,16,45.97,,Two year,Mailed check,0
12994,770612-2713520,user_2993@example.com,Female,0,Yes,10,50.06,526.83,One year,Electronic check,1
12995,760613-1589087,user_2994@example.com,Female,0,No,2,30.21,43.62,Two year,Mailed check,0
12996,750519-4729394,user_2995@example.com,Male,1,Yes,40,45.88,1848.64,Month-to-month,Electronic check,1
12997,900828-4251970,user_2996@example.com,Male,1,No,3,39.5,42.97,One year,Electronic check,0
12998,830527-2218288,user_2997@example.com,Male,1,Yes,7,64.15,414.66,Month-to-month,Electronic check,0
12999,850223-1760556,user_2998@example.com,Female,0,Yes,6,109.57,623.57,Month-to-month,Credit card,0
13000,831020-1588235,user_2999@example.com,Female,0,Yes,41,28.97,,One year,Bank transfer,0
13001,891119-2284561,user_3000@example.com,Male,0,Yes,22,90.71,1949.29,Month-to-month,Electronic check,1
13002,720214-4629860,user_3001@example.com,Female,0,No,31,87.4,2682.72,One year,Electronic check,0
13003,860514-3448830,user_3002@example.com,Male,0,Yes,5,28.1,,Two year,Mailed check,0
13004,941217-2562928,user_3003@example.com,Female,0,Yes,19,110.99,2136.25,Month-to-month,Mailed check,0
13005,930327-3122617,user_3004@example.com,Female,0,No,16,75.49,1203.71,Month-to-month,Credit card,0
13006,740216-2216076,user_3005@example.com,Female,0,No,35,54.96,1838.34,One year,Bank transfer,0
13007,800723-3546469,user_3006@example.com,Female,0,No,47,94.34,4392.24,Two year,Mailed check,1
13008,740101-2499032,user_3007@example.com,Male,0,No,0,44.3,,One year,Credit card,0
13009,881020-3715135,user_3008@example.com,Female,0,No,22,88.02,1909.29,One year,Credit card,0
13010,770423-4238730,user_3009@example.com,Male,0,No,1,22.48,0.0,Month-to-month,Credit card,1
13011,740624-4670892,user_3010@example.com,Female,0,Yes,15,102.65,1536.02,Month-to-month,Electronic check,0
13012,751002-1570715,user_3011@example.com,Male,0,Yes,6,63.43,397.76,One year,Bank transfer,1
13013,941226-2555653,user_3012@example.com,Female,0,Yes,7,82.33,504.49,Month-to-month,Bank transfer,1
13014,911023-4598831,user_3013@example.com,Female,0,No,8,40.68,,Two year,Bank transfer,0
13015,921001-1763030,user_3014@example.com,Female,0,Yes,19,86.38,1601.21,Month-to-month,Electronic check,1
13016,810127-2123257,user_3015@example.com,Female,0,No,8,95.92,766.46,Month-to-month,Electronic check,0
13017,910127-4292048,user_3016@example.com,Male,0,Yes,26,65.94,1712.67,One year,Mailed check,0
13018,851220-3316452,user_3017@example.com,Male,0,Yes,10,80.43,777.95,One year,Mailed check,0
13019,900818-4486195,user_3018@example.com,Male,0,Yes,1,64.25,13.07,One year,Mailed check,1
13020,800822-2940185,user_3019@example.com,Male,0,Yes,30,108.13,3229.62,Two year,Credit card,0
13021,940410-3443154,user_3020@example.com,Male,1,Yes,6,68.41,491.73,Two year,Bank transfer,0
13022,910105-2581803,user_3021@example.com,Female,0,No,11,102.89,1063.71,Two year,Electronic check,0
13023,971221-2522854,user_3022@example.com,Male,1,No,23,98.84,2357.94,Two year,Mailed check,0
13024,970421-4574413,user_3023@example.com,Male,0,Yes,8,59.65,464.21,One year,Credit card,0
13025,850902-1837891,user_3024@example.com,Male,0,No,1,41.57,43.34,One year,Electronic check,0
13026,831215-3377279,user_3025@example.com,Female,0,Yes,9,59.21,478.55,Month-to-month,Credit card,0
13027,971213-2534857,user_3026@example.com,Male,0,Yes,57,101.33,5737.25,Month-to-month,Credit card,0
13028,850804-1972621,user_3027@example.com,Male,0,Yes,20,41.32,801.25,Month-to-month,Credit card,0
13029,780306-4822969,user_3028@example.com,Male,0,No,22,71.07,1511.26,Month-to-month,Bank transfer,0
13030,931121-3926102,user_3029@example.com,Male,0,Yes,20,99.31,1975.75,Month-to-month,Electronic check,1
13031,801126-2365528,user_3030@example.com,Female,0,No,4,53.94,195.41,Month-to-month,Electronic check,1
13032,701124-2486179,user_3031@example.com,Female,0,No,10,82.88,921.34,Two year,Credit card,0
13033,910815-4315328,user_3032@example.com,Male,0,Yes,27,43.12,1105.94,Two year,Bank transfer,0
13034,701002-1261899,user_3033@example.com,Female,0,No,2,29.46,64.05,Month-to-month,Credit card,1
13035,730719-3506304,user_3034@example.com,Female,0,Yes,6,98.14,601.23,Month-to-month,Mailed check,0
13036,700920-1583530,user_3035@example.com,Male,0,Yes,6,28.42,117.0,Two year,Electronic check,0
13037,880517-4500066,user_3036@example.com,Female,1,No,11,45.71,537.15,Two year,Electronic check,0
13038,891222-1756914,user_3037@example.com,Female,0,No,72,104.22,7483.92,Two year,Bank transfer,0
13039,890524-4878930,user_3038@example.com,Female,0,Yes,1,53.23,0.0,Two year,Electronic check,0
13040,880725-1143437,user_3039@example.com,Female,0,No,14,116.05,1657.69,Two year,Electronic check,0
13041,810222-3287262,user_3040@example.com,Female,0,Yes,3,116.72,294.31,Month-to-month,Electronic check,1
13042,970805-3256823,user_3041@example.com,Female,0,Yes,70,45.39,3124.91,Month-to-month,Bank transfer,1
13043,930205-3886966,user_3042@example.com,Female,1,No,2,22.61,79.62,One year,Credit card,0
13044,710918-3923873,user_3043@example.com,Female,0,Yes,10,89.18,,Month-to-month,Electronic check,0
13045,910303-3483449,user_3044@example.com,Male,1,No,26,63.71,1702.35,Two year,Credit card,0
13046,870528-3548031,user_3045@example.com,Female,1,Yes,24,28.6,746.91,Month-to-month,Bank transfer,1
13047,900724-4542941,user_3046@example.com,Female,0,Yes,10,89.43,862.05,One year,Credit card,0
13048,720616-4326868,user_3047@example.com,Female,0,Yes,8,21.63,212.7,Month-to-month,Mailed check,1
13049,891006-4928813,user_3048@example.com,Male,0,Yes,10,105.74,1019.63,Month-to-month,Electronic check,1
13050,930917-4171872,user_3049@example.com,Male,0,No,6,32.4,306.06,One year,Bank transfer,0
13051,890608-3910526,user_3050@example.com,Female,0,Yes,4,31.26,90.39,Two year,Bank transfer,1
13052,971216-1885570,user_3051@example.com,Male,0,Yes,13,36.11,520.73,Month-to-month,Credit card,0
13053,810410-2733596,user_3052@example.com,Male,0,No,6,114.77,730.81,Two year,Electronic check,1
13054,780320-3178784,user_3053@example.com,Female,0,Yes,6,87.99,543.74,Two year,Bank transfer,0
13055,740502-3526432,user_3054@example.com,Male,0,No,21,98.84,2042.11,One year,Mailed check,0
13056,900507-3303481,user_3055@example.com,Male,0,Yes,69,58.36,4019.27,One year,Credit card,0
13057,790228-2952087,user_3056@example.com,Male,0,No,18,52.22,832.28,One year,Mailed check,1
13058,900516-4150942,user_3057@example.com,Male,0,Yes,1,42.01,53.23,Month-to-month,Mailed check,0
13059,711027-2586660,user_3058@example.com,Male,0,No,1,66.68,,Month-to-month,Credit card,0
13060,861105-1778327,user_3059@example.com,Male,0,Yes,60,73.82,4435.87,Two year,Mailed check,0
13061,751122-4192388,user_3060@example.com,Male,0,No,7,81.84,424.21,One year,Credit card,0
13062,900816-1770376,user_3061@example.com,Female,0,No,1,44.28,0.0,Month-to-month,Credit card,1
13063,910902-3373520,user_3062@example.com,Male,0,Yes,18,113.6,2007.4,One year,Bank transfer,1
13064,740211-1387688,user_3063@example.com,Male,1,No,19,35.52,,Month-to-month,Bank transfer,0
13065,960906-3996026,user_3064@example.com,Male,1,Yes,20,115.31,2320.67,Month-to-month,Mailed check,1
13066,771112-1832718,user_3065@example.com,Female,0,Yes,6,19.99,111.43,Month-to-month,Mailed check,1
13067,740215-3382131,user_3066@example.com,Female,1,No,0,66.73,,Month-to-month,Mailed check,0
13068,721007-2226553,user_3067@example.com,Female,0,Yes,67,51.92,3427.33,Month-to-month,Mailed check,0
13069,790813-1129153,user_3068@example.com,Male,1,Yes,5,63.52,348.11,Month-to-month,Mailed check,0
13070,810901-1750571,user_3069@example.com,Female,0,No,22,75.71,,One year,Bank transfer,0
13071,810324-4317132,user_3070@example.com,Male,0,Yes,24,62.17,1510.96,Month-to-month,Mailed check,0
13072,971217-4708123,user_3071@example.com,Female,0,No,18,60.09,1072.52,Month-to-month,Mailed check,0
13073,790825-1700081,user_3072@example.com,Male,1,No,7,91.96,735.26,Month-to-month,Electronic check,1
13074,940827-2395082,user_3073@example.com,Male,0,No,6,87.26,548.22,Month-to-month,Credit card,0
13075,820909-3259300,user_3074@example.com,Male,0,No,18,102.04,1788.3,Month-to-month,Credit card,1
13076,841119-4880809,user_3075@example.com,Female,0,Yes,40,43.56,1754.82,Month-to-month,Bank transfer,0
13077,850518-3547222,user_3076@example.com,Female,0,Yes,58,79.61,4655.0,Month-to-month,Credit card,1
13078,791012-1699970,user_3077@example.com,Female,0,No,2,77.17,124.93,Two year,Mailed check,1
13079,730624-4770438,user_3078@example.com,Female,0,No,3,55.57,221.17,Month-to-month,Credit card,0
13080,810318-3215684,user_3079@example.com,Female,0,No,57,67.23,3851.21,Month-to-month,Bank transfer,0
13081,830708-2142670,user_3080@example.com,Male,0,No,26,49.96,1181.84,Month-to-month,Credit card,0
13082,850211-2367657,user_3081@example.com,Male,1,No,42,32.72,1389.22,Month-to-month,Credit card,0
13083,800527-2208756,user_3082@example.com,Female,0,Yes,4,39.93,139.42,One year,Electronic check,0
13084,860125-2788686,user_3083@example.com,Male,0,Yes,17,29.08,521.22,Month-to-month,Electronic check,1
13085,760828-4690892,user_3084@example.com,Female,0,No,24,86.98,2134.73,Month-to-month,Mailed check,0
13086,740313-3296178,user_3085@example.com,Male,0,No,22,84.74,1874.04,Month-to-month,Credit card,0
13087,861127-3697820,user_3086@example.com,Male,0,Yes,10,113.8,1221.26,One year,Mailed check,0
13088,710826-2334009,user_3087@example.com,Female,0,No,0,91.65,,Month-to-month,Credit card,1
13089,910517-2151697,user_3088@example.com,Male,0,No,17,23.72,,One year,Mailed check,0
13090,921216-4130118,user_3089@example.com,Female,0,No,5,107.15,,Month-to-month,Mailed check,0
13091,750820-1295895,user_3090@example.com,Male,0,No,11,104.98,1149.91,Month-to-month,Credit card,0
13092,880328-4159228,user_3091@example.com,Male,1,Yes,63,62.94,,One year,Electronic check,0
13093,960526-2351469,user_3092@example.com,Male,0,Yes,10,77.23,742.57,One year,Bank transfer,0
13094,700311-1156515,user_3093@example.com,Male,1,Yes,36,116.35,4167.47,One year,Mailed check,0
13095,890106-4692585,user_3094@example.com,Female,0,No,4,71.86,221.82,Month-to-month,Bank transfer,0
13096,960417-2245373,user_3095@example.com,Female,0,No,22,109.26,2415.79,Month-to-month,Credit card,0
13097,910505-2450022,user_3096@example.com,Male,1,No,72,26.82,1947.3,Month-to-month,Mailed check,0
13098,900314-2861714,user_3097@example.com,Female,0,No,2,37.65,134.26,One year,Credit card,0
13099,850606-2284824,user_3098@example.com,Female,0,Yes,0,62.69,,One year,Mailed check,0
13100,930107-3838712,user_3099@example.com,Female,0,No,11,77.12,834.08,Month-to-month,Electronic check,0
13101,870922-3282039,user_3100@example.com,Male,0,Yes,1,100.33,41.42,One year,Mailed check,0
13102,921208-4408822,user_3101@example.com,Female,0,No,27,117.57,3196.03,One year,Mailed check,0
13103,701015-2564345,user_3102@example.com,Female,1,Yes,49,57.48,,Month-to-month,Mailed check,0
13104,770502-2457249,user_3103@example.com,Female,0,No,11,23.25,293.51,Two year,Credit card,1
13105,940519-3580264,user_3104@example.com,Female,0,Yes,5,98.82,548.32,Two year,Electronic check,1
13106,960925-3247805,user_3105@example.com,Male,0,Yes,11,79.09,859.4,Month-to-month,Credit card,0
13107,960421-4878013,user_3106@example.com,Male,0,No,25,38.4,936.67,Two year,Bank transfer,0
13108,701126-2782241,user_3107@example.com,Female,0,No,0,68.11,,Month-to-month,Electronic check,1
13109,920415-4656632,user_3108@example.com,Female,0,No,17,92.92,1576.85,One year,Mailed check,0
13110,820122-2588965,user_3109@example.com,Female,0,Yes,19,95.73,,Two year,Mailed check,1
13111,760304-2417302,user_3110@example.com,Male,0,No,20,68.59,1382.13,Month-to-month,Mailed check,0
13112,780511-1150200,user_3111@example.com,Female,0,Yes,5,49.1,239.04,Month-to-month,Bank transfer,0
13113,930102-3443938,user_3112@example.com,Female,0,Yes,25,116.12,2896.32,Two year,Bank transfer,0
13114,910124-2892000,user_3113@example.com,Male,0,Yes,1,85.0,46.17,Month-to-month,Mailed check,1
13115,710813-2668301,user_3114@example.com,Male,0,No,4,59.43,284.8,Month-to-month,Mailed check,0
13116,901209-4962354,user_3115@example.com,Female,0,No,41,46.62,1915.25,Month-to-month,Bank transfer,0
13117,930407-2699785,user_3116@example.com,Male,0,No,26,91.79,2377.82,Two year,Credit card,0
13118,930319-1104967,user_3117@example.com,Male,0,No,0,42.78,,Two year,Electronic check,0
13119,870727-3993213,user_3118@example.com,Male,1,Yes,5,35.71,111.95,Month-to-month,Electronic check,0
13120,920423-2212623,user_3119@example.com,Male,0,No,4,71.62,351.88,Two year,Bank transfer,0
13121,841124-1229174,user_3120@example.com,Male,0,Yes,6,47.57,313.15,Month-to-month,Bank transfer,0
13122,910510-3115609,user_3121@example.com,Male,0,No,5,81.55,326.55,Two year,Credit card,0
13123,921002-1961159,user_3122@example.com,Male,0,No,1,30.32,68.48,One year,Mailed check,0
13124,750601-4252913,user_3123@example.com,Male,0,Yes,12,84.16,1056.04,Month-to-month,Bank transfer,0
13125,720712-2479477,user_3124@example.com,Female,0,No,26,46.9,1225.62,Month-to-month,Credit card,0
13126,900910-3891816,user_3125@example.com,Female,0,Yes,18,18.52,413.27,Month-to-month,Bank transfer,1
13127,961119-3433799,user_3126@example.com,Male,1,Yes,22,31.23,697.9,Month-to-month,Mailed check,1
13128,970918-4907841,user_3127@example.com,Female,0,No,1,112.09,41.25,One year,Bank transfer,0
13129,820714-4239035,user_3128@example.com,Female,0,No,60,105.45,6345.26,Month-to-month,Mailed check,0
13130,910815-2967372,user_3129@example.com,Female,0,Yes,36,41.92,1521.36,Two year,Credit card,0
13131,750406-1589902,user_3130@example.com,Male,0,No,32,96.53,3058.8,One year,Electronic check,0
13132,751115-3137087,user_3131@example.com,Female,0,No,34,79.51,2732.02,One year,Credit card,0
13133,831027-4871555,user_3132@example.com,Female,0,Yes,53,115.83,6055.61,Month-to-month,Electronic check,1
13134,940606-4586871,user_3133@example.com,Female,0,Yes,15,55.95,888.78,Two year,Credit card,1
13135,901217-3102775,user_3134@example.com,Female,0,Yes,4,86.82,303.37,One year,Electronic check,0
13136,910712-3513741,user_3135@example.com,Male,0,No,19,24.87,423.28,Two year,Credit card,0
13137,731201-2463602,user_3136@example.com,Female,0,No,27,58.22,1566.25,Two year,Mailed check,0
13138,901025-1839653,user_3137@example.com,Female,0,No,26,115.12,,Month-to-month,Electronic check,1
13139,920416-4367471,user_3138@example.com,Female,1,Yes,14,72.53,1023.62,Month-to-month,Electronic check,0
13140,800627-1813685,user_3139@example.com,Male,0,No,1,47.36,10.23,Two year,Mailed check,0
13141,870411-4681513,user_3140@example.com,Female,1,No,9,30.56,249.74,Two year,Mailed check,0
13142,851005-2703451,user_3141@example.com,Male,0,Yes,50,89.03,4394.85,One year,Electronic check,0
13143,870611-3524846,user_3142@example.com,Male,0,No,17,83.15,1402.32,Month-to-month,Electronic check,1
13144,910319-1834789,user_3143@example.com,Male,0,No,15,55.99,893.6,One year,Electronic check,0
13145,731205-3418473,user_3144@example.com,Female,1,Yes,6,113.83,682.77,Month-to-month,Bank transfer,1
13146,820424-4976787,user_3145@example.com,Male,0,No,9,20.73,229.54,Month-to-month,Credit card,0
13147,710421-1346203,user_3146@example.com,Male,0,Yes,45,48.95,2275.52,Month-to-month,Mailed check,0
13148,900705-3597452,user_3147@example.com,Male,0,No,21,110.84,2298.24,Month-to-month,Mailed check,1
13149,940817-2766238,user_3148@example.com,Female,1,No,30,50.67,1510.77,Month-to-month,Credit card,0
13150,791002-2462324,user_3149@example.com,Female,1,Yes,12,43.79,,Two year,Mailed check,0
13151,700203-2750036,user_3150@example.com,Male,0,No,19,72.06,1441.36,Two year,Mailed check,0
13152,760603-2196867,user_3151@example.com,Female,0,No,5,101.09,421.83,Two year,Electronic check,1
13153,850304-3283159,user_3152@example.com,Female,0,Yes,24,28.84,711.52,Two year,Mailed check,1
13154,860326-3979803,user_3153@example.com,Female,0,No,11,113.04,1243.47,Month-to-month,Bank transfer,1
13155,771214-2334968,user_3154@example.com,Male,1,Yes,11,98.21,1121.63,Two year,Bank transfer,1
13156,880910-4290798,user_3155@example.com,Female,0,Yes,20,36.67,696.15,Two year,Electronic check,0
13157,961004-4336419,user_3156@example.com,Female,0,No,55,89.88,4901.42,Two year,Electronic check,0
13158,981215-1273398,user_3157@example.com,Male,0,No,1,57.09,23.29,One year,Mailed check,0
13159,820626-2780702,user_3158@example.com,Male,0,No,34,58.83,1971.62,Month-to-month,Electronic check,1
13160,720812-2158989,user_3159@example.com,Female,0,Yes,6,97.02,622.89,Month-to-month,Electronic check,1
13161,740210-2254722,user_3160@example.com,Female,0,Yes,11,115.02,1206.16,Month-to-month,Credit card,0
13162,921009-1175387,user_3161@example.com,Male,0,Yes,0,31.2,,Two year,Electronic check,0
13163,751109-3949058,user_3162@example.com,Female,0,Yes,7,60.67,335.24,Month-to-month,Bank transfer,1
13164,761218-2335617,user_3163@example.com,Male,0,No,13,66.71,917.59,Two year,Mailed check,0
13165,860301-4579372,user_3164@example.com,Male,0,No,1,56.23,119.78,Month-to-month,Electronic check,0
13166,800820-3467008,user_3165@example.com,Female,1,Yes,13,54.91,697.48,One year,Credit card,0
13167,710218-1539046,user_3166@example.com,Male,0,Yes,52,23.74,,Month-to-month,Mailed check,0
13168,781026-2867748,user_3167@example.com,Female,0,Yes,2,87.23,197.12,Month-to-month,Mailed check,1
13169,860220-2102462,user_3168@example.com,Female,0,No,28,62.23,1816.16,Month-to-month,Mailed check,1
13170,701224-3394021,user_3169@example.com,Male,0,No,10,38.03,400.73,One year,Credit card,0
13171,830125-3653680,user_3170@example.com,Female,0,No,21,100.31,2071.63,Month-to-month,Bank transfer,1
13172,800416-1950367,user_3171@example.com,Female,0,Yes,6,98.96,512.82,One year,Credit card,1
13173,981109-4918780,user_3172@example.com,Male,1,Yes,3,67.26,146.02,Month-to-month,Credit card,1
13174,810215-4756136,user_3173@example.com,Female,1,Yes,3,48.42,148.92,Two year,Mailed check,0
13175,970120-3205334,user_3174@example.com,Male,0,No,1,82.47,49.7,Month-to-month,Credit card,0
13176,730807-2395199,user_3175@example.com,Male,0,No,4,47.39,199.31,One year,Mailed check,0
13177,741003-4665011,user_3176@example.com,Female,0,Yes,21,42.16,857.71,Month-to-month,Electronic check,0
13178,930116-3965164,user_3177@example.com,Female,0,Yes,42,91.73,3799.75,One year,Electronic check,0
13179,870212-2127092,user_3178@example.com,Female,0,No,33,22.54,684.97,Month-to-month,Credit card,0
13180,981010-1796998,user_3179@example.com,Female,0,Yes,23,28.0,722.12,One year,Bank transfer,0
13181,710918-1394205,user_3180@example.com,Male,0,No,2,19.18,82.81,Two year,Mailed check,0
13182,711119-3490846,user_3181@example.com,Female,0,Yes,6,33.83,289.51,Month-to-month,Credit card,0
13183,910727-2302943,user_3182@example.com,Female,0,Yes,7,25.42,204.94,Month-to-month,Credit card,0
13184,860912-4191131,user_3183@example.com,Female,0,Yes,5,118.33,,One year,Bank transfer,0
13185,710116-3773615,user_3184@example.com,Male,1,No,14,47.45,730.47,One year,Mailed check,0
13186,720316-3586506,user_3185@example.com,Male,0,No,15,33.46,500.25,Month-to-month,Credit card,1
13187,950914-2455741,user_3186@example.com,Male,0,Yes,8,42.66,352.32,Month-to-month,Bank transfer,1
13188,820520-2479904,user_3187@example.com,Female,1,Yes,8,112.35,896.66,Month-to-month,Mailed check,1
13189,750611-1422262,user_3188@example.com,Male,0,No,35,70.65,2325.4,Month-to-month,Electronic check,1
13190,910407-3681017,user_3189@example.com,Male,0,No,31,55.07,,Month-to-month,Bank transfer,0
13191,960606-3496620,user_3190@example.com,Female,0,Yes,7,106.06,766.97,Two year,Credit card,0
13192,790619-3928681,user_3191@example.com,Female,0,No,49,58.1,2863.39,Month-to-month,Electronic check,1
13193,740122-3963876,user_3192@example.com,Male,0,Yes,61,52.08,3173.79,One year,Mailed check,0
13194,900607-4823910,user_3193@example.com,Male,1,Yes,7,39.28,283.13,Two year,Bank transfer,0
13195,840523-1250393,user_3194@example.com,Female,0,No,8,56.37,421.1,Month-to-month,Electronic check,0
13196,810218-4883694,user_3195@example.com,Female,1,No,14,50.25,734.33,One year,Electronic check,0
13197,760923-4497781,user_3196@example.com,Male,0,No,56,86.4,4773.05,Two year,Credit card,0
13198,720510-2421685,user_3197@example.com,Male,0,Yes,41,47.53,1958.03,Month-to-month,Electronic check,0
13199,940912-3621471,user_3198@example.com,Male,0,No,2,76.36,180.8,Month-to-month,Credit card,0
13200,740401-3164801,user_3199@example.com,Male,0,Yes,9,25.11,216.06,Two year,Mailed check,1
13201,810728-2153539,user_3200@example.com,Male,0,No,16,37.68,,Two year,Credit card,0
13202,911106-1674656,user_3201@example.com,Female,1,No,13,59.34,721.85,Month-to-month,Bank transfer,0
13203,880718-2254697,user_3202@example.com,Female,0,Yes,4,112.43,401.43,Month-to-month,Electronic check,1
13204,860807-2263897,user_3203@example.com,Male,0,Yes,39,56.32,2208.32,Month-to-month,Mailed check,1
13205,900601-4625592,user_3204@example.com,Female,1,Yes,22,85.07,1905.47,Month-to-month,Credit card,0
13206,860415-1937202,user_3205@example.com,Female,0,Yes,36,44.07,1492.78,Month-to-month,Credit card,0
13207,890126-4547267,user_3206@example.com,Female,0,Yes,39,31.24,1244.46,One year,Credit card,0
13208,720823-1140353,user_3207@example.com,Female,0,Yes,27,24.37,630.83,Two year,Mailed check,0
13209,950322-2255263,user_3208@example.com,Female,0,No,11,49.12,530.68,Month-to-month,Mailed check,1
13210,851228-4311697,user_3209@example.com,Male,0,No,18,34.31,,Two year,Bank transfer,0
13211,950212-2449916,user_3210@example.com,Male,0,Yes,3,35.94,65.24,Month-to-month,Mailed check,1
13212,901201-3611183,user_3211@example.com,Female,0,Yes,22,94.77,2133.25,Month-to-month,Credit card,0
13213,860121-3195586,user_3212@example.com,Male,0,No,3,20.09,61.91,Month-to-month,Mailed check,0
13214,920927-4240510,user_3213@example.com,Female,1,No,23,74.42,1692.52,Month-to-month,Credit card,0
13215,850514-4410303,user_3214@example.com,Female,0,Yes,5,56.54,276.88,Month-to-month,Bank transfer,0
13216,930921-4956500,user_3215@example.com,Male,0,Yes,2,69.28,163.02,Two year,Bank transfer,0
13217,710913-2318084,user_3216@example.com,Female,0,No,3,74.92,,Month-to-month,Credit card,1
13218,900417-4427865,user_3217@example.com,Male,0,Yes,0,49.92,,One year,Mailed check,0
13219,710717-4732263,user_3218@example.com,Female,0,No,25,48.08,1256.65,Month-to-month,Mailed check,0
13220,920701-1913586,user_3219@example.com,Female,0,Yes,26,92.02,2441.04,Month-to-month,Electronic check,0
13221,940505-3690458,user_3220@example.com,Female,1,Yes,14,105.85,1502.57,One year,Bank transfer,0
13222,950822-1589056,user_3221@example.com,Male,0,No,3,37.81,116.16,Two year,Bank transfer,0
13223,951010-1297560,user_3222@example.com,Male,0,Yes,1,28.29,61.16,Month-to-month,Credit card,0
13224,910328-4485593,user_3223@example.com,Female,0,No,0,108.5,,One year,Electronic check,0
13225,810716-4203516,user_3224@example.com,Male,0,No,3,53.58,213.78,Two year,Mailed check,0
13226,721207-2798893,user_3225@example.com,Female,0,Yes,44,73.77,,One year,Credit card,0
13227,960410-4864737,user_3226@example.com,Male,1,Yes,5,54.54,221.79,Month-to-month,Mailed check,0
13228,910315-4357519,user_3227@example.com,Female,0,No,8,31.11,194.58,One year,Mailed check,0
13229,800811-3413696,user_3228@example.com,Female,0,No,2,77.58,120.1,Month-to-month,Mailed check,1
13230,710401-3532531,user_3229@example.com,Female,0,No,5,71.15,404.56,One year,Electronic check,1
13231,790321-3699563,user_3230@example.com,Male,0,No,14,38.85,465.08,Month-to-month,Bank transfer,0
13232,790724-4622250,user_3231@example.com,Female,0,Yes,18,63.8,1168.14,Month-to-month,Bank transfer,1
13233,870106-1679637,user_3232@example.com,Male,0,Yes,5,98.39,510.08,One year,Mailed check,0
13234,820725-2359230,user_3233@example.com,Male,0,No,1,77.69,,Month-to-month,Electronic check,0
13235,790107-4319720,user_3234@example.com,Male,0,No,9,28.22,263.0,Month-to-month,Mailed check,0
13236,800402-1456971,user_3235@example.com,Male,0,No,5,73.44,300.04,Two year,Mailed check,1
13237,760305-2472107,user_3236@example.com,Male,1,No,4,88.95,307.83,Two year,Credit card,1
13238,831207-4890823,user_3237@example.com,Female,0,No,64,97.97,6210.98,Month-to-month,Electronic check,1
13239,831209-2170441,user_3238@example.com,Female,0,No,19,81.57,1522.93,Month-to-month,Electronic check,1
13240,700922-2595437,user_3239@example.com,Male,0,No,16,33.8,531.65,Month-to-month,Bank transfer,0
13241,920923-3559866,user_3240@example.com,Male,0,No,10,89.69,838.63,Month-to-month,Bank transfer,1
13242,810326-1281363,user_3241@example.com,Female,0,Yes,11,86.4,1023.93,Two year,Mailed check,0
13243,910728-1212747,user_3242@example.com,Female,0,Yes,15,20.95,,One year,Credit card,1
13244,941028-3215933,user_3243@example.com,Male,0,No,23,59.78,,Month-to-month,Credit card,0
13245,800218-2376408,user_3244@example.com,Male,0,No,24,51.88,,Month-to-month,Credit card,0
13246,930909-1478617,user_3245@example.com,Male,0,Yes,3,85.61,301.75,One year,Mailed check,1
13247,950901-1589535,user_3246@example.com,Male,0,No,13,40.17,487.52,One year,Bank transfer,0
13248,890805-4948248,user_3247@example.com,Female,0,No,10,77.73,794.42,One year,Electronic check,0
13249,860806-1253361,user_3248@example.com,Female,0,No,40,110.05,4338.13,Month-to-month,Mailed check,1
13250,730501-2534934,user_3249@example.com,Male,0,No,19,98.48,1916.67,Month-to-month,Credit card,0
13251,980417-4205285,user_3250@example.com,Male,1,Yes,15,110.88,1659.5,Month-to-month,Credit card,0
13252,940927-4965286,user_3251@example.com,Male,0,No,2,116.6,212.73,Month-to-month,Mailed check,1
13253,950110-1971976,user_3252@example.com,Male,0,Yes,18,19.57,291.07,Month-to-month,Credit card,0
13254,830109-2620906,user_3253@example.com,Female,1,Yes,2,80.93,37.98,Two year,Electronic check,1
13255,760425-4616725,user_3254@example.com,Male,0,Yes,8,59.89,427.19,Month-to-month,Mailed check,1
13256,810612-2977743,user_3255@example.com,Female,0,Yes,3,104.7,369.74,Two year,Electronic check,0
13257,910423-2808609,user_3256@example.com,Male,1,Yes,23,43.74,985.88,Month-to-month,Bank transfer,0
13258,711111-2474168,user_3257@example.com,Female,0,Yes,4,116.85,458.93,Month-to-month,Credit card,0
13259,720709-3320187,user_3258@example.com,Male,0,Yes,9,80.02,752.96,Month-to-month,Credit card,1
13260,940301-2541642,user_3259@example.com,Male,0,No,45,98.05,4502.53,Month-to-month,Bank transfer,1
13261,770717-3751391,user_3260@example.com,Female,1,Yes,4,27.08,174.57,Two year,Bank transfer,0
13262,760503-3947972,user_3261@example.com,Female,0,Yes,14,36.89,467.84,Month-to-month,Bank transfer,1
13263,700503-2125916,user_3262@example.com,Female,1,Yes,10,94.53,848.17,Month-to-month,Credit card,1
13264,881004-2411148,user_3263@example.com,Male,0,No,0,20.7,,Two year,Bank transfer,0
13265,980104-1334768,user_3264@example.com,Female,0,No,31,100.39,3225.54,Month-to-month,Mailed check,1
13266,800724-1649734,user_3265@example.com,Male,1,No,1,19.9,29.32,Month-to-month,Bank transfer,1
13267,820926-1373981,user_3266@example.com,Male,0,No,12,84.38,949.04,Month-to-month,Mailed check,1
13268,880118-2224542,user_3267@example.com,Female,1,Yes,16,55.1,929.76,Month-to-month,Mailed check,1
13269,950118-1352372,user_3268@example.com,Female,0,Yes,19,79.8,1510.8,Month-to-month,Electronic check,0
13270,890219-3683688,user_3269@example.com,Female,1,No,23,88.28,2024.79,Month-to-month,Mailed check,1
13271,980308-4967664,user_3270@example.com,Male,1,No,5,52.83,308.87,Two year,Mailed check,0
13272,810502-4123473,user_3271@example.com,Male,0,No,0,29.32,,Two year,Bank transfer,0
13273,720502-1867191,user_3272@example.com,Male,0,No,25,25.48,577.71,Month-to-month,Credit card,0
13274,741117-1468979,user_3273@example.com,Female,0,No,15,77.54,1146.86,Month-to-month,Bank transfer,0
13275,840902-3189185,user_3274@example.com,Female,0,Yes,36,70.7,2578.26,Month-to-month,Electronic check,1
13276,981128-3203581,user_3275@example.com,Male,0,No,34,92.91,3184.45,One year,Electronic check,0
13277,721024-2573152,user_3276@example.com,Female,0,Yes,37,69.6,2588.3,Month-to-month,Credit card,0
13278,750611-4408160,user_3277@example.com,Male,0,Yes,13,60.85,837.72,Two year,Mailed check,0
13279,740926-3931145,user_3278@example.com,Female,0,Yes,8,58.41,449.19,One year,Electronic check,0
13280,901223-2773130,user_3279@example.com,Female,1,No,31,21.15,664.58,Month-to-month,Credit card,1
13281,950413-4353937,user_3280@example.com,Female,0,No,12,52.14,456.9,One year,Bank transfer,0
13282,950528-4587837,user_3281@example.com,Male,0,Yes,4,116.35,442.92,Month-to-month,Bank transfer,0
13283,950913-3511404,user_3282@example.com,Female,0,No,38,106.07,4068.86,Month-to-month,Bank transfer,1
13284,971116-3227757,user_3283@example.com,Male,0,No,42,51.52,2144.32,Month-to-month,Mailed check,0
13285,790208-3526902,user_3284@example.com,Male,1,No,12,77.43,905.85,Month-to-month,Mailed check,0
13286,771022-1771162,user_3285@example.com,Male,0,No,1,103.44,51.37,One year,Credit card,0
13287,890814-2973326,user_3286@example.com,Male,0,No,9,62.74,614.83,One year,Electronic check,0
13288,911216-2865673,user_3287@example.com,Female,0,No,32,20.3,677.02,Month-to-month,Bank transfer,0
13289,910502-1978463,user_3288@example.com,Male,0,Yes,46,25.97,1235.89,Two year,Mailed check,0
13290,720707-4751706,user_3289@example.com,Female,0,No,4,69.67,192.37,Month-to-month,Mailed check,1
13291,811011-2800536,user_3290@example.com,Male,0,No,1,115.69,107.67,Month-to-month,Electronic check,0
13292,860406-3653274,user_3291@example.com,Female,0,Yes,41,87.99,3593.58,Month-to-month,Bank transfer,0
13293,740617-2849578,user_3292@example.com,Male,0,Yes,9,25.61,216.46,One year,Bank transfer,0
13294,740214-3791393,user_3293@example.com,Female,1,Yes,15,37.48,,Two year,Electronic check,0
13295,861016-1991827,user_3294@example.com,Male,0,No,68,95.83,,One year,Credit card,0
13296,890905-4855772,user_3295@example.com,Male,0,No,1,102.85,145.33,Two year,Credit card,0
13297,980524-3945213,user_3296@example.com,Female,0,No,20,80.42,1512.76,Month-to-month,Electronic check,0
13298,771106-2363452,user_3297@example.com,Female,1,No,1,83.1,171.96,Month-to-month,Electronic check,0
13299,780620-2865066,user_3298@example.com,Female,1,Yes,9,21.34,216.25,Month-to-month,Credit card,1
13300,880710-1369926,user_3299@example.com,Female,0,No,32,101.56,3247.8,One year,Electronic check,0
13301,920618-1463450,user_3300@example.com,Male,1,Yes,11,97.52,1118.06,Month-to-month,Bank transfer,1
13302,790624-1569563,user_3301@example.com,Female,1,No,72,44.47,3129.25,Two year,Credit card,0
13303,971210-3431598,user_3302@example.com,Male,0,Yes,16,89.54,1399.4,Month-to-month,Credit card,1
13304,830514-4681197,user_3303@example.com,Female,0,No,7,40.04,274.23,Month-to-month,Credit card,1
13305,760304-2227547,user_3304@example.com,Female,0,No,4,22.54,158.44,Month-to-month,Bank transfer,1
13306,910515-1622430,user_3305@example.com,Male,0,No,8,38.66,306.96,One year,Electronic check,1
13307,700815-4694807,user_3306@example.com,Female,0,No,9,36.41,350.19,Month-to-month,Mailed check,0
13308,911109-1774110,user_3307@example.com,Female,0,No,1,52.36,22.88,Month-to-month,Mailed check,1
13309,950818-4749474,user_3308@example.com,Female,1,No,9,60.45,568.39,Month-to-month,Bank transfer,0
13310,910719-2579521,user_3309@example.com,Female,0,Yes,12,69.48,917.62,One year,Bank transfer,0
13311,700517-1358292,user_3310@example.com,Female,0,Yes,25,66.29,,One year,Electronic check,0
13312,850310-3129834,user_3311@example.com,Female,0,Yes,21,45.64,954.37,One year,Mailed check,0
13313,920302-3238894,user_3312@example.com,Female,0,Yes,24,21.42,547.85,Month-to-month,Credit card,0
13314,960409-4363086,user_3313@example.com,Female,0,No,0,79.16,,Two year,Bank transfer,0
13315,970206-1354341,user_3314@example.com,Female,0,Yes,4,58.17,258.01,Two year,Mailed check,0
13316,740612-4444471,user_3315@example.com,Female,0,No,21,48.44,1072.84,Month-to-month,Credit card,1
13317,970926-3180639,user_3316@example.com,Male,0,No,13,105.41,,Month-to-month,Credit card,0
13318,831128-1515764,user_3317@example.com,Female,0,Yes,0,93.36,,Month-to-month,Electronic check,1
13319,920505-4993028,user_3318@example.com,Female,0,No,32,104.49,3375.77,Month-to-month,Bank transfer,0
13320,901121-1415627,user_3319@example.com,Female,0,Yes,29,68.12,1956.33,Two year,Credit card,0
13321,751111-4349276,user_3320@example.com,Female,0,Yes,15,31.63,428.3,One year,Bank transfer,0
13322,750805-2487215,user_3321@example.com,Male,0,No,1,88.3,74.83,Two year,Mailed check,0
13323,820714-1125268,user_3322@example.com,Female,0,Yes,29,39.16,,Month-to-month,Mailed check,1
13324,970512-3852369,user_3323@example.com,Female,0,Yes,17,62.73,,One year,Bank transfer,1
13325,800407-2986834,user_3324@example.com,Male,1,No,30,25.02,,Month-to-month,Credit card,0
13326,820607-1659183,user_3325@example.com,Female,0,Yes,27,101.24,2595.11,Month-to-month,Credit card,0
13327,840203-4345400,user_3326@example.com,Female,1,No,32,31.13,1131.9,One year,Mailed check,0
13328,700801-3628714,user_3327@example.com,Male,0,No,14,109.04,1601.65,Month-to-month,Credit card,1
13329,930703-4499205,user_3328@example.com,Male,0,Yes,3,105.14,302.37,One year,Credit card,0
13330,700825-1935999,user_3329@example.com,Female,0,No,22,65.07,1432.01,One year,Mailed check,1
13331,830404-3630070,user_3330@example.com,Female,0,No,19,93.12,1784.43,Two year,Electronic check,0
13332,851122-3149440,user_3331@example.com,Female,1,Yes,27,80.6,2146.74,Month-to-month,Mailed check,0
13333,780624-3185332,user_3332@example.com,Female,0,No,3,99.01,306.66,One year,Bank transfer,0
13334,810719-2448144,user_3333@example.com,Female,0,Yes,4,61.79,239.96,Two year,Electronic check,0
13335,920501-1135128,user_3334@example.com,Male,0,No,44,97.28,4275.61,Two year,Bank transfer,0
13336,911125-3482431,user_3335@example.com,Female,0,Yes,27,64.86,1760.29,One year,Electronic check,0
13337,771102-2250531,user_3336@example.com,Male,1,Yes,47,112.83,5237.33,One year,Electronic check,0
13338,700821-4313519,user_3337@example.com,Male,0,No,28,67.26,1885.26,Month-to-month,Mailed check,0
13339,921218-1777391,user_3338@example.com,Female,1,No,18,64.88,1176.01,One year,Mailed check,0
13340,780902-2620746,user_3339@example.com,Female,0,Yes,21,97.2,2047.64,One year,Bank transfer,0
13341,710519-1284240,user_3340@example.com,Female,0,Yes,43,100.86,,One year,Mailed check,1
13342,960121-3496655,user_3341@example.com,Male,0,Yes,17,74.09,1316.42,One year,Electronic check,1
13343,941219-3572511,user_3342@example.com,Male,0,Yes,20,36.52,712.72,Month-to-month,Mailed check,1
13344,720103-4486004,user_3343@example.com,Male,0,No,3,65.39,207.54,Month-to-month,Bank transfer,0
13345,770716-4560780,user_3344@example.com,Female,0,No,12,115.55,1451.46,One year,Electronic check,0
13346,821104-4719406,user_3345@example.com,Female,0,Yes,25,93.99,,Month-to-month,Bank transfer,0
13347,970408-4227073,user_3346@example.com,Male,0,No,6,99.82,609.64,Month-to-month,Credit card,0
13348,840728-3822573,user_3347@example.com,Female,0,No,4,21.79,82.34,Month-to-month,Mailed check,0
13349,970502-1787074,user_3348@example.com,Male,1,Yes,7,65.4,,Month-to-month,Electronic check,1
13350,800716-2760213,user_3349@example.com,Female,0,Yes,5,83.32,403.71,Two year,Bank transfer,0
13351,970722-3327713,user_3350@example.com,Female,0,Yes,4,101.71,471.01,Month-to-month,Mailed check,0
13352,770706-4407156,user_3351@example.com,Female,1,No,11,23.44,252.66,Month-to-month,Mailed check,1
13353,800603-2712680,user_3352@example.com,Male,0,No,47,103.96,4843.15,Month-to-month,Bank transfer,0
13354,860227-2793673,user_3353@example.com,Male,0,No,14,73.48,1062.69,Month-to-month,Electronic check,0
13355,860820-2531498,user_3354@example.com,Female,0,Yes,4,38.28,137.89,Month-to-month,Bank transfer,1
13356,740810-3594560,user_3355@example.com,Male,1,No,1,50.3,81.33,Month-to-month,Mailed check,1
13357,770407-3794369,user_3356@example.com,Male,0,No,23,46.76,939.01,Two year,Bank transfer,0
13358,861021-3281551,user_3357@example.com,Male,0,Yes,9,71.72,645.74,Month-to-month,Credit card,0
13359,960327-3895463,user_3358@example.com,Female,0,Yes,34,23.68,782.14,One year,Mailed check,0
13360,860201-3903363,user_3359@example.com,Female,0,No,21,34.39,,Two year,Electronic check,0
13361,720310-3946402,user_3360@example.com,Female,1,No,31,99.97,3071.41,Two year,Credit card,0
13362,710517-1843161,user_3361@example.com,Male,0,No,6,31.79,162.05,Month-to-month,Bank transfer,1
13363,830823-3494317,user_3362@example.com,Male,0,No,23,41.9,961.3,Month-to-month,Electronic check,1
13364,960313-4965784,user_3363@example.com,Male,1,Yes,6,63.95,315.33,Month-to-month,Credit card,1
13365,961016-1473270,user_3364@example.com,Male,0,No,55,70.34,3884.51,Month-to-month,Bank transfer,0
13366,860620-2251853,user_3365@example.com,Male,0,Yes,20,95.05,1969.31,Month-to-month,Credit card,1
13367,850321-3365894,user_3366@example.com,Male,0,Yes,7,63.35,457.5,Two year,Mailed check,0
13368,740426-3584886,user_3367@example.com,Female,1,Yes,6,97.68,626.53,Month-to-month,Electronic check,1
13369,790903-3205306,user_3368@example.com,Female,0,No,4,80.49,376.69,Month-to-month,Credit card,1
13370,790823-1775201,user_3369@example.com,Female,0,Yes,23,29.84,748.14,Month-to-month,Mailed check,1
13371,750503-3276404,user_3370@example.com,Female,0,No,4,34.17,230.19,Two year,Bank transfer,0
13372,750423-1732844,user_3371@example.com,Male,1,No,18,62.31,1096.62,One year,Mailed check,0
13373,920515-3610054,user_3372@example.com,Male,0,No,6,58.29,313.82,Month-to-month,Bank transfer,0
13374,790811-1202547,user_3373@example.com,Male,0,No,21,93.04,1993.01,Month-to-month,Electronic check,0
13375,800103-4434572,user_3374@example.com,Male,0,No,33,76.72,2567.17,Month-to-month,Mailed check,1
13376,970703-4786881,user_3375@example.com,Female,1,Yes,30,57.41,1761.08,One year,Mailed check,0
13377,870518-4791162,user_3376@example.com,Female,1,No,28,35.62,1091.82,One year,Bank transfer,0
13378,760109-3205664,user_3377@example.com,Female,0,No,4,41.24,165.53,One year,Credit card,0
13379,960109-3403197,user_3378@example.com,Female,1,No,1,76.19,97.5,Month-to-month,Bank transfer,0
13380,841028-4788642,user_3379@example.com,Female,0,No,24,60.95,1413.78,One year,Credit card,0
13381,970502-2293445,user_3380@example.com,Male,0,Yes,9,70.12,737.85,One year,Bank transfer,0
13382,851217-4810361,user_3381@example.com,Male,0,No,11,35.61,374.88,Two year,Electronic check,0
13383,940122-3488887,user_3382@example.com,Female,0,Yes,0,84.96,,One year,Credit card,1
13384,850227-4151290,user_3383@example.com,Female,1,No,6,103.97,606.48,Month-to-month,Mailed check,0
13385,950202-1450934,user_3384@example.com,Male,0,Yes,0,44.36,,Month-to-month,Credit card,0
13386,930110-2875008,user_3385@example.com,Female,0,Yes,42,67.77,2809.87,Month-to-month,Bank transfer,0
13387,900215-1447970,user_3386@example.com,Male,0,Yes,5,116.3,555.31,One year,Bank transfer,1
13388,851023-3621345,user_3387@example.com,Male,0,No,16,51.91,762.27,One year,Credit card,0
13389,790426-3747728,user_3388@example.com,Male,0,Yes,0,78.15,,Month-to-month,Mailed check,0
13390,790621-2999261,user_3389@example.com,Female,0,No,21,27.54,675.79,Month-to-month,Electronic check,1
13391,701116-4990035,user_3390@example.com,Female,0,Yes,7,79.25,591.53,Month-to-month,Mailed check,1
13392,760803-2217827,user_3391@example.com,Male,0,No,45,27.49,1283.35,Two year,Credit card,0
13393,781225-4127798,user_3392@example.com,Male,0,Yes,43,114.66,4989.24,Month-to-month,Bank transfer,0
13394,881104-3984604,user_3393@example.com,Male,0,No,7,90.25,723.46,Month-to-month,Mailed check,1
13395,750611-4351577,user_3394@example.com,Male,0,Yes,46,97.51,4396.89,Month-to-month,Bank transfer,1
13396,770926-3964343,user_3395@example.com,Male,1,Yes,72,89.09,6352.99,Month-to-month,Bank transfer,0
13397,950220-3234273,user_3396@example.com,Male,0,Yes,34,77.62,2598.89,One year,Mailed check,0
13398,920820-4471399,user_3397@example.com,Male,0,No,37,63.6,2329.71,Two year,Credit card,0
13399,720111-3955391,user_3398@example.com,Female,0,Yes,5,104.55,507.72,Month-to-month,Mailed check,0
13400,951214-3582940,user_3399@example.com,Male,1,Yes,17,114.42,1922.79,One year,Electronic check,0
13401,701218-4449731,user_3400@example.com,Male,0,No,1,68.53,79.5,Month-to-month,Bank transfer,0
13402,980923-3426685,user_3401@example.com,Female,0,No,1,111.89,113.65,Two year,Bank transfer,0
13403,860117-2956338,user_3402@example.com,Female,0,No,72,76.98,5506.42,Month-to-month,Credit card,0
13404,740824-2295320,user_3403@example.com,Male,0,Yes,7,72.47,398.51,Month-to-month,Bank transfer,0
13405,780716-4389049,user_3404@example.com,Female,0,Yes,27,64.06,,Month-to-month,Bank transfer,0
13406,900524-3507319,user_3405@example.com,Male,1,No,32,39.48,1235.9,Month-to-month,Bank transfer,1
13407,900606-2499928,user_3406@example.com,Male,0,Yes,39,18.87,723.58,Month-to-month,Mailed check,1
13408,861003-3917116,user_3407@example.com,Female,0,No,72,42.71,3018.64,One year,Bank transfer,0
13409,940213-3607804,user_3408@example.com,Male,0,Yes,5,69.6,323.46,One year,Mailed check,0
13410,830408-1450507,user_3409@example.com,Female,1,No,0,56.59,,Month-to-month,Credit card,0
13411,960812-3180609,user_3410@example.com,Female,0,No,10,63.46,628.31,One year,Electronic check,1
13412,970822-1470700,user_3411@example.com,Female,0,Yes,2,116.81,179.97,Month-to-month,Bank transfer,1
13413,870717-2630021,user_3412@example.com,Female,0,No,0,53.61,,One year,Electronic check,1
13414,880617-1333809,user_3413@example.com,Male,0,No,8,63.83,445.21,One year,Mailed check,0
13415,950728-2363707,user_3414@example.com,Male,0,No,30,31.88,948.72,One year,Credit card,0
13416,890404-1873774,user_3415@example.com,Male,0,No,16,23.31,,Month-to-month,Credit card,0
13417,711123-3594506,user_3416@example.com,Male,0,No,7,96.23,718.95,Month-to-month,Mailed check,1
13418,721102-2137171,user_3417@example.com,Female,0,No,21,75.71,1610.2,Month-to-month,Electronic check,1
13419,890828-3654079,user_3418@example.com,Female,0,Yes,5,94.76,470.31,Month-to-month,Bank transfer,1
13420,710718-2735292,user_3419@example.com,Female,0,Yes,0,33.52,,One year,Mailed check,0
13421,900822-4363638,user_3420@example.com,Female,0,Yes,28,75.83,2142.27,Month-to-month,Mailed check,0
13422,750802-4673622,user_3421@example.com,Male,0,Yes,19,43.93,869.21,Month-to-month,Mailed check,0
13423,901213-3945320,user_3422@example.com,Female,0,Yes,28,41.36,1165.21,Month-to-month,Mailed check,0
13424,841109-4908583,user_3423@example.com,Female,0,No,0,19.66,,Month-to-month,Mailed check,0
13425,891224-2815370,user_3424@example.com,Female,0,No,36,31.57,1159.5,One year,Credit card,0
13426,740421-1963519,user_3425@example.com,Female,1,No,19,49.5,,Month-to-month,Mailed check,0
13427,900717-1598454,user_3426@example.com,Female,0,No,16,30.22,490.2,One year,Credit card,0
13428,700912-3778058,user_3427@example.com,Male,0,No,19,117.33,2263.05,Month-to-month,Electronic check,0
13429,750416-3802407,user_3428@example.com,Male,0,Yes,39,49.44,1888.32,Two year,Bank transfer,0
13430,850213-3797551,user_3429@example.com,Male,0,Yes,17,31.56,513.6,Two year,Credit card,0
13431,880823-2124223,user_3430@example.com,Female,0,Yes,17,38.46,671.29,One year,Bank transfer,0
13432,700118-3627807,user_3431@example.com,Female,1,No,72,77.42,5591.34,Two year,Bank transfer,0
13433,780703-4407223,user_3432@example.com,Female,0,No,28,24.92,723.14,Month-to-month,Bank transfer,1
13434,941128-4311036,user_3433@example.com,Female,0,No,11,104.96,,Two year,Credit card,1
13435,781214-1512099,user_3434@example.com,Male,1,Yes,24,114.89,2686.11,Two year,Credit card,0
13436,950411-2807511,user_3435@example.com,Male,0,Yes,9,43.24,340.44,Two year,Credit card,0
13437,870325-2290592,user_3436@example.com,Female,0,Yes,5,63.62,329.58,One year,Electronic check,0
13438,740720-3417091,user_3437@example.com,Female,0,Yes,18,20.72,336.74,One year,Credit card,0
13439,960306-4664540,user_3438@example.com,Male,0,Yes,52,82.73,4470.85,Month-to-month,Electronic check,0
13440,850811-1780461,user_3439@example.com,Male,0,Yes,52,60.0,,Month-to-month,Credit card,0
13441,960222-4278848,user_3440@example.com,Male,0,Yes,8,45.57,360.64,Month-to-month,Credit card,1
13442,730120-2552184,user_3441@example.com,Female,0,No,15,39.24,562.83,Two year,Bank transfer,0
13443,910605-2808914,user_3442@example.com,Female,0,Yes,4,84.07,312.27,Month-to-month,Mailed check,1
13444,830209-1124486,user_3443@example.com,Female,0,Yes,72,60.23,4338.07,One year,Bank transfer,0
13445,870411-4415929,user_3444@example.com,Male,0,Yes,72,36.51,2634.32,Month-to-month,Credit card,0
13446,910527-4824521,user_3445@example.com,Female,0,No,20,87.58,1728.77,Month-to-month,Mailed check,0
13447,870117-1884574,user_3446@example.com,Female,0,No,32,75.15,2391.14,Two year,Mailed check,1
13448,960604-3358024,user_3447@example.com,Male,0,No,25,104.58,2681.71,Two year,Electronic check,0
13449,780306-2732873,user_3448@example.com,Male,0,Yes,17,30.28,583.99,One year,Mailed check,1
13450,790115-1534741,user_3449@example.com,Male,0,Yes,1,97.26,109.86,Month-to-month,Electronic check,1
13451,791208-1802327,user_3450@example.com,Female,0,No,12,86.02,965.18,Month-to-month,Bank transfer,0
13452,910112-4119640,user_3451@example.com,Female,0,Yes,22,30.03,687.59,Month-to-month,Electronic check,1
13453,820926-2156615,user_3452@example.com,Male,0,Yes,22,88.16,2017.23,Month-to-month,Credit card,0
13454,830717-3907648,user_3453@example.com,Female,0,No,9,62.77,633.42,Month-to-month,Mailed check,1
13455,771024-1882423,user_3454@example.com,Female,0,Yes,56,113.23,6377.6,Month-to-month,Credit card,0
13456,931226-4136303,user_3455@example.com,Female,0,No,3,32.7,169.22,Month-to-month,Mailed check,1
13457,970301-3367351,user_3456@example.com,Male,0,Yes,13,82.94,1080.89,One year,Mailed check,0
13458,771215-3400737,user_3457@example.com,Male,0,Yes,23,56.79,1337.58,Month-to-month,Bank transfer,0
13459,820510-4166706,user_3458@example.com,Male,0,Yes,23,114.42,2597.62,Month-to-month,Electronic check,0
13460,750208-1159472,user_3459@example.com,Male,0,Yes,20,51.58,1046.21,Month-to-month,Bank transfer,1
13461,730618-2402218,user_3460@example.com,Female,0,Yes,6,114.96,756.24,Two year,Electronic check,0
13462,920610-2934698,user_3461@example.com,Female,0,No,3,108.87,297.14,Month-to-month,Bank transfer,0
13463,770503-2666481,user_3462@example.com,Male,0,No,20,45.61,869.13,Month-to-month,Bank transfer,0
13464,711012-3391108,user_3463@example.com,Male,0,Yes,18,99.06,1787.95,Month-to-month,Mailed check,0
13465,950416-2919009,user_3464@example.com,Female,0,Yes,3,118.31,343.6,Two year,Bank transfer,0
13466,900721-3308567,user_3465@example.com,Female,0,No,24,43.83,1084.38,One year,Bank transfer,0
13467,810625-2984004,user_3466@example.com,Male,0,Yes,12,62.29,724.82,One year,Electronic check,0
13468,930607-4650079,user_3467@example.com,Female,0,Yes,22,70.65,1640.22,Month-to-month,Bank transfer,0
13469,770404-3583781,user_3468@example.com,Male,0,No,36,48.07,1666.04,One year,Mailed check,0
13470,710928-4383089,user_3469@example.com,Female,0,Yes,3,20.03,122.78,One year,Bank transfer,0
13471,971216-2959104,user_3470@example.com,Male,0,Yes,0,40.57,,One year,Credit card,0
13472,950427-4385933,user_3471@example.com,Female,0,No,30,46.76,1313.0,Two year,Credit card,0
13473,870528-3310322,user_3472@example.com,Male,0,Yes,18,62.97,1145.35,Month-to-month,Electronic check,0
13474,811028-3549162,user_3473@example.com,Male,0,Yes,24,35.65,842.87,Month-to-month,Electronic check,0
13475,900409-4298682,user_3474@example.com,Female,0,Yes,36,106.04,3761.96,Two year,Credit card,0
13476,921027-1345065,user_3475@example.com,Male,0,No,32,89.17,2769.37,One year,Bank transfer,0
13477,780913-1362780,user_3476@example.com,Female,0,No,64,27.04,1730.14,Month-to-month,Bank transfer,0
13478,770613-4804794,user_3477@example.com,Male,0,Yes,15,83.67,,Month-to-month,Electronic check,0
13479,911218-3133384,user_3478@example.com,Male,0,No,13,84.03,1121.64,Two year,Mailed check,1
13480,780225-3387748,user_3479@example.com,Male,0,Yes,10,114.36,,Month-to-month,Bank transfer,1
13481,900613-4145297,user_3480@example.com,Male,1,No,3,18.8,,Month-to-month,Credit card,0
13482,721023-3266304,user_3481@example.com,Male,1,Yes,17,43.36,735.76,Month-to-month,Mailed check,1
13483,750716-1798480,user_3482@example.com,Male,0,Yes,6,111.51,597.57,Two year,Mailed check,0
13484,960910-3903079,user_3483@example.com,Female,0,No,50,111.95,5526.46,Two year,Bank transfer,0
13485,720519-3334481,user_3484@example.com,Male,0,Yes,17,90.74,,Month-to-month,Mailed check,0
13486,911018-1414878,user_3485@example.com,Female,0,Yes,17,95.27,1611.56,One year,Electronic check,0
13487,750506-1742811,user_3486@example.com,Female,0,Yes,8,27.67,263.91,Month-to-month,Mailed check,1
13488,750626-2198294,user_3487@example.com,Female,0,No,1,70.02,107.89,Month-to-month,Electronic check,0
13489,800126-1248501,user_3488@example.com,Female,0,No,0,41.72,,Two year,Bank transfer,0
13490,851015-4876493,user_3489@example.com,Female,0,Yes,11,36.67,389.36,Month-to-month,Mailed check,1
13491,850303-1150717,user_3490@example.com,Female,1,No,1,99.73,30.7,Month-to-month,Credit card,1
13492,970912-1415300,user_3491@example.com,Male,0,Yes,18,32.04,597.32,One year,Credit card,0
13493,900307-3360690,user_3492@example.com,Female,1,Yes,42,65.48,2776.42,Month-to-month,Electronic check,0
13494,770603-2723232,user_3493@example.com,Male,0,Yes,42,112.59,4609.35,Month-to-month,Electronic check,0
13495,750720-3397011,user_3494@example.com,Male,0,Yes,21,37.13,738.01,One year,Bank transfer,1
13496,880528-1533882,user_3495@example.com,Male,0,Yes,4,116.54,431.61,One year,Mailed check,0
13497,860618-4449853,user_3496@example.com,Male,0,Yes,39,118.18,4614.94,Month-to-month,Electronic check,1
13498,751127-2221883,user_3497@example.com,Male,0,No,43,74.2,3150.43,Month-to-month,Electronic check,1
13499,950701-4142399,user_3498@example.com,Female,0,No,4,35.56,140.33,One year,Bank transfer,0
13500,910924-4702778,user_3499@example.com,Male,0,Yes,26,50.19,1294.41,Two year,Mailed check,0
13501,830620-1947940,user_3500@example.com,Male,0,No,6,61.06,358.4,Month-to-month,Mailed check,1
13502,980514-3121712,user_3501@example.com,Female,0,No,32,49.51,1548.5,Two year,Electronic check,0
13503,981122-3629638,user_3502@example.com,Female,0,Yes,72,46.63,3325.41,One year,Mailed check,0
13504,700310-1722860,user_3503@example.com,Male,1,Yes,0,115.97,,Two year,Mailed check,0
13505,931006-4179147,user_3504@example.com,Female,1,Yes,45,33.87,1543.15,Month-to-month,Mailed check,0
13506,711223-2699618,user_3505@example.com,Female,0,Yes,19,92.02,1776.94,Month-to-month,Credit card,0
13507,871105-1490857,user_3506@example.com,Male,0,Yes,72,18.54,1296.35,Month-to-month,Mailed check,0
13508,900615-2894447,user_3507@example.com,Male,0,Yes,12,78.27,1015.27,Month-to-month,Credit card,1
13509,920820-1701314,user_3508@example.com,Male,0,No,37,110.32,4066.11,Two year,Mailed check,0
13510,740315-2869547,user_3509@example.com,Male,0,No,1,47.37,123.88,Month-to-month,Mailed check,0
13511,960509-2164451,user_3510@example.com,Female,0,No,8,37.1,264.69,One year,Mailed check,0
13512,921021-4490854,user_3511@example.com,Female,0,No,1,83.83,,Month-to-month,Electronic check,1
13513,850202-1857278,user_3512@example.com,Male,1,Yes,72,89.94,6495.79,One year,Electronic check,0
13514,730109-3287232,user_3513@example.com,Male,0,Yes,33,87.48,2899.27,Month-to-month,Credit card,1
13515,960209-3608786,user_3514@example.com,Male,1,No,38,50.51,1921.1,Month-to-month,Mailed check,0
13516,960119-1301915,user_3515@example.com,Male,0,Yes,55,43.78,2375.79,Month-to-month,Credit card,0
13517,710517-2863072,user_3516@example.com,Male,0,Yes,1,114.33,112.6,One year,Mailed check,0
13518,831223-2889385,user_3517@example.com,Male,0,Yes,9,111.06,973.98,Month-to-month,Bank transfer,0
13519,880101-1374154,user_3518@example.com,Female,1,Yes,1,64.35,49.23,Month-to-month,Credit card,0
13520,800503-3596835,user_3519@example.com,Male,0,Yes,4,103.33,455.4,Month-to-month,Electronic check,1
13521,750207-1577559,user_3520@example.com,Female,0,Yes,5,63.85,328.46,Two year,Bank transfer,0
13522,731208-4810186,user_3521@example.com,Male,1,No,12,61.04,762.98,One year,Electronic check,1
13523,830503-4208138,user_3522@example.com,Female,0,No,6,34.22,193.73,One year,Bank transfer,0
13524,730905-1898899,user_3523@example.com,Male,0,No,2,61.25,,One year,Bank transfer,0
13525,730702-4192146,user_3524@example.com,Female,0,Yes,3,72.38,159.47,Month-to-month,Bank transfer,0
13526,760424-1977000,user_3525@example.com,Female,0,No,3,20.76,,One year,Credit card,0
13527,880920-1255551,user_3526@example.com,Male,0,Yes,72,63.02,4371.38,Month-to-month,Credit card,0
13528,710516-2461586,user_3527@example.com,Male,0,No,28,96.83,2681.73,Month-to-month,Electronic check,1
13529,870111-3517847,user_3528@example.com,Male,0,No,68,86.67,5889.47,One year,Credit card,0
13530,770818-1655380,user_3529@example.com,Male,0,No,11,82.17,932.05,One year,Electronic check,0
13531,771018-2401103,user_3530@example.com,Male,1,No,6,109.68,644.65,Month-to-month,Mailed check,1
13532,750515-1185903,user_3531@example.com,Female,0,No,32,20.31,667.3,Month-to-month,Electronic check,1
13533,850127-4520535,user_3532@example.com,Male,1,No,7,74.34,411.39,One year,Electronic check,0
13534,741115-3261799,user_3533@example.com,Female,1,No,7,97.43,679.17,One year,Credit card,0
13535,720427-2162422,user_3534@example.com,Female,0,Yes,5,72.77,279.87,Month-to-month,Electronic check,1
13536,890906-4565686,user_3535@example.com,Male,0,Yes,2,50.97,,Month-to-month,Credit card,1
13537,731202-3653436,user_3536@example.com,Male,0,Yes,5,32.16,,Two year,Electronic check,0
13538,870808-4838336,user_3537@example.com,Male,0,Yes,8,107.48,923.65,One year,Mailed check,0
13539,980104-1280553,user_3538@example.com,Male,0,Yes,22,65.69,1463.74,Two year,Credit card,0
13540,701011-3458260,user_3539@example.com,Female,0,No,1,106.53,107.44,Month-to-month,Credit card,0
13541,861028-2677662,user_3540@example.com,Female,0,No,4,77.23,307.94,Month-to-month,Mailed check,0
13542,731013-3154826,user_3541@example.com,Female,0,Yes,33,86.09,2805.29,Month-to-month,Credit card,0
13543,740902-3703746,user_3542@example.com,Female,0,No,3,99.13,270.19,One year,Electronic check,0
13544,800919-2122388,user_3543@example.com,Male,0,Yes,8,84.58,698.01,Month-to-month,Bank transfer,0
13545,750606-1923232,user_3544@example.com,Female,0,Yes,39,58.4,2208.33,Month-to-month,Credit card,0
13546,911022-3113026,user_3545@example.com,Male,0,Yes,3,69.99,239.62,Month-to-month,Bank transfer,0
13547,750215-4390676,user_3546@example.com,Female,0,No,1,99.01,,One year,Electronic check,0
13548,790321-2662284,user_3547@example.com,Female,0,Yes,13,55.96,768.76,Month-to-month,Mailed check,1
13549,720220-1825269,user_3548@example.com,Female,0,No,7,57.41,449.92,One year,Credit card,0
13550,820214-3554082,user_3549@example.com,Female,0,Yes,16,28.09,365.79,Two year,Bank transfer,0
13551,910123-1230423,user_3550@example.com,Male,0,Yes,32,110.19,3497.0,One year,Mailed check,0
13552,760407-1952255,user_3551@example.com,Male,0,No,2,27.63,12.48,Month-to-month,Mailed check,1
13553,980826-3163673,user_3552@example.com,Female,0,No,17,83.48,1328.52,Two year,Credit card,0
13554,720917-4483823,user_3553@example.com,Male,0,No,14,59.92,787.25,Month-to-month,Bank transfer,1
13555,910124-2857314,user_3554@example.com,Female,1,Yes,3,59.16,299.54,Month-to-month,Credit card,1
13556,891222-4711901,user_3555@example.com,Female,0,Yes,19,86.63,1676.45,Two year,Electronic check,0
13557,930921-1291287,user_3556@example.com,Female,0,No,6,25.23,,Month-to-month,Mailed check,0
13558,830216-2566197,user_3557@example.com,Male,0,No,13,78.02,1055.71,Month-to-month,Bank transfer,0
13559,851107-4471016,user_3558@example.com,Female,0,No,1,95.9,58.81,Month-to-month,Credit card,0
13560,701028-4689898,user_3559@example.com,Male,0,Yes,12,101.53,1199.27,Month-to-month,Mailed check,0
13561,740624-4168619,user_3560@example.com,Female,0,No,7,35.6,278.62,One year,Credit card,0
13562,800707-4669227,user_3561@example.com,Male,0,No,34,108.47,3709.86,Month-to-month,Bank transfer,1
13563,700819-1801667,user_3562@example.com,Female,0,Yes,1,84.28,55.41,One year,Electronic check,0
13564,950326-1672626,user_3563@example.com,Female,0,No,10,106.91,993.6,One year,Electronic check,0
13565,941109-1609781,user_3564@example.com,Male,0,Yes,12,67.15,970.19,Month-to-month,Electronic check,0
13566,880511-4252703,user_3565@example.com,Female,0,No,25,72.84,1813.94,Month-to-month,Credit card,1
13567,940305-1666589,user_3566@example.com,Female,0,Yes,17,110.63,1864.42,Month-to-month,Mailed check,1
13568,830202-2417755,user_3567@example.com,Female,0,Yes,22,108.72,2397.51,Two year,Electronic check,0
13569,750310-1268551,user_3568@example.com,Female,0,Yes,30,63.43,1890.76,One year,Electronic check,0
13570,740206-2424796,user_3569@example.com,Female,0,Yes,39,46.01,1800.53,Two year,Electronic check,0
13571,770223-2224819,user_3570@example.com,Male,0,Yes,7,57.92,469.79,Month-to-month,Electronic check,0
13572,730820-4537000,user_3571@example.com,Male,0,No,15,57.37,854.32,Month-to-month,Bank transfer,1
13573,930421-2813982,user_3572@example.com,Male,0,No,36,47.26,,Month-to-month,Bank transfer,1
13574,780514-2320913,user_3573@example.com,Female,0,No,72,45.43,3262.88,Month-to-month,Mailed check,1
13575,760627-4498317,user_3574@example.com,Male,0,Yes,44,104.82,4588.86,Month-to-month,Bank transfer,0
13576,880819-4430879,user_3575@example.com,Female,0,No,9,25.5,300.69,Two year,Bank transfer,0
13577,791104-1471676,user_3576@example.com,Female,0,No,4,86.43,404.28,Month-to-month,Bank transfer,0
13578,890209-2597991,user_3577@example.com,Male,1,Yes,13,35.83,471.17,Two year,Credit card,0
13579,731106-2970490,user_3578@example.com,Female,0,No,27,53.04,1368.14,Month-to-month,Bank transfer,1
13580,710906-1501633,user_3579@example.com,Male,0,No,13,24.67,259.42,Two year,Credit card,0
13581,981015-1734438,user_3580@example.com,Male,0,Yes,13,45.56,593.04,Month-to-month,Credit card,1
13582,891113-3436116,user_3581@example.com,Female,0,No,36,95.53,3455.9,Two year,Bank transfer,0
13583,860512-4981929,user_3582@example.com,Male,0,Yes,8,107.22,839.03,Month-to-month,Credit card,0
13584,710912-1763625,user_3583@example.com,Male,0,Yes,39,40.71,1563.68,Two year,Electronic check,0
13585,890805-2767622,user_3584@example.com,Female,0,Yes,10,64.97,620.06,Month-to-month,Mailed check,0
13586,841118-4409155,user_3585@example.com,Male,0,Yes,7,65.65,458.38,Month-to-month,Bank transfer,1
13587,701208-3724002,user_3586@example.com,Male,0,Yes,12,106.08,1153.82,Month-to-month,Bank transfer,1
13588,971213-4228497,user_3587@example.com,Female,0,No,28,94.97,2604.09,Month-to-month,Mailed check,1
13589,811021-4906811,user_3588@example.com,Male,0,Yes,2,69.94,108.53,One year,Bank transfer,0
13590,900324-3793776,user_3589@example.com,Female,0,No,4,85.74,403.34,Two year,Bank transfer,0
13591,980201-4808085,user_3590@example.com,Female,1,Yes,60,103.45,6166.31,One year,Mailed check,0
13592,731017-3781092,user_3591@example.com,Male,0,No,3,19.46,67.4,One year,Credit card,1
13593,920420-4116284,user_3592@example.com,Female,0,Yes,16,58.89,953.57,Month-to-month,Electronic check,0
13594,740820-3601928,user_3593@example.com,Female,0,Yes,17,109.45,1925.55,One year,Credit card,1
13595,750405-4648076,user_3594@example.com,Male,0,Yes,13,92.72,1268.49,Month-to-month,Electronic check,1
13596,730722-1368200,user_3595@example.com,Female,0,Yes,20,72.92,1455.52,Two year,Mailed check,0
13597,980510-3248132,user_3596@example.com,Female,0,Yes,5,71.6,334.23,Month-to-month,Credit card,1
13598,930624-1382467,user_3597@example.com,Male,0,Yes,16,53.36,,One year,Credit card,0
13599,950316-2437064,user_3598@example.com,Male,0,No,9,70.68,624.07,Month-to-month,Electronic check,0
13600,861002-2893884,user_3599@example.com,Female,0,Yes,21,84.2,1746.5,Month-to-month,Electronic check,1
13601,751201-4685085,user_3600@example.com,Female,0,Yes,3,60.44,209.0,Month-to-month,Electronic check,1
13602,921015-1975967,user_3601@example.com,Male,0,No,16,90.09,1462.46,Month-to-month,Electronic check,1
13603,710717-3378883,user_3602@example.com,Female,0,Yes,4,104.84,448.95,Month-to-month,Bank transfer,1
13604,720811-4968541,user_3603@example.com,Male,0,No,6,34.01,267.02,Month-to-month,Mailed check,1
13605,851214-4601814,user_3604@example.com,Female,0,Yes,4,63.77,348.22,Two year,Electronic check,0
13606,880702-4360843,user_3605@example.com,Female,0,Yes,4,59.4,243.83,Month-to-month,Credit card,1
13607,801103-3481225,user_3606@example.com,Female,0,Yes,34,87.42,3027.25,Two year,Credit card,0
13608,980528-3528364,user_3607@example.com,Female,0,No,6,43.55,243.72,Month-to-month,Credit card,1
13609,940806-4438035,user_3608@example.com,Female,0,No,52,82.69,,Month-to-month,Electronic check,1
13610,720609-1319323,user_3609@example.com,Female,0,Yes,70,106.47,7505.98,One year,Mailed check,0
13611,760707-1805665,user_3610@example.com,Male,0,Yes,16,60.42,,Month-to-month,Bank transfer,0
13612,770227-1703547,user_3611@example.com,Female,0,Yes,3,109.83,334.19,Month-to-month,Electronic check,0
13613,790618-2849260,user_3612@example.com,Female,0,Yes,9,118.06,1029.12,One year,Electronic check,1
13614,900123-1525851,user_3613@example.com,Female,0,No,31,29.14,833.61,Month-to-month,Bank transfer,0
13615,771221-1594993,user_3614@example.com,Male,0,Yes,9,41.86,374.74,One year,Mailed check,1
13616,750415-1307931,user_3615@example.com,Female,1,Yes,1,113.78,190.43,Month-to-month,Electronic check,0
13617,730618-2119612,user_3616@example.com,Male,1,Yes,16,114.57,1817.63,Month-to-month,Credit card,1
13618,951013-4799765,user_3617@example.com,Female,0,No,37,28.3,1086.36,Two year,Credit card,0
13619,870727-4943896,user_3618@example.com,Male,0,No,31,20.0,662.2,One year,Electronic check,0
13620,750222-4710121,user_3619@example.com,Female,1,No,3,34.65,89.77,Month-to-month,Mailed check,0
13621,861122-4226384,user_3620@example.com,Female,0,Yes,22,118.35,2669.52,Two year,Credit card,1
13622,850610-4450882,user_3621@example.com,Female,1,Yes,4,36.54,0.73,Two year,Credit card,0
13623,880419-1856755,user_3622@example.com,Female,0,No,4,68.88,214.38,Month-to-month,Bank transfer,0
13624,860417-2122681,user_3623@example.com,Female,1,Yes,41,103.55,4199.77,Month-to-month,Mailed check,0
13625,720404-1553829,user_3624@example.com,Female,0,No,5,20.55,,Two year,Electronic check,0
13626,880727-4239087,user_3625@example.com,Male,0,No,6,79.1,491.41,Month-to-month,Bank transfer,1
13627,830423-2414235,user_3626@example.com,Female,0,No,0,46.27,,Month-to-month,Bank transfer,1
13628,760620-1387956,user_3627@example.com,Female,0,Yes,40,104.95,4217.7,Month-to-month,Bank transfer,0
13629,800127-2718810,user_3628@example.com,Male,0,No,31,46.92,,One year,Mailed check,0
13630,850106-2902794,user_3629@example.com,Male,0,Yes,19,87.35,1612.14,Two year,Mailed check,1
13631,761025-2612673,user_3630@example.com,Female,0,Yes,27,86.09,2263.52,One year,Mailed check,0
13632,890918-2974742,user_3631@example.com,Male,0,Yes,3,40.7,141.92,Two year,Electronic check,0
13633,830414-2320317,user_3632@example.com,Male,0,No,12,21.99,232.37,Month-to-month,Mailed check,1
13634,800601-3233501,user_3633@example.com,Male,0,Yes,8,59.53,397.72,Month-to-month,Bank transfer,1
13635,830806-3615693,user_3634@example.com,Male,0,Yes,1,47.49,96.06,One year,Credit card,0
13636,760607-1882930,user_3635@example.com,Male,0,No,13,99.6,1364.56,Two year,Electronic check,1
13637,911025-2447688,user_3636@example.com,Male,0,Yes,50,98.74,5014.86,Month-to-month,Electronic check,0
13638,871117-2479948,user_3637@example.com,Male,1,No,0,64.32,,Month-to-month,Electronic check,1
13639,730526-3345287,user_3638@example.com,Female,0,No,6,79.3,507.1,Month-to-month,Bank transfer,1
13640,851201-2682016,user_3639@example.com,Female,0,Yes,4,79.08,384.81,Month-to-month,Mailed check,0
13641,771216-1666979,user_3640@example.com,Female,0,Yes,5,101.42,475.03,Month-to-month,Bank transfer,0
13642,880208-2579212,user_3641@example.com,Male,0,Yes,47,61.11,2927.7,Month-to-month,Credit card,1
13643,970403-3206437,user_3642@example.com,Female,0,Yes,12,46.11,567.09,Two year,Mailed check,0
13644,750519-3304776,user_3643@example.com,Female,0,No,12,45.07,,Month-to-month,Credit card,1
13645,830605-3809862,user_3644@example.com,Female,1,No,28,72.25,2032.3,One year,Electronic check,0
13646,860717-1109077,user_3645@example.com,Female,0,No,3,63.53,255.4,Month-to-month,Electronic check,1
13647,920701-2116551,user_3646@example.com,Male,0,No,13,62.62,825.24,Month-to-month,Bank transfer,0
13648,781124-4840885,user_3647@example.com,Male,0,Yes,11,27.64,229.84,One year,Mailed check,0
13649,870228-3446601,user_3648@example.com,Male,1,No,18,90.54,1702.32,Two year,Electronic check,0
13650,760922-1447021,user_3649@example.com,Male,1,No,72,39.93,2827.58,Month-to-month,Bank transfer,0
13651,780715-3868801,user_3650@example.com,Male,0,Yes,29,38.24,1171.61,Two year,Credit card,0
13652,720213-3798873,user_3651@example.com,Male,0,Yes,10,59.88,594.29,Two year,Bank transfer,0
13653,820220-2899026,user_3652@example.com,Female,0,No,35,41.33,1505.35,Month-to-month,Mailed check,1
13654,780521-3340966,user_3653@example.com,Female,0,No,3,77.03,287.83,Month-to-month,Mailed check,1
13655,940109-2819810,user_3654@example.com,Male,0,No,0,55.74,,One year,Mailed check,0
13656,810526-4395939,user_3655@example.com,Female,0,No,4,63.5,279.43,Month-to-month,Electronic check,0
13657,901021-4206733,user_3656@example.com,Female,0,Yes,8,72.35,599.93,Month-to-month,Bank transfer,1
13658,791010-1655002,user_3657@example.com,Male,1,Yes,14,38.9,443.91,Month-to-month,Credit card,0
13659,871117-2658666,user_3658@example.com,Female,0,No,19,34.11,654.01,Month-to-month,Mailed check,0
13660,840819-4945263,user_3659@example.com,Male,1,No,48,106.76,,Two year,Bank transfer,0
13661,920827-4460693,user_3660@example.com,Female,0,Yes,14,61.98,876.28,Month-to-month,Electronic check,1
13662,911119-1589538,user_3661@example.com,Male,0,Yes,13,59.81,720.38,Month-to-month,Credit card,1
13663,820522-3523102,user_3662@example.com,Male,0,Yes,1,22.07,0.0,Month-to-month,Credit card,0
13664,980111-1223286,user_3663@example.com,Male,1,Yes,0,68.42,,One year,Credit card,1
13665,961217-2201270,user_3664@example.com,Female,0,No,16,74.06,1238.43,One year,Electronic check,0
13666,740507-3431682,user_3665@example.com,Female,0,No,11,74.52,819.51,Two year,Mailed check,0
13667,860802-3699830,user_3666@example.com,Female,0,No,36,89.38,,One year,Electronic check,0
13668,791011-4246967,user_3667@example.com,Female,1,No,3,36.29,96.47,One year,Credit card,0
13669,780807-2954752,user_3668@example.com,Male,1,Yes,0,43.79,,Month-to-month,Bank transfer,0
13670,701108-2751473,user_3669@example.com,Male,0,No,11,99.78,1063.78,Month-to-month,Credit card,1
13671,941023-3602504,user_3670@example.com,Female,0,Yes,5,113.45,616.94,One year,Bank transfer,0
13672,960111-3823625,user_3671@example.com,Female,0,No,1,32.13,,Two year,Electronic check,0
13673,870626-4342833,user_3672@example.com,Female,0,Yes,25,68.39,1688.76,Two year,Electronic check,0
13674,910922-4592446,user_3673@example.com,Male,0,No,2,39.97,81.03,One year,Electronic check,1
13675,780206-3126684,user_3674@example.com,Female,0,No,18,24.52,411.8,Month-to-month,Bank transfer,1
13676,880423-1574436,user_3675@example.com,Male,0,No,6,51.13,323.21,Month-to-month,Electronic check,1
13677,800208-1326906,user_3676@example.com,Female,0,Yes,3,32.9,,Month-to-month,Mailed check,0
13678,800226-2297216,user_3677@example.com,Female,0,No,9,89.67,830.46,Month-to-month,Credit card,1
13679,730117-1629622,user_3678@example.com,Female,0,No,32,72.01,2365.12,Month-to-month,Mailed check,0
13680,720705-2328506,user_3679@example.com,Female,0,No,9,32.92,260.31,Month-to-month,Bank transfer,0
13681,930717-1441808,user_3680@example.com,Male,1,Yes,27,19.43,518.08,Month-to-month,Electronic check,1
13682,760609-4824412,user_3681@example.com,Male,0,Yes,2,99.52,222.11,One year,Credit card,0
13683,830606-1183771,user_3682@example.com,Male,0,No,29,36.16,,Month-to-month,Electronic check,1
13684,890911-3748866,user_3683@example.com,Male,1,Yes,5,79.27,419.57,One year,Electronic check,0
13685,800423-3499468,user_3684@example.com,Male,0,No,22,52.28,1177.93,Month-to-month,Credit card,1
13686,880821-4261527,user_3685@example.com,Female,0,Yes,16,77.19,1289.2,Month-to-month,Credit card,1
13687,910501-1120701,user_3686@example.com,Female,1,Yes,52,50.14,2576.98,Two year,Mailed check,1
13688,780611-1592446,user_3687@example.com,Female,0,Yes,9,27.22,197.84,Month-to-month,Mailed check,0
13689,981003-4475772,user_3688@example.com,Male,0,No,1,40.85,25.47,Two year,Mailed check,0
13690,740216-1960986,user_3689@example.com,Male,1,No,0,37.35,,Month-to-month,Mailed check,1
13691,930227-3600168,user_3690@example.com,Female,0,No,35,61.41,2177.57,Month-to-month,Mailed check,1
13692,860812-2760727,user_3691@example.com,Male,0,No,14,84.49,1124.77,Month-to-month,Bank transfer,0
13693,710719-4573915,user_3692@example.com,Female,0,No,29,44.95,1420.2,Month-to-month,Bank transfer,1
13694,960128-2989136,user_3693@example.com,Female,0,Yes,5,19.71,163.35,Month-to-month,Electronic check,0
13695,821211-2998014,user_3694@example.com,Female,1,Yes,8,70.52,564.79,One year,Electronic check,0
13696,971124-4957585,user_3695@example.com,Male,0,Yes,0,79.23,,Month-to-month,Mailed check,0
13697,730215-4540230,user_3696@example.com,Male,0,No,65,115.03,7395.11,One year,Electronic check,0
13698,921015-3251706,user_3697@example.com,Male,0,No,22,77.59,1833.15,Month-to-month,Bank transfer,1
13699,900110-3201581,user_3698@example.com,Male,0,No,54,65.74,3520.45,Month-to-month,Bank transfer,1
13700,730401-4373254,user_3699@example.com,Female,0,No,6,75.98,449.86,Two year,Electronic check,0
13701,740121-4478361,user_3700@example.com,Female,0,Yes,18,111.52,1914.56,Two year,Mailed check,1
13702,770213-1131713,user_3701@example.com,Female,1,No,22,101.54,2258.19,Month-to-month,Bank transfer,0
13703,750504-4966926,user_3702@example.com,Male,1,Yes,7,50.88,300.84,Month-to-month,Credit card,1
13704,740411-4309819,user_3703@example.com,Male,0,No,37,42.28,1569.44,Month-to-month,Credit card,0
13705,860918-2616479,user_3704@example.com,Male,0,No,58,44.83,2572.93,Two year,Electronic check,0
13706,830809-2549271,user_3705@example.com,Female,0,Yes,43,69.07,2916.12,Month-to-month,Mailed check,0
13707,940427-2752994,user_3706@example.com,Male,1,No,26,93.09,2380.12,Two year,Electronic check,1
13708,980805-3360931,user_3707@example.com,Male,0,Yes,6,68.95,424.99,Month-to-month,Mailed check,1
13709,721119-2474398,user_3708@example.com,Male,0,Yes,6,25.3,87.73,Two year,Mailed check,0
13710,950727-2828139,user_3709@example.com,Female,1,Yes,66,91.04,5971.2,Month-to-month,Credit card,0
13711,770524-1701535,user_3710@example.com,Female,0,Yes,0,99.3,,Month-to-month,Bank transfer,1
13712,780402-1667841,user_3711@example.com,Female,0,Yes,25,47.52,1318.12,One year,Bank transfer,0
13713,950206-2262506,user_3712@example.com,Female,0,Yes,24,85.08,2065.8,Two year,Electronic check,0
13714,790102-1477481,user_3713@example.com,Male,1,No,19,61.27,1118.27,Two year,Electronic check,0
13715,741012-3565044,user_3714@example.com,Female,0,No,72,107.63,7731.0,One year,Mailed check,0
13716,940206-3361927,user_3715@example.com,Male,1,No,7,103.23,724.19,One year,Bank transfer,0
13717,850318-3662736,user_3716@example.com,Female,1,No,8,71.17,,One year,Mailed check,0
13718,980111-4950143,user_3717@example.com,Female,0,No,1,87.82,132.97,One year,Credit card,0
13719,970607-1971615,user_3718@example.com,Female,0,Yes,11,107.06,1188.53,Two year,Credit card,0
13720,770810-2568240,user_3719@example.com,Male,0,No,6,68.2,,Month-to-month,Mailed check,0
13721,810812-2919856,user_3720@example.com,Female,0,No,8,49.9,383.48,One year,Mailed check,0
13722,721205-1407530,user_3721@example.com,Female,0,No,35,94.06,3358.38,Month-to-month,Mailed check,1
13723,851010-2942939,user_3722@example.com,Male,0,No,54,40.56,2181.92,One year,Mailed check,0
13724,930806-4293747,user_3723@example.com,Male,1,No,4,57.45,181.24,Two year,Mailed check,1
13725,931103-4720083,user_3724@example.com,Female,1,Yes,9,105.29,1056.48,Month-to-month,Credit card,0
13726,790928-2684553,user_3725@example.com,Male,0,No,52,91.12,4646.99,Month-to-month,Credit card,1
13727,820120-3914104,user_3726@example.com,Female,0,Yes,1,58.98,22.04,Month-to-month,Credit card,1
13728,810714-1792104,user_3727@example.com,Female,0,Yes,1,40.03,8.68,Month-to-month,Electronic check,0
13729,790925-2500103,user_3728@example.com,Male,0,No,3,54.19,287.99,Month-to-month,Credit card,0
13730,970225-2193719,user_3729@example.com,Female,0,No,18,46.98,935.98,Two year,Bank transfer,0
13731,871112-4251525,user_3730@example.com,Male,0,No,3,36.15,183.15,One year,Bank transfer,1
13732,750116-3174715,user_3731@example.com,Female,0,No,68,93.02,6308.83,Two year,Mailed check,0
13733,821211-3625371,user_3732@example.com,Female,0,No,11,43.77,602.78,Month-to-month,Credit card,0
13734,860422-3945431,user_3733@example.com,Female,1,Yes,13,64.03,,Two year,Mailed check,0
13735,961108-2773738,user_3734@example.com,Female,0,Yes,5,57.18,334.76,One year,Mailed check,1
13736,900608-3153285,user_3735@example.com,Male,1,Yes,12,116.95,1412.38,Month-to-month,Bank transfer,1
13737,890319-4747797,user_3736@example.com,Male,0,No,21,57.71,1209.44,One year,Bank transfer,0
13738,841117-2908572,user_3737@example.com,Female,0,No,27,26.52,703.45,Two year,Mailed check,0
13739,891210-1358631,user_3738@example.com,Male,0,No,28,27.51,759.8,Month-to-month,Bank transfer,0
13740,950811-3560701,user_3739@example.com,Male,0,No,17,77.72,1351.66,One year,Mailed check,0
13741,810623-2264450,user_3740@example.com,Female,0,No,46,78.59,3633.5,Two year,Mailed check,0
13742,841206-4230566,user_3741@example.com,Female,0,No,34,60.48,2054.75,Month-to-month,Mailed check,0
13743,751102-2133596,user_3742@example.com,Female,0,No,28,61.79,1805.6,One year,Electronic check,0
13744,980201-3660521,user_3743@example.com,Male,0,Yes,1,23.91,0.0,Month-to-month,Bank transfer,0
13745,791005-4531395,user_3744@example.com,Female,0,Yes,0,70.28,,Month-to-month,Bank transfer,1
13746,940916-1581453,user_3745@example.com,Female,0,No,4,69.1,312.29,One year,Credit card,1
13747,951212-3514076,user_3746@example.com,Female,0,Yes,21,33.49,760.64,Month-to-month,Bank transfer,0
13748,881126-1308805,user_3747@example.com,Male,0,Yes,10,28.91,285.86,One year,Credit card,0
13749,750314-4602385,user_3748@example.com,Male,0,Yes,10,30.89,319.3,Month-to-month,Mailed check,0
13750,910409-2342755,user_3749@example.com,Male,0,No,43,28.63,1280.39,Month-to-month,Electronic check,1
13751,801118-1447166,user_3750@example.com,Female,1,No,45,79.62,,Month-to-month,Mailed check,1
13752,720409-1362798,user_3751@example.com,Male,0,Yes,47,38.2,1780.37,Month-to-month,Mailed check,0
13753,791121-4218639,user_3752@example.com,Male,0,Yes,7,43.71,319.32,Month-to-month,Mailed check,1
13754,850510-3972088,user_3753@example.com,Female,0,Yes,23,35.9,909.63,Two year,Credit card,0
13755,930103-1272251,user_3754@example.com,Female,0,Yes,6,114.52,580.92,Two year,Electronic check,0
13756,721017-2254682,user_3755@example.com,Male,0,Yes,4,104.18,382.22,Two year,Mailed check,0
13757,870216-4524117,user_3756@example.com,Male,0,Yes,4,41.61,239.73,Month-to-month,Credit card,0
13758,870611-3130544,user_3757@example.com,Male,0,No,8,51.34,465.35,Two year,Mailed check,1
13759,770324-3506096,user_3758@example.com,Male,0,Yes,11,39.54,461.06,Two year,Electronic check,0
13760,730308-1212568,user_3759@example.com,Female,0,Yes,35,67.81,,Month-to-month,Mailed check,1
13761,960922-1810602,user_3760@example.com,Female,0,No,2,20.47,0.0,Month-to-month,Mailed check,1
13762,810515-4644597,user_3761@example.com,Male,0,No,26,85.8,2201.24,Month-to-month,Bank transfer,0
13763,760803-2727343,user_3762@example.com,Female,0,Yes,15,70.95,1141.65,Month-to-month,Credit card,0
13764,700511-1344753,user_3763@example.com,Female,1,Yes,6,108.59,,Two year,Electronic check,0
13765,810803-3574045,user_3764@example.com,Male,0,Yes,13,34.98,459.81,One year,Credit card,0
13766,950427-4182549,user_3765@example.com,Male,0,Yes,7,99.11,656.08,One year,Bank transfer,1
13767,930114-2455226,user_3766@example.com,Male,0,Yes,18,97.89,,Month-to-month,Mailed check,1
13768,910828-4844108,user_3767@example.com,Female,0,Yes,11,31.25,,Month-to-month,Electronic check,0
13769,720426-4537187,user_3768@example.com,Male,0,Yes,3,58.46,170.5,Month-to-month,Electronic check,0
13770,710608-1696156,user_3769@example.com,Male,1,No,2,35.56,0.0,Two year,Credit card,0
13771,700109-3850415,user_3770@example.com,Female,0,Yes,15,44.04,579.93,Month-to-month,Mailed check,0
13772,980415-3884870,user_3771@example.com,Male,0,No,46,44.89,2065.32,Two year,Bank transfer,0
13773,711017-3916157,user_3772@example.com,Female,0,Yes,8,74.26,527.82,Month-to-month,Mailed check,1
13774,920619-2668547,user_3773@example.com,Male,1,Yes,26,59.74,1658.49,One year,Credit card,1
13775,980107-1787825,user_3774@example.com,Female,0,Yes,21,113.51,2280.63,One year,Electronic check,0
13776,870616-1602477,user_3775@example.com,Female,0,No,53,31.17,1612.0,Two year,Electronic check,0
13777,910106-3914405,user_3776@example.com,Male,0,No,34,116.11,3948.58,Month-to-month,Mailed check,0
13778,921218-2858462,user_3777@example.com,Male,1,No,16,41.62,647.66,Month-to-month,Mailed check,0
13779,780902-1338172,user_3778@example.com,Male,0,No,21,95.98,1960.37,Month-to-month,Mailed check,1
13780,920513-3301024,user_3779@example.com,Male,0,Yes,45,52.48,2313.7,Two year,Mailed check,0
13781,980713-4450399,user_3780@example.com,Male,0,Yes,10,32.84,278.87,Month-to-month,Bank transfer,0
13782,911212-3485752,user_3781@example.com,Female,0,No,7,104.5,717.16,Month-to-month,Bank transfer,1
13783,830221-3436827,user_3782@example.com,Male,0,Yes,0,49.46,,Month-to-month,Bank transfer,1
13784,820219-4554817,user_3783@example.com,Male,1,Yes,35,84.55,,Month-to-month,Bank transfer,0
13785,870819-3462147,user_3784@example.com,Male,0,No,32,75.29,2468.43,Two year,Credit card,0
13786,960519-2639298,user_3785@example.com,Female,0,No,2,65.79,156.93,Two year,Electronic check,0
13787,770421-3480932,user_3786@example.com,Male,0,Yes,17,68.21,1215.26,Month-to-month,Electronic check,1
13788,800719-3784944,user_3787@example.com,Female,0,Yes,12,91.91,962.92,Two year,Credit card,0
13789,710428-1130089,user_3788@example.com,Female,0,No,2,27.3,39.38,One year,Credit card,0
13790,900920-4245941,user_3789@example.com,Male,0,Yes,72,85.49,6220.64,Month-to-month,Bank transfer,0
13791,761211-2535612,user_3790@example.com,Male,0,Yes,4,108.31,404.65,Two year,Mailed check,0
13792,981115-4107821,user_3791@example.com,Female,0,No,1,24.29,112.41,One year,Electronic check,1
13793,761211-2858450,user_3792@example.com,Female,0,Yes,18,32.6,660.99,Month-to-month,Credit card,0
13794,721213-3254923,user_3793@example.com,Female,0,No,26,90.34,2325.38,One year,Mailed check,0
13795,910201-2406008,user_3794@example.com,Female,0,Yes,0,62.34,,Month-to-month,Bank transfer,1
13796,880906-1340707,user_3795@example.com,Female,0,Yes,21,58.96,1187.48,Month-to-month,Credit card,1
13797,951026-2271965,user_3796@example.com,Male,0,Yes,15,32.23,451.97,One year,Electronic check,0
13798,851202-1616780,user_3797@example.com,Female,0,Yes,2,69.3,76.97,Two year,Electronic check,0
13799,900502-1751109,user_3798@example.com,Female,1,Yes,3,31.19,115.01,One year,Electronic check,0
13800,710116-2700104,user_3799@example.com,Female,0,Yes,16,66.28,987.68,Month-to-month,Credit card,0
13801,940905-3663529,user_3800@example.com,Female,1,Yes,7,95.05,695.54,Two year,Electronic check,0
13802,840103-4255032,user_3801@example.com,Female,0,Yes,55,44.39,2472.85,Month-to-month,Bank transfer,0
13803,731128-3243085,user_3802@example.com,Male,0,Yes,34,66.7,2184.74,Month-to-month,Electronic check,1
13804,870502-3415785,user_3803@example.com,Male,1,Yes,72,117.95,,Month-to-month,Bank transfer,0
13805,960913-3428515,user_3804@example.com,Female,0,Yes,6,87.34,,Month-to-month,Electronic check,0
13806,971225-4985168,user_3805@example.com,Male,0,No,69,102.85,7134.13,Month-to-month,Bank transfer,1
13807,850702-1448794,user_3806@example.com,Female,1,No,11,60.09,623.06,One year,Credit card,0
13808,811203-2626292,user_3807@example.com,Male,1,Yes,8,95.48,794.96,Two year,Bank transfer,0
13809,850225-4971362,user_3808@example.com,Male,0,No,1,22.56,78.88,Two year,Credit card,1
13810,910915-4198665,user_3809@example.com,Male,0,Yes,1,30.82,,Two year,Mailed check,0
13811,900603-3398373,user_3810@example.com,Male,0,Yes,23,38.86,993.88,Month-to-month,Bank transfer,0
13812,830326-2460441,user_3811@example.com,Female,0,Yes,12,58.8,707.8,One year,Credit card,0
13813,940704-1511650,user_3812@example.com,Male,0,Yes,5,103.29,573.49,Two year,Mailed check,0
13814,820409-1730619,user_3813@example.com,Female,0,No,19,53.21,1025.64,Month-to-month,Electronic check,0
13815,751128-1647197,user_3814@example.com,Male,1,Yes,5,84.13,449.93,One year,Mailed check,0
13816,780621-3645234,user_3815@example.com,Male,0,No,17,89.61,1439.8,Month-to-month,Bank transfer,1
13817,700401-1567663,user_3816@example.com,Male,0,Yes,8,77.26,636.63,Month-to-month,Mailed check,0
13818,810115-2769407,user_3817@example.com,Female,0,Yes,34,54.31,1809.79,Month-to-month,Electronic check,0
13819,960523-1825104,user_3818@example.com,Male,0,Yes,34,76.35,2553.58,One year,Mailed check,1
13820,770608-3402013,user_3819@example.com,Male,0,Yes,12,52.81,720.93,One year,Bank transfer,0
13821,910626-3646038,user_3820@example.com,Male,0,Yes,8,26.91,204.59,Month-to-month,Bank transfer,1
13822,810203-4653198,user_3821@example.com,Female,0,No,9,118.03,,One year,Credit card,0
13823,830125-1890035,user_3822@example.com,Male,0,No,32,31.25,,Two year,Electronic check,0
13824,860122-2653888,user_3823@example.com,Male,1,No,7,25.75,115.23,Two year,Electronic check,0
13825,951128-2925942,user_3824@example.com,Female,1,No,4,106.57,497.97,Month-to-month,Mailed check,0
13826,850423-3953491,user_3825@example.com,Male,0,No,1,48.76,13.98,Month-to-month,Electronic check,0
13827,980209-3984671,user_3826@example.com,Male,0,No,12,83.69,1030.74,One year,Bank transfer,0
13828,831014-2742866,user_3827@example.com,Female,0,Yes,13,51.48,737.05,Month-to-month,Mailed check,1
13829,861108-4704936,user_3828@example.com,Male,0,No,36,57.74,2053.63,Month-to-month,Credit card,1
13830,931111-3310574,user_3829@example.com,Female,1,Yes,5,44.78,250.5,Month-to-month,Mailed check,0
13831,940220-1505213,user_3830@example.com,Female,1,No,9,52.89,424.51,Two year,Mailed check,0
13832,740512-1649272,user_3831@example.com,Female,0,No,33,59.67,2091.4,One year,Credit card,0
13833,840921-2712183,user_3832@example.com,Male,0,Yes,34,90.72,,Month-to-month,Mailed check,0
13834,760512-1547526,user_3833@example.com,Female,0,No,9,69.78,618.39,Month-to-month,Electronic check,1
13835,800117-1959381,user_3834@example.com,Female,0,Yes,12,113.09,1318.44,One year,Mailed check,0
13836,760211-4764415,user_3835@example.com,Male,0,Yes,7,22.7,153.2,Month-to-month,Mailed check,1
13837,840815-3922884,user_3836@example.com,Male,0,Yes,53,68.93,3636.29,Month-to-month,Mailed check,1
13838,770206-4995078,user_3837@example.com,Male,1,No,2,77.07,251.79,Month-to-month,Bank transfer,1
13839,751222-1975396,user_3838@example.com,Female,1,No,54,110.75,5919.22,Month-to-month,Bank transfer,0
13840,871123-3812967,user_3839@example.com,Female,0,Yes,23,23.43,545.63,Month-to-month,Electronic check,0
13841,891127-3160380,user_3840@example.com,Female,0,Yes,15,75.99,1138.93,One year,Credit card,0
13842,941019-3465436,user_3841@example.com,Male,0,No,0,104.08,,One year,Bank transfer,0
13843,711007-4867417,user_3842@example.com,Female,0,Yes,12,42.75,507.57,Month-to-month,Bank transfer,0
13844,710719-3440384,user_3843@example.com,Female,0,Yes,10,106.35,,Month-to-month,Electronic check,1
13845,800808-2108204,user_3844@example.com,Male,0,No,3,20.41,104.88,Month-to-month,Electronic check,1
13846,790127-2791731,user_3845@example.com,Female,1,No,21,91.93,1960.98,One year,Credit card,0
13847,900808-3915877,user_3846@example.com,Male,0,No,70,112.04,7863.75,Month-to-month,Mailed check,0
13848,770503-1436888,user_3847@example.com,Male,0,Yes,16,84.38,1198.38,Month-to-month,Mailed check,1
13849,790107-4464933,user_3848@example.com,Female,0,No,25,62.51,1577.74,One year,Credit card,1
13850,820708-3102836,user_3849@example.com,Female,0,Yes,1,23.0,0.0,One year,Credit card,0
13851,741206-3374934,user_3850@example.com,Female,0,No,10,110.74,1139.72,Month-to-month,Credit card,1
13852,840521-4340592,user_3851@example.com,Female,0,Yes,2,65.65,205.02,Month-to-month,Electronic check,0
13853,830723-1133161,user_3852@example.com,Male,0,No,18,21.41,339.07,Two year,Mailed check,0
13854,870222-4627340,user_3853@example.com,Male,0,Yes,55,87.65,4807.66,Two year,Credit card,0
13855,940507-2713141,user_3854@example.com,Female,0,No,21,66.8,1372.83,Month-to-month,Credit card,1
13856,800610-2861989,user_3855@example.com,Male,0,Yes,1,30.97,92.74,Two year,Mailed check,0
13857,830405-4165029,user_3856@example.com,Male,0,Yes,8,39.98,324.59,One year,Mailed check,0
13858,780505-3793324,user_3857@example.com,Female,0,No,15,24.97,460.97,Two year,Electronic check,0
13859,960705-2103681,user_3858@example.com,Male,0,No,10,76.07,781.39,Month-to-month,Bank transfer,0
13860,940523-4577686,user_3859@example.com,Female,0,Yes,35,80.86,,One year,Bank transfer,0
13861,951224-4989574,user_3860@example.com,Female,0,No,33,69.2,2287.01,One year,Electronic check,1
13862,720915-3270567,user_3861@example.com,Male,0,Yes,18,100.41,1848.28,Month-to-month,Electronic check,1
13863,971016-1611265,user_3862@example.com,Female,0,Yes,9,104.82,856.5,One year,Mailed check,0
13864,890124-1422243,user_3863@example.com,Male,0,Yes,5,80.22,405.37,Month-to-month,Electronic check,0
13865,920603-4793889,user_3864@example.com,Male,0,Yes,2,19.78,36.06,Month-to-month,Electronic check,0
13866,980128-4763164,user_3865@example.com,Male,0,No,8,88.2,741.87,Month-to-month,Credit card,0
13867,810209-3405524,user_3866@example.com,Male,0,Yes,10,60.4,594.61,Two year,Electronic check,0
13868,740603-1187516,user_3867@example.com,Female,0,No,22,75.2,,Month-to-month,Electronic check,0
13869,930712-4779870,user_3868@example.com,Female,0,Yes,21,83.57,1755.34,One year,Credit card,0
13870,830809-2539476,user_3869@example.com,Male,0,Yes,1,53.61,0.0,One year,Mailed check,0
13871,710816-4703370,user_3870@example.com,Male,0,Yes,10,110.44,1008.14,Month-to-month,Mailed check,0
13872,891008-3715360,user_3871@example.com,Female,0,No,4,31.93,164.08,Month-to-month,Electronic check,1
13873,921019-1694743,user_3872@example.com,Female,0,No,3,85.82,286.41,One year,Electronic check,0
13874,910821-2506728,user_3873@example.com,Male,1,Yes,35,18.94,686.25,Two year,Bank transfer,0
13875,981106-3671550,user_3874@example.com,Female,0,Yes,0,111.2,,Month-to-month,Credit card,0
13876,780402-2979252,user_3875@example.com,Male,1,Yes,10,29.78,264.55,Month-to-month,Bank transfer,1
13877,710613-3333888,user_3876@example.com,Female,1,Yes,3,28.01,12.47,Month-to-month,Electronic check,1
13878,970627-4969378,user_3877@example.com,Male,0,Yes,42,51.88,2175.46,Month-to-month,Bank transfer,0
13879,751019-3145326,user_3878@example.com,Female,0,No,16,55.95,877.82,Month-to-month,Bank transfer,1
13880,750922-3976977,user_3879@example.com,Female,1,Yes,5,39.98,157.79,Month-to-month,Mailed check,0
13881,790405-2487561,user_3880@example.com,Female,0,No,13,77.16,999.09,Month-to-month,Credit card,1
13882,791007-4143224,user_3881@example.com,Male,0,No,26,62.9,1604.82,Month-to-month,Mailed check,0
13883,771009-4599268,user_3882@example.com,Male,0,Yes,63,21.93,1289.79,One year,Mailed check,0
13884,940508-4191164,user_3883@example.com,Male,0,No,4,50.55,180.14,Two year,Bank transfer,0
13885,741120-2716707,user_3884@example.com,Female,0,Yes,43,99.75,4232.43,Month-to-month,Credit card,0
13886,800522-4427466,user_3885@example.com,Male,1,Yes,54,87.64,4744.14,One year,Electronic check,0
13887,831013-4107555,user_3886@example.com,Female,0,No,49,91.17,4434.53,Month-to-month,Credit card,0
13888,850623-1639638,user_3887@example.com,Male,1,No,20,88.49,1825.38,Two year,Mailed check,1
13889,890519-1151369,user_3888@example.com,Male,0,Yes,19,49.68,,One year,Bank transfer,0
13890,740406-1935735,user_3889@example.com,Male,0,Yes,10,28.49,318.87,Two year,Electronic check,0
13891,980206-2394091,user_3890@example.com,Female,0,Yes,27,45.81,1159.32,Month-to-month,Mailed check,0
13892,910413-1615205,user_3891@example.com,Male,0,No,15,101.89,1603.61,One year,Bank transfer,0
13893,720703-2508691,user_3892@example.com,Female,1,No,22,116.79,2648.17,Month-to-month,Mailed check,1
13894,780704-2628996,user_3893@example.com,Female,0,Yes,11,68.01,749.05,Month-to-month,Bank transfer,0
13895,770225-1642597,user_3894@example.com,Female,0,No,26,19.47,572.37,Month-to-month,Credit card,1
13896,760907-4975652,user_3895@example.com,Female,1,No,34,32.54,1078.78,One year,Mailed check,0
13897,970317-3465676,user_3896@example.com,Male,0,Yes,3,50.79,,One year,Credit card,0
13898,700523-1382243,user_3897@example.com,Female,0,Yes,35,76.5,2639.49,Month-to-month,Credit card,1
13899,791001-3849938,user_3898@example.com,Female,0,Yes,15,26.03,476.92,One year,Bank transfer,0
13900,860427-1601070,user_3899@example.com,Male,0,Yes,37,113.07,4109.04,Month-to-month,Electronic check,0
13901,910607-1949284,user_3900@example.com,Female,0,Yes,11,55.1,606.08,Month-to-month,Credit card,0
13902,890407-2730646,user_3901@example.com,Female,0,No,9,109.99,991.62,One year,Mailed check,0
13903,720216-4236016,user_3902@example.com,Male,0,Yes,49,96.75,4715.1,Month-to-month,Mailed check,0
13904,901228-1308131,user_3903@example.com,Female,0,No,5,94.23,448.97,Month-to-month,Bank transfer,0
13905,930213-4737331,user_3904@example.com,Male,0,Yes,37,79.32,2938.45,Month-to-month,Credit card,1
13906,900916-3776188,user_3905@example.com,Female,0,Yes,13,81.34,1029.31,One year,Electronic check,0
13907,860410-2338371,user_3906@example.com,Female,0,Yes,14,82.46,1083.34,Month-to-month,Electronic check,0
13908,910121-4747658,user_3907@example.com,Male,0,Yes,7,81.53,581.46,Two year,Mailed check,0
13909,880805-3520727,user_3908@example.com,Female,0,Yes,17,74.01,1311.84,Month-to-month,Bank transfer,0
13910,770215-2858572,user_3909@example.com,Male,1,No,7,117.39,865.21,One year,Credit card,0
13911,841021-1116834,user_3910@example.com,Female,1,Yes,0,91.91,,Month-to-month,Mailed check,1
13912,811210-1402487,user_3911@example.com,Male,0,No,6,96.39,,Month-to-month,Bank transfer,0
13913,750324-1390394,user_3912@example.com,Female,0,Yes,0,105.96,,One year,Electronic check,0
13914,700325-2320128,user_3913@example.com,Male,0,No,72,40.12,2967.03,Month-to-month,Mailed check,0
13915,940717-1292660,user_3914@example.com,Female,0,Yes,67,26.9,1834.58,Month-to-month,Bank transfer,0
13916,800412-4909809,user_3915@example.com,Female,0,No,10,66.91,704.3,Month-to-month,Electronic check,0
13917,910801-3763248,user_3916@example.com,Male,0,Yes,26,70.04,1865.53,Month-to-month,Bank transfer,0
13918,760116-4714040,user_3917@example.com,Female,0,Yes,8,101.63,834.08,Month-to-month,Mailed check,0
13919,771103-4726460,user_3918@example.com,Female,0,Yes,22,62.99,1391.81,One year,Credit card,0
13920,810409-2816373,user_3919@example.com,Female,0,No,32,75.73,2456.48,One year,Bank transfer,0
13921,900517-4187659,user_3920@example.com,Male,0,Yes,58,71.34,4110.41,Month-to-month,Credit card,0
13922,840103-2770015,user_3921@example.com,Female,0,Yes,10,22.33,152.58,Month-to-month,Mailed check,0
13923,950112-1148989,user_3922@example.com,Female,0,Yes,30,80.18,2441.55,Month-to-month,Electronic check,1
13924,800315-2491206,user_3923@example.com,Female,0,Yes,6,101.51,670.95,Month-to-month,Bank transfer,1
13925,771006-4609972,user_3924@example.com,Male,0,No,72,34.29,2412.97,One year,Electronic check,0
13926,841028-1525243,user_3925@example.com,Male,0,Yes,0,78.08,,One year,Credit card,0
13927,910619-3551251,user_3926@example.com,Male,0,Yes,18,78.01,1488.22,Month-to-month,Credit card,0
13928,750828-1755052,user_3927@example.com,Female,0,Yes,21,34.96,734.05,Month-to-month,Electronic check,0
13929,780921-4417534,user_3928@example.com,Female,0,No,23,30.88,669.34,Two year,Mailed check,0
13930,980810-4445218,user_3929@example.com,Female,0,Yes,2,116.75,239.65,Month-to-month,Credit card,1
13931,820508-4578408,user_3930@example.com,Male,0,No,55,57.97,3160.82,Month-to-month,Mailed check,0
13932,830114-4540867,user_3931@example.com,Male,0,No,3,41.3,,One year,Electronic check,1
13933,910504-1426287,user_3932@example.com,Female,1,No,19,35.68,699.58,One year,Mailed check,0
13934,800302-1907422,user_3933@example.com,Male,0,Yes,5,85.43,346.96,Month-to-month,Credit card,1
13935,950320-3905488,user_3934@example.com,Female,0,No,7,79.6,485.0,Two year,Electronic check,0
13936,701025-3473071,user_3935@example.com,Male,1,Yes,15,83.02,,Month-to-month,Mailed check,1
13937,891020-2238497,user_3936@example.com,Male,0,Yes,10,27.32,272.08,One year,Mailed check,1
13938,910717-4402636,user_3937@example.com,Female,0,No,3,108.08,341.42,Month-to-month,Bank transfer,1
13939,910904-3330872,user_3938@example.com,Female,0,No,3,57.52,266.32,One year,Credit card,0
13940,770208-3757335,user_3939@example.com,Female,1,No,10,49.92,504.43,Two year,Bank transfer,0
13941,740723-4959893,user_3940@example.com,Male,0,Yes,28,64.85,1845.71,Month-to-month,Mailed check,1
13942,790613-4219925,user_3941@example.com,Male,0,Yes,45,57.6,2543.22,One year,Credit card,0
13943,940226-4173454,user_3942@example.com,Male,0,No,1,105.07,143.47,Two year,Electronic check,1
13944,770127-1133485,user_3943@example.com,Male,0,No,9,111.66,978.62,Month-to-month,Electronic check,0
13945,870421-1749438,user_3944@example.com,Male,0,No,2,48.92,101.41,One year,Electronic check,0
13946,910701-3769631,user_3945@example.com,Male,0,Yes,0,105.11,,Two year,Mailed check,0
13947,750515-2553007,user_3946@example.com,Female,1,No,21,96.85,2085.5,One year,Mailed check,0
13948,911108-1668923,user_3947@example.com,Male,0,No,18,111.81,,Month-to-month,Electronic check,1
13949,750506-1392443,user_3948@example.com,Male,1,Yes,3,43.14,15.26,Month-to-month,Bank transfer,1
13950,700319-1196590,user_3949@example.com,Male,0,No,5,76.34,371.03,Month-to-month,Bank transfer,1
13951,880625-3936921,user_3950@example.com,Male,0,Yes,0,46.02,,Month-to-month,Credit card,0
13952,741016-3326856,user_3951@example.com,Male,0,No,36,101.12,3647.93,Month-to-month,Credit card,0
13953,940608-1643928,user_3952@example.com,Female,0,Yes,72,19.03,1431.77,Month-to-month,Electronic check,1
13954,770424-4215937,user_3953@example.com,Male,0,Yes,2,75.12,172.11,Month-to-month,Mailed check,1
13955,850309-2687715,user_3954@example.com,Female,0,Yes,5,52.51,234.36,Month-to-month,Mailed check,0
13956,710323-1432486,user_3955@example.com,Female,1,No,40,50.85,1917.73,Month-to-month,Credit card,1
13957,770323-3331712,user_3956@example.com,Male,0,No,52,83.15,4311.93,One year,Electronic check,0
13958,851222-3903169,user_3957@example.com,Male,0,No,10,103.86,1090.0,One year,Credit card,0
13959,840427-2706536,user_3958@example.com,Female,0,Yes,1,79.57,59.97,Month-to-month,Bank transfer,0
13960,911209-2329348,user_3959@example.com,Male,0,Yes,0,104.03,,Month-to-month,Electronic check,1
13961,930224-1736074,user_3960@example.com,Male,0,No,17,45.03,786.58,Month-to-month,Electronic check,1
13962,821203-3532275,user_3961@example.com,Male,1,Yes,9,70.58,584.46,Month-to-month,Electronic check,0
13963,821116-3917462,user_3962@example.com,Male,0,No,0,63.67,,Month-to-month,Bank transfer,0
13964,880209-2832034,user_3963@example.com,Male,0,Yes,17,19.67,416.25,One year,Electronic check,0
13965,720416-3369782,user_3964@example.com,Female,0,Yes,0,74.32,,Month-to-month,Credit card,0
13966,840926-4453909,user_3965@example.com,Female,1,No,30,84.82,2488.15,Two year,Bank transfer,0
13967,750518-2630795,user_3966@example.com,Female,0,Yes,7,77.84,541.55,Month-to-month,Mailed check,1
13968,740621-3220923,user_3967@example.com,Female,0,Yes,0,92.31,,Month-to-month,Credit card,0
13969,890314-1587130,user_3968@example.com,Female,0,Yes,17,75.78,1305.11,One year,Credit card,0
13970,890923-3293837,user_3969@example.com,Male,0,No,10,25.19,,One year,Credit card,0
13971,891223-3325041,user_3970@example.com,Male,0,Yes,72,30.17,2256.02,One year,Bank transfer,1
13972,810810-4305240,user_3971@example.com,Male,0,No,15,78.3,1164.8,Two year,Credit card,0
13973,741024-2497017,user_3972@example.com,Female,0,No,6,46.07,296.84,Month-to-month,Bank transfer,1
13974,931016-1523781,user_3973@example.com,Male,0,Yes,24,26.48,592.46,Two year,Electronic check,1
13975,750424-3160235,user_3974@example.com,Male,0,No,6,61.57,351.6,Month-to-month,Mailed check,0
13976,780110-4323927,user_3975@example.com,Female,1,No,46,74.07,,Two year,Electronic check,0
13977,780725-2187479,user_3976@example.com,Female,0,No,9,51.46,453.4,Month-to-month,Credit card,0
13978,940901-3872725,user_3977@example.com,Female,0,Yes,15,90.72,1345.53,Month-to-month,Bank transfer,0
13979,971123-4986473,user_3978@example.com,Male,0,No,1,83.04,98.0,One year,Bank transfer,0
13980,711204-2908876,user_3979@example.com,Female,0,Yes,11,51.87,539.39,Month-to-month,Electronic check,0
13981,891210-2917400,user_3980@example.com,Female,0,No,35,94.18,3300.47,Month-to-month,Credit card,1
13982,861023-4794186,user_3981@example.com,Female,1,Yes,32,83.53,2656.29,Month-to-month,Mailed check,1
13983,750925-3242083,user_3982@example.com,Male,0,Yes,5,82.4,395.43,One year,Bank transfer,0
13984,851224-4332026,user_3983@example.com,Female,0,No,5,73.98,373.92,Two year,Bank transfer,0
13985,850722-3975979,user_3984@example.com,Female,0,No,33,19.64,650.15,One year,Credit card,0
13986,840412-1918537,user_3985@example.com,Female,1,No,53,88.32,4719.02,Two year,Bank transfer,0
13987,921108-1961589,user_3986@example.com,Female,0,No,2,56.2,106.37,Month-to-month,Credit card,0
13988,841217-3226827,user_3987@example.com,Female,0,No,11,113.0,1225.51,Month-to-month,Credit card,0
13989,850911-4999762,user_3988@example.com,Female,0,Yes,8,100.5,794.96,Month-to-month,Mailed check,0
13990,980325-4766590,user_3989@example.com,Male,0,No,40,77.42,3061.07,One year,Credit card,0
13991,931211-3588827,user_3990@example.com,Male,1,Yes,1,43.78,25.78,Month-to-month,Electronic check,1
13992,820418-1497082,user_3991@example.com,Female,0,No,4,38.92,257.24,Month-to-month,Mailed check,0
13993,880412-3277071,user_3992@example.com,Male,0,No,27,52.62,1375.11,Month-to-month,Credit card,0
13994,700409-3320095,user_3993@example.com,Male,0,Yes,1,66.28,52.35,One year,Credit card,0
13995,820610-1714803,user_3994@example.com,Male,0,Yes,13,48.18,606.97,Month-to-month,Mailed check,0
13996,750303-2339369,user_3995@example.com,Female,1,Yes,11,70.12,758.96,Two year,Bank transfer,1
13997,930524-1902177,user_3996@example.com,Female,0,Yes,8,35.08,264.08,One year,Mailed check,0
13998,820713-2496909,user_3997@example.com,Male,0,No,10,116.52,1179.16,One year,Bank transfer,0
13999,970214-3874458,user_3998@example.com,Male,0,No,15,29.32,354.29,Two year,Mailed check,0
14000,820308-4425267,user_3999@example.com,Male,0,Yes,3,111.93,387.65,Month-to-month,Mailed check,0
14001,710421-4649928,user_4000@example.com,Male,1,Yes,16,110.09,,One year,Electronic check,1
14002,781110-3311541,user_4001@example.com,Female,0,Yes,32,71.17,2215.3,Two year,Mailed check,0
14003,800618-4564833,user_4002@example.com,Male,0,Yes,28,91.17,2439.31,One year,Electronic check,1
14004,890525-2929661,user_4003@example.com,Female,0,Yes,3,62.21,137.78,One year,Credit card,0
14005,871228-3320916,user_4004@example.com,Male,0,No,3,81.66,232.85,Month-to-month,Bank transfer,0
14006,711012-3331268,user_4005@example.com,Female,0,Yes,6,52.64,444.85,One year,Bank transfer,0
14007,790107-1834581,user_4006@example.com,Female,0,Yes,8,48.69,416.68,Month-to-month,Electronic check,1
14008,970617-4359422,user_4007@example.com,Female,0,Yes,10,76.47,674.32,Two year,Bank transfer,0
14009,760803-3970649,user_4008@example.com,Female,1,No,22,68.44,1471.2,Two year,Bank transfer,0
14010,860217-1978243,user_4009@example.com,Female,0,Yes,1,76.6,73.94,Two year,Mailed check,1
14011,760525-4461912,user_4010@example.com,Female,0,No,0,47.24,,One year,Electronic check,1
14012,750526-4827808,user_4011@example.com,Female,0,Yes,9,55.29,431.87,Month-to-month,Bank transfer,1
14013,840405-1509229,user_4012@example.com,Male,0,Yes,23,26.91,612.18,Month-to-month,Credit card,1
14014,940202-3670706,user_4013@example.com,Female,0,Yes,4,23.74,59.08,Two year,Electronic check,1
14015,881223-2737776,user_4014@example.com,Male,0,Yes,20,43.91,823.01,Month-to-month,Mailed check,0
14016,711117-2600281,user_4015@example.com,Male,0,No,6,25.94,168.62,Month-to-month,Credit card,1
14017,940328-3674080,user_4016@example.com,Male,0,Yes,43,28.9,1281.39,One year,Bank transfer,0
14018,740302-1729010,user_4017@example.com,Male,0,No,45,100.0,4542.05,Month-to-month,Bank transfer,0
14019,930817-2301424,user_4018@example.com,Male,0,No,7,22.4,185.52,One year,Electronic check,0
14020,770106-2711324,user_4019@example.com,Male,0,Yes,5,84.56,397.93,Month-to-month,Bank transfer,1
14021,800813-4836454,user_4020@example.com,Male,0,Yes,10,45.82,493.93,One year,Electronic check,0
14022,930826-2947522,user_4021@example.com,Female,0,No,5,105.87,,Two year,Bank transfer,0
14023,711204-4178468,user_4022@example.com,Male,0,Yes,22,67.12,1483.34,Month-to-month,Credit card,1
14024,850227-4808407,user_4023@example.com,Male,0,Yes,34,49.13,,Month-to-month,Mailed check,1
14025,821204-4218020,user_4024@example.com,Male,0,No,22,70.39,1523.74,Month-to-month,Credit card,0
14026,961215-1234916,user_4025@example.com,Male,0,Yes,34,56.79,1934.55,Two year,Mailed check,0
14027,850909-3179770,user_4026@example.com,Male,0,No,10,75.07,,Month-to-month,Electronic check,1
14028,730124-3340192,user_4027@example.com,Male,0,No,3,29.98,105.0,Month-to-month,Bank transfer,1
14029,850728-1629043,user_4028@example.com,Female,0,Yes,26,118.45,3049.14,One year,Credit card,0
14030,860423-1446193,user_4029@example.com,Male,0,No,8,61.16,447.66,Month-to-month,Bank transfer,0
14031,820905-2446410,user_4030@example.com,Male,0,Yes,22,53.41,1150.43,Two year,Electronic check,0
14032,970818-2600015,user_4031@example.com,Male,0,No,6,89.7,647.06,Two year,Mailed check,0
14033,730305-2840624,user_4032@example.com,Male,0,No,1,54.98,35.02,Month-to-month,Credit card,1
14034,970406-2842901,user_4033@example.com,Male,0,Yes,72,102.04,7392.22,One year,Mailed check,0
14035,870620-2345248,user_4034@example.com,Female,1,Yes,3,64.04,173.32,Month-to-month,Mailed check,1
14036,860204-4679618,user_4035@example.com,Male,0,No,72,90.64,6539.14,One year,Electronic check,0
14037,960503-4481485,user_4036@example.com,Male,0,No,72,29.27,2147.03,One year,Mailed check,0
14038,891108-1267400,user_4037@example.com,Female,0,Yes,31,103.32,3174.32,Month-to-month,Electronic check,1
14039,871126-3618345,user_4038@example.com,Male,0,No,21,92.26,1905.4,Month-to-month,Mailed check,0
14040,700420-4612982,user_4039@example.com,Female,0,No,17,39.72,758.18,Two year,Mailed check,0
14041,980505-3330489,user_4040@example.com,Female,0,Yes,40,33.06,1371.63,Month-to-month,Credit card,0
14042,900524-3923914,user_4041@example.com,Female,0,Yes,6,50.21,340.79,One year,Electronic check,0
14043,710820-1219559,user_4042@example.com,Male,0,No,12,116.35,1435.56,Month-to-month,Bank transfer,0
14044,740525-1451373,user_4043@example.com,Male,0,Yes,19,44.25,863.73,Month-to-month,Bank transfer,0
14045,740922-3655306,user_4044@example.com,Female,0,No,10,64.23,743.19,Two year,Bank transfer,0
14046,861112-4265815,user_4045@example.com,Female,0,No,11,21.51,238.81,Month-to-month,Credit card,1
14047,850118-2333380,user_4046@example.com,Male,0,No,8,58.32,495.42,One year,Credit card,0
14048,870607-3284575,user_4047@example.com,Male,0,Yes,16,75.77,1139.77,Month-to-month,Mailed check,1
14049,800804-2373256,user_4048@example.com,Female,0,Yes,38,114.05,4292.65,Month-to-month,Mailed check,1
14050,920315-1206840,user_4049@example.com,Female,0,Yes,4,70.3,221.16,Two year,Bank transfer,0
14051,821209-4129415,user_4050@example.com,Male,0,No,54,100.62,5497.18,One year,Mailed check,0
14052,780513-3442460,user_4051@example.com,Female,0,No,23,73.35,1559.42,Two year,Mailed check,1
14053,780606-3336009,user_4052@example.com,Female,0,No,34,22.59,747.94,Two year,Credit card,0
14054,831206-3842632,user_4053@example.com,Female,0,Yes,16,50.08,651.59,Two year,Bank transfer,0
14055,721216-3125605,user_4054@example.com,Female,1,No,30,76.2,2244.44,Two year,Electronic check,0
14056,821005-4175111,user_4055@example.com,Female,0,No,0,113.8,,Month-to-month,Bank transfer,1
14057,720220-3196550,user_4056@example.com,Male,0,No,34,104.63,3626.66,Two year,Credit card,0
14058,810410-4895912,user_4057@example.com,Male,0,No,0,41.39,,Month-to-month,Bank transfer,1
14059,981211-1615357,user_4058@example.com,Male,1,No,44,40.57,1743.42,Month-to-month,Electronic check,0
14060,880206-2800197,user_4059@example.com,Male,0,No,72,38.67,,Month-to-month,Mailed check,1
14061,700712-1621270,user_4060@example.com,Female,0,Yes,6,110.98,,Month-to-month,Bank transfer,0
14062,810421-3673893,user_4061@example.com,Male,0,Yes,4,103.98,,One year,Credit card,0
14063,830117-2804812,user_4062@example.com,Female,0,Yes,28,96.18,2632.91,Month-to-month,Credit card,0
14064,821111-4329570,user_4063@example.com,Male,0,No,5,57.87,239.85,Month-to-month,Bank transfer,1
14065,861002-2683611,user_4064@example.com,Female,0,Yes,40,69.06,2721.15,Month-to-month,Mailed check,0
14066,710727-1900315,user_4065@example.com,Female,0,No,2,65.05,132.42,Month-to-month,Mailed check,0
14067,910910-2201428,user_4066@example.com,Male,0,No,2,43.9,91.69,One year,Credit card,0
14068,880116-1174225,user_4067@example.com,Female,0,Yes,72,69.13,5054.56,Month-to-month,Credit card,0
14069,981111-3107914,user_4068@example.com,Female,0,No,22,21.56,493.57,Month-to-month,Electronic check,0
14070,791021-3218051,user_4069@example.com,Male,0,No,37,31.71,1037.89,Month-to-month,Mailed check,0
14071,791106-2749884,user_4070@example.com,Male,1,No,7,107.38,764.79,Month-to-month,Bank transfer,0
14072,800206-1602431,user_4071@example.com,Female,0,Yes,22,93.86,,One year,Credit card,0
14073,960620-1197768,user_4072@example.com,Male,0,No,18,60.89,1047.72,Month-to-month,Credit card,0
14074,830301-2858691,user_4073@example.com,Female,0,No,18,70.34,1225.51,Month-to-month,Credit card,0
14075,830704-3748179,user_4074@example.com,Male,0,Yes,22,55.59,1189.81,Month-to-month,Credit card,0
14076,781115-2334840,user_4075@example.com,Female,1,No,17,92.76,1508.16,Month-to-month,Mailed check,0
14077,811213-2815830,user_4076@example.com,Male,0,Yes,11,97.11,1078.38,Two year,Credit card,1
14078,920826-3877345,user_4077@example.com,Male,1,No,6,95.02,499.58,Month-to-month,Mailed check,0
14079,881202-1262111,user_4078@example.com,Male,0,Yes,29,90.94,,Two year,Electronic check,0
14080,980708-1832601,user_4079@example.com,Female,0,Yes,5,39.0,306.85,One year,Electronic check,0
14081,981125-4978112,user_4080@example.com,Male,1,Yes,23,52.38,1138.27,Month-to-month,Bank transfer,0
14082,890527-4106255,user_4081@example.com,Male,0,No,5,65.6,313.77,Two year,Credit card,1
14083,930528-2716808,user_4082@example.com,Female,0,No,19,51.66,855.37,One year,Bank transfer,0
14084,910819-1124290,user_4083@example.com,Male,0,No,27,94.18,2527.81,One year,Mailed check,0
14085,780620-4214115,user_4084@example.com,Female,1,No,4,51.52,238.22,Month-to-month,Bank transfer,0
14086,800412-3189958,user_4085@example.com,Male,0,Yes,1,32.36,68.39,One year,Bank transfer,0
14087,970810-4777014,user_4086@example.com,Male,0,Yes,2,58.5,120.87,Month-to-month,Credit card,0
14088,980813-4319575,user_4087@example.com,Male,0,Yes,18,116.74,2145.78,Month-to-month,Mailed check,0
14089,830716-1155315,user_4088@example.com,Female,0,No,37,41.14,1649.48,Two year,Mailed check,0
14090,881209-4460569,user_4089@example.com,Male,0,No,0,79.87,,Two year,Credit card,0
14091,770905-1292489,user_4090@example.com,Female,1,Yes,26,61.91,1583.53,Month-to-month,Mailed check,1
14092,740207-4231172,user_4091@example.com,Male,0,Yes,8,25.62,132.4,One year,Electronic check,0
14093,930620-3685143,user_4092@example.com,Male,0,Yes,13,67.41,856.02,One year,Credit card,0
14094,780509-4416112,user_4093@example.com,Female,0,Yes,52,88.89,4574.93,Month-to-month,Credit card,0
14095,930823-1772789,user_4094@example.com,Female,0,Yes,8,69.95,582.17,Month-to-month,Credit card,0
14096,870627-4319201,user_4095@example.com,Male,1,Yes,12,105.93,,Month-to-month,Electronic check,1
14097,820214-3837663,user_4096@example.com,Female,0,Yes,0,47.47,,One year,Mailed check,0
14098,801017-3534196,user_4097@example.com,Female,0,Yes,1,27.15,69.05,Two year,Electronic check,0
14099,860921-1329235,user_4098@example.com,Male,0,No,5,112.39,556.92,Month-to-month,Electronic check,0
14100,880823-1139680,user_4099@example.com,Female,0,Yes,0,56.41,,One year,Electronic check,0
14101,740523-3133049,user_4100@example.com,Female,0,Yes,19,76.28,1508.06,One year,Bank transfer,0
14102,700122-2747720,user_4101@example.com,Male,0,No,11,97.9,982.95,One year,Mailed check,0
14103,881205-1646288,user_4102@example.com,Male,0,No,15,51.01,748.76,Month-to-month,Mailed check,0
14104,910412-2247356,user_4103@example.com,Female,1,No,3,90.3,268.82,Month-to-month,Credit card,0
14105,820808-1257944,user_4104@example.com,Female,0,No,7,32.08,225.36,Two year,Credit card,0
14106,800401-1450940,user_4105@example.com,Female,0,No,21,47.7,,Month-to-month,Bank transfer,1
14107,900813-3562134,user_4106@example.com,Male,0,Yes,67,33.01,2242.19,Month-to-month,Electronic check,0
14108,900815-1496640,user_4107@example.com,Female,0,Yes,1,99.83,98.06,Two year,Credit card,0
14109,800415-1406211,user_4108@example.com,Male,0,No,44,40.82,1777.68,Month-to-month,Mailed check,1
14110,750912-1606409,user_4109@example.com,Male,0,No,17,90.42,1516.76,Two year,Credit card,0
14111,960201-3690333,user_4110@example.com,Female,1,Yes,16,113.07,1778.54,Month-to-month,Electronic check,0
14112,710908-2786706,user_4111@example.com,Female,1,No,13,71.41,967.71,Month-to-month,Bank transfer,0
14113,751119-1395707,user_4112@example.com,Female,0,Yes,1,72.64,40.31,Month-to-month,Electronic check,1
14114,791018-2905809,user_4113@example.com,Female,0,No,1,64.72,,Month-to-month,Credit card,1
14115,721210-4374735,user_4114@example.com,Female,0,Yes,18,51.17,922.01,Month-to-month,Bank transfer,0
14116,940918-1474487,user_4115@example.com,Male,0,No,8,66.18,503.38,One year,Bank transfer,0
14117,830314-2911914,user_4116@example.com,Female,1,No,49,78.93,3898.49,Month-to-month,Electronic check,0
14118,950803-3220684,user_4117@example.com,Female,0,No,10,117.35,1137.13,Two year,Credit card,0
14119,770601-2224289,user_4118@example.com,Male,0,No,3,112.51,369.44,Month-to-month,Electronic check,0
14120,820216-2749958,user_4119@example.com,Male,0,No,25,104.93,2633.89,Month-to-month,Credit card,0
14121,910217-1151754,user_4120@example.com,Male,0,Yes,6,107.64,616.02,Month-to-month,Credit card,1
14122,871010-2974637,user_4121@example.com,Male,0,No,14,65.4,942.03,One year,Mailed check,0
14123,711109-4490092,user_4122@example.com,Male,0,No,23,84.41,1968.76,Month-to-month,Bank transfer,0
14124,900720-4200865,user_4123@example.com,Female,0,Yes,46,108.23,,Month-to-month,Credit card,0
14125,720501-4199219,user_4124@example.com,Male,1,No,31,57.89,,Two year,Electronic check,0
14126,980418-1176524,user_4125@example.com,Male,0,No,22,114.92,2552.8,Month-to-month,Electronic check,1
14127,750906-3465041,user_4126@example.com,Male,0,Yes,22,60.18,1267.58,Month-to-month,Mailed check,1
14128,860401-4205759,user_4127@example.com,Female,0,Yes,58,78.76,4690.51,Month-to-month,Mailed check,0
14129,771113-1823924,user_4128@example.com,Male,0,No,7,89.66,557.44,One year,Mailed check,0
14130,830917-4208631,user_4129@example.com,Female,0,No,0,113.8,,Month-to-month,Bank transfer,1
14131,930108-3848443,user_4130@example.com,Female,0,No,6,43.02,279.68,Two year,Mailed check,0
14132,881123-2378842,user_4131@example.com,Female,1,No,4,93.3,314.49,One year,Bank transfer,0
14133,700516-4524851,user_4132@example.com,Female,0,Yes,21,70.71,1478.69,One year,Mailed check,0
14134,970516-3285757,user_4133@example.com,Female,0,Yes,20,45.42,904.46,Month-to-month,Bank transfer,1
14135,920217-2747003,user_4134@example.com,Male,0,Yes,18,96.35,,Two year,Credit card,0
14136,701123-4918941,user_4135@example.com,Female,0,No,0,73.86,,Month-to-month,Mailed check,1
14137,710407-3125829,user_4136@example.com,Female,0,Yes,26,84.76,2190.66,One year,Bank transfer,0
14138,710419-1371125,user_4137@example.com,Male,1,No,7,50.87,239.29,Month-to-month,Credit card,0
14139,981202-2261452,user_4138@example.com,Male,0,Yes,21,66.75,1488.49,One year,Mailed check,0
14140,720528-2919604,user_4139@example.com,Female,0,No,16,80.39,1232.72,Month-to-month,Credit card,0
14141,970101-3114013,user_4140@example.com,Male,0,Yes,8,59.09,489.07,Month-to-month,Mailed check,1
14142,950713-2654368,user_4141@example.com,Female,0,Yes,2,38.39,71.71,Two year,Electronic check,1
14143,800622-1978239,user_4142@example.com,Male,0,Yes,1,114.9,110.0,Month-to-month,Bank transfer,0
14144,801017-3190864,user_4143@example.com,Female,0,Yes,35,69.77,2482.44,Month-to-month,Electronic check,0
14145,811210-4138036,user_4144@example.com,Female,0,Yes,50,92.08,4687.56,One year,Bank transfer,0
14146,960606-1322835,user_4145@example.com,Female,0,No,20,59.71,1206.77,One year,Electronic check,0
14147,950805-2473438,user_4146@example.com,Male,0,Yes,2,54.1,140.95,Month-to-month,Mailed check,0
14148,710108-2742076,user_4147@example.com,Male,1,Yes,10,59.32,609.64,Month-to-month,Electronic check,1
14149,780508-3260682,user_4148@example.com,Male,1,Yes,26,59.52,1598.4,Two year,Mailed check,0
14150,790123-4951340,user_4149@example.com,Male,0,No,30,73.05,2168.35,One year,Bank transfer,0
14151,910915-3606988,user_4150@example.com,Female,0,No,2,72.98,199.73,Month-to-month,Mailed check,1
14152,820925-1160355,user_4151@example.com,Male,0,No,0,68.34,,Two year,Electronic check,0
14153,911015-4821620,user_4152@example.com,Male,0,Yes,24,32.01,822.37,Month-to-month,Credit card,0
14154,971021-4416126,user_4153@example.com,Female,1,Yes,8,68.23,512.83,Month-to-month,Bank transfer,1
14155,790517-1754476,user_4154@example.com,Female,0,Yes,5,35.45,168.83,Month-to-month,Credit card,0
14156,900528-3369355,user_4155@example.com,Male,0,Yes,0,31.15,,Month-to-month,Credit card,1
14157,810921-4347105,user_4156@example.com,Female,0,No,15,112.0,1611.46,Two year,Credit card,0
14158,900924-2970200,user_4157@example.com,Male,0,No,38,79.15,3087.45,Month-to-month,Credit card,0
14159,920201-2183148,user_4158@example.com,Male,0,Yes,63,84.61,5329.82,Month-to-month,Credit card,0
14160,721120-1348510,user_4159@example.com,Male,0,Yes,16,58.78,954.68,Two year,Electronic check,0
14161,740226-1281212,user_4160@example.com,Female,1,Yes,14,109.63,1505.97,Month-to-month,Mailed check,1
14162,870922-4760923,user_4161@example.com,Female,0,Yes,1,82.45,16.11,One year,Mailed check,0
14163,810518-3832257,user_4162@example.com,Female,0,Yes,15,95.61,1403.95,Month-to-month,Credit card,1
14164,790610-2109282,user_4163@example.com,Female,0,Yes,9,55.45,510.01,One year,Electronic check,0
14165,930524-3245725,user_4164@example.com,Female,0,Yes,18,114.74,2098.99,Month-to-month,Credit card,0
14166,821124-4445040,user_4165@example.com,Male,0,No,9,100.75,914.84,Month-to-month,Credit card,0
14167,751113-1315563,user_4166@example.com,Male,0,Yes,5,104.11,537.89,One year,Bank transfer,0
14168,720502-3469987,user_4167@example.com,Female,0,Yes,1,35.76,18.91,One year,Electronic check,0
14169,910113-2988143,user_4168@example.com,Male,0,Yes,7,45.66,,One year,Credit card,0
14170,710927-4471844,user_4169@example.com,Male,0,No,2,47.13,168.4,One year,Mailed check,0
14171,911019-1735679,user_4170@example.com,Female,0,No,3,45.66,,Month-to-month,Bank transfer,1
14172,880428-3358696,user_4171@example.com,Female,0,Yes,72,104.25,7546.48,Month-to-month,Credit card,1
14173,851024-2850151,user_4172@example.com,Female,0,Yes,11,21.7,253.4,One year,Credit card,0
14174,700410-3977551,user_4173@example.com,Male,0,No,15,26.13,,One year,Credit card,1
14175,730202-1112202,user_4174@example.com,Female,0,No,41,45.96,1832.13,One year,Electronic check,0
14176,790906-3338906,user_4175@example.com,Male,0,No,72,38.54,,One year,Credit card,0
14177,840419-3222868,user_4176@example.com,Female,0,No,17,41.74,709.03,Month-to-month,Mailed check,0
14178,960602-3344271,user_4177@example.com,Female,0,No,33,98.49,3272.16,Month-to-month,Bank transfer,0
14179,920115-2581916,user_4178@example.com,Female,0,No,7,74.95,608.47,Month-to-month,Electronic check,0
14180,821207-1359199,user_4179@example.com,Female,0,Yes,7,19.08,,Two year,Bank transfer,0
14181,890403-1575970,user_4180@example.com,Female,0,No,10,61.54,678.34,One year,Mailed check,0
14182,850403-4444967,user_4181@example.com,Male,0,Yes,22,59.39,1311.31,One year,Credit card,0
14183,950815-1213036,user_4182@example.com,Male,0,Yes,22,29.92,617.88,Month-to-month,Electronic check,0
14184,840712-3684327,user_4183@example.com,Female,0,Yes,7,86.28,601.07,Month-to-month,Credit card,1
14185,790208-2832977,user_4184@example.com,Female,1,No,2,88.89,,Two year,Electronic check,0
14186,810627-2587442,user_4185@example.com,Male,0,Yes,20,90.77,1893.31,Two year,Credit card,0
14187,960516-1601416,user_4186@example.com,Female,1,No,2,91.53,222.58,Month-to-month,Mailed check,0
14188,790312-1844725,user_4187@example.com,Female,0,Yes,17,18.51,340.7,One year,Mailed check,0
14189,860307-4429288,user_4188@example.com,Male,0,No,23,114.13,2686.79,Month-to-month,Credit card,1
14190,920509-3263149,user_4189@example.com,Male,0,No,24,100.12,2301.88,Month-to-month,Mailed check,1
14191,830824-4494115,user_4190@example.com,Male,0,No,28,109.12,3084.77,One year,Credit card,0
14192,850926-1710263,user_4191@example.com,Male,0,No,41,20.07,757.34,One year,Electronic check,0
14193,720217-1569994,user_4192@example.com,Male,0,No,13,112.12,1457.2,One year,Mailed check,0
14194,950307-2556354,user_4193@example.com,Female,0,No,26,99.68,,Month-to-month,Electronic check,0
14195,980825-4226423,user_4194@example.com,Male,1,Yes,19,102.43,1979.26,Month-to-month,Credit card,0
14196,741110-4533489,user_4195@example.com,Male,0,Yes,4,27.85,122.81,Month-to-month,Electronic check,1
14197,750818-2682006,user_4196@example.com,Male,0,No,0,92.56,,Month-to-month,Bank transfer,0
14198,781125-2151265,user_4197@example.com,Male,0,Yes,6,114.73,658.29,Month-to-month,Credit card,1
14199,860722-2459769,user_4198@example.com,Male,0,No,11,86.52,987.18,Month-to-month,Mailed check,0
14200,821028-4760666,user_4199@example.com,Female,0,Yes,19,75.7,1446.41,Month-to-month,Mailed check,0
14201,800916-1541654,user_4200@example.com,Female,0,No,37,113.3,4110.34,Month-to-month,Bank transfer,1
14202,740506-3563937,user_4201@example.com,Male,0,Yes,4,62.9,205.67,One year,Credit card,0
14203,961119-4525624,user_4202@example.com,Female,0,Yes,2,78.58,149.67,One year,Credit card,0
14204,890613-1421298,user_4203@example.com,Female,0,No,66,66.25,4428.11,One year,Credit card,0
14205,720916-1767580,user_4204@example.com,Female,0,No,2,112.02,,Month-to-month,Credit card,1
14206,720315-2910700,user_4205@example.com,Female,0,No,13,26.13,281.31,Month-to-month,Electronic check,1
14207,860525-1854407,user_4206@example.com,Female,1,No,17,68.74,1161.56,Month-to-month,Credit card,1
14208,910903-1881128,user_4207@example.com,Male,0,Yes,15,87.37,1411.44,Month-to-month,Electronic check,1
14209,931215-4534832,user_4208@example.com,Female,0,No,1,97.89,103.45,Month-to-month,Electronic check,1
14210,780808-2640168,user_4209@example.com,Male,0,No,1,76.95,60.58,Month-to-month,Mailed check,1
14211,840818-2945435,user_4210@example.com,Male,0,Yes,2,109.62,243.83,One year,Credit card,1
14212,800814-1666252,user_4211@example.com,Female,0,No,17,112.93,1957.98,Two year,Electronic check,0
14213,911125-4814891,user_4212@example.com,Male,0,No,15,24.95,351.44,Month-to-month,Credit card,0
14214,900826-2420459,user_4213@example.com,Male,0,No,5,58.84,319.33,Two year,Bank transfer,0
14215,740121-3954336,user_4214@example.com,Female,0,No,20,20.85,400.56,Month-to-month,Electronic check,1
14216,821003-2566863,user_4215@example.com,Male,0,No,34,51.52,1787.65,One year,Mailed check,0
14217,970119-4341192,user_4216@example.com,Female,1,Yes,0,72.32,,One year,Credit card,1
14218,920423-3560234,user_4217@example.com,Female,0,No,13,109.81,1451.63,Two year,Mailed check,0
14219,920811-2525997,user_4218@example.com,Male,0,Yes,23,103.37,2339.55,Month-to-month,Electronic check,0
14220,730409-4609038,user_4219@example.com,Female,1,No,5,31.28,115.34,Month-to-month,Electronic check,1
14221,960406-1149391,user_4220@example.com,Female,0,Yes,7,27.83,242.08,Month-to-month,Mailed check,0
14222,851215-2797044,user_4221@example.com,Female,0,Yes,19,77.57,1469.86,Month-to-month,Credit card,0
14223,810718-4780010,user_4222@example.com,Female,1,Yes,45,71.84,3247.05,Two year,Electronic check,0
14224,760603-1139182,user_4223@example.com,Female,0,Yes,33,45.2,1476.28,One year,Bank transfer,0
14225,710402-2844875,user_4224@example.com,Female,0,No,17,108.67,1892.33,One year,Mailed check,1
14226,760906-2224452,user_4225@example.com,Female,0,No,26,111.47,2867.83,Month-to-month,Electronic check,1
14227,951128-2513315,user_4226@example.com,Male,1,Yes,9,58.86,,Two year,Credit card,1
14228,791120-4282532,user_4227@example.com,Female,0,Yes,20,107.75,2194.3,Month-to-month,Electronic check,0
14229,860203-3275564,user_4228@example.com,Female,0,No,12,56.99,742.53,Month-to-month,Credit card,1
14230,980119-3455637,user_4229@example.com,Female,0,No,4,92.37,343.29,Two year,Credit card,0
14231,710416-4358096,user_4230@example.com,Male,0,Yes,24,66.21,1687.02,Month-to-month,Electronic check,1
14232,970512-2324221,user_4231@example.com,Male,0,No,16,30.79,508.3,Month-to-month,Bank transfer,1
14233,931006-4330603,user_4232@example.com,Female,1,Yes,8,111.53,840.09,Month-to-month,Credit card,1
14234,860204-3241592,user_4233@example.com,Female,1,No,48,64.02,3091.41,One year,Mailed check,0
14235,860709-1438837,user_4234@example.com,Female,0,No,0,92.13,,One year,Credit card,0
14236,810716-4658082,user_4235@example.com,Male,1,Yes,7,55.31,408.87,Month-to-month,Credit card,0
14237,900409-1957763,user_4236@example.com,Male,1,No,1,20.39,18.25,One year,Bank transfer,0
14238,970201-3285409,user_4237@example.com,Female,0,No,29,28.58,832.53,One year,Credit card,0
14239,740614-1649011,user_4238@example.com,Male,1,No,24,68.25,,Two year,Electronic check,1
14240,890401-2290034,user_4239@example.com,Female,1,Yes,8,87.67,750.86,One year,Bank transfer,0
14241,730105-2374376,user_4240@example.com,Female,0,No,22,52.06,1087.51,One year,Credit card,1
14242,861207-2746185,user_4241@example.com,Female,0,No,10,88.22,826.76,One year,Electronic check,0
14243,971125-4365197,user_4242@example.com,Male,0,No,28,88.54,2497.49,Month-to-month,Electronic check,0
14244,721227-3643626,user_4243@example.com,Male,0,No,12,89.07,1148.98,Month-to-month,Credit card,1
14245,790809-4227742,user_4244@example.com,Male,0,No,10,67.88,661.17,Month-to-month,Mailed check,1
14246,920614-4277367,user_4245@example.com,Female,0,Yes,54,110.22,5986.93,Month-to-month,Mailed check,0
14247,780806-4121144,user_4246@example.com,Female,1,No,5,67.54,391.37,Month-to-month,Credit card,1
14248,750602-1435383,user_4247@example.com,Male,0,No,2,63.64,168.01,Month-to-month,Credit card,1
14249,741003-1661386,user_4248@example.com,Female,1,Yes,17,38.49,638.77,Month-to-month,Electronic check,1
14250,950709-1689789,user_4249@example.com,Male,1,Yes,69,49.34,3349.91,Month-to-month,Credit card,0
14251,850712-4611373,user_4250@example.com,Male,0,Yes,9,22.74,94.28,Month-to-month,Credit card,1
14252,950526-2302107,user_4251@example.com,Female,0,No,1,82.01,68.87,One year,Electronic check,0
14253,930717-2759683,user_4252@example.com,Male,0,No,8,43.42,406.26,Two year,Credit card,0
14254,980815-3345973,user_4253@example.com,Female,0,Yes,14,48.99,629.65,Month-to-month,Credit card,0
14255,960402-4355264,user_4254@example.com,Female,0,Yes,3,95.77,322.32,Month-to-month,Credit card,1
14256,900820-1623587,user_4255@example.com,Female,0,No,21,51.3,1029.79,Month-to-month,Electronic check,0
14257,740528-2367296,user_4256@example.com,Male,0,No,72,42.78,3085.46,Month-to-month,Credit card,1
14258,710610-2333988,user_4257@example.com,Male,0,No,12,35.45,,Month-to-month,Mailed check,0
14259,780721-3268204,user_4258@example.com,Male,1,Yes,8,96.18,736.47,One year,Credit card,0
14260,971209-2223600,user_4259@example.com,Male,0,No,10,31.5,323.52,Month-to-month,Mailed check,0
14261,720212-3939336,user_4260@example.com,Female,0,Yes,2,63.99,107.23,One year,Credit card,0
14262,851218-4117013,user_4261@example.com,Male,0,Yes,42,69.32,2946.7,One year,Electronic check,0
14263,710301-2480753,user_4262@example.com,Male,0,Yes,10,87.41,885.87,Month-to-month,Mailed check,1
14264,720606-4701142,user_4263@example.com,Female,1,No,9,81.99,740.74,Month-to-month,Credit card,0
14265,870607-2937057,user_4264@example.com,Female,0,No,21,99.77,2173.09,Month-to-month,Credit card,1
14266,840617-2495911,user_4265@example.com,Female,0,Yes,11,22.99,286.01,Month-to-month,Credit card,1
14267,770704-4959428,user_4266@example.com,Female,0,Yes,20,48.22,929.88,Month-to-month,Credit card,1
14268,770425-3460401,user_4267@example.com,Male,0,No,1,46.58,42.29,Two year,Electronic check,0
14269,910505-3928398,user_4268@example.com,Female,0,Yes,33,33.14,1089.83,Two year,Bank transfer,0
14270,960610-3957267,user_4269@example.com,Male,0,Yes,56,47.49,2663.46,Two year,Mailed check,0
14271,840428-1567583,user_4270@example.com,Male,0,No,20,49.55,1117.23,Month-to-month,Credit card,0
14272,771013-1319779,user_4271@example.com,Male,0,No,61,70.82,,Month-to-month,Electronic check,0
14273,711126-1139231,user_4272@example.com,Female,0,No,3,85.04,153.32,Month-to-month,Bank transfer,0
14274,710726-3654126,user_4273@example.com,Female,1,Yes,12,56.71,653.38,Month-to-month,Electronic check,1
14275,940415-1238594,user_4274@example.com,Male,0,Yes,18,90.63,,Month-to-month,Credit card,0
14276,830715-1880712,user_4275@example.com,Male,0,No,17,52.2,870.91,One year,Bank transfer,0
14277,970704-3545792,user_4276@example.com,Female,0,No,10,47.6,376.63,Month-to-month,Mailed check,0
14278,840215-2715266,user_4277@example.com,Female,0,Yes,8,72.75,538.42,Two year,Mailed check,1
14279,741205-4303862,user_4278@example.com,Male,0,Yes,2,20.88,,Two year,Electronic check,0
14280,941025-2283134,user_4279@example.com,Male,0,No,9,26.5,257.71,Month-to-month,Mailed check,0
14281,921213-3275335,user_4280@example.com,Female,0,No,3,60.4,,Two year,Mailed check,0
14282,890714-2766023,user_4281@example.com,Female,0,No,26,113.03,2953.93,Month-to-month,Bank transfer,0
14283,840105-4952152,user_4282@example.com,Male,0,No,4,90.83,358.09,Month-to-month,Mailed check,1
14284,940326-2330747,user_4283@example.com,Female,0,Yes,1,27.33,0.0,One year,Bank transfer,1
14285,840221-4912862,user_4284@example.com,Female,0,No,16,103.34,1679.12,Month-to-month,Bank transfer,1
14286,761214-4748307,user_4285@example.com,Female,0,Yes,18,91.91,1750.49,Two year,Bank transfer,0
14287,880924-3739354,user_4286@example.com,Male,1,Yes,41,79.75,3290.21,One year,Mailed check,0
14288,761108-4667689,user_4287@example.com,Female,0,No,17,100.73,1691.11,Two year,Electronic check,0
14289,931101-4616969,user_4288@example.com,Female,0,No,8,59.01,400.68,Two year,Electronic check,0
14290,760603-3766011,user_4289@example.com,Female,0,Yes,32,40.71,1257.32,Month-to-month,Mailed check,0
14291,731006-2159129,user_4290@example.com,Female,0,Yes,15,69.83,1070.1,Month-to-month,Bank transfer,1
14292,730907-3994522,user_4291@example.com,Female,0,Yes,1,73.52,127.18,Month-to-month,Mailed check,0
14293,741202-2825237,user_4292@example.com,Female,0,Yes,16,72.47,1172.56,Month-to-month,Credit card,1
14294,781209-1538086,user_4293@example.com,Female,0,No,47,75.15,3572.04,Month-to-month,Electronic check,0
14295,761002-4930717,user_4294@example.com,Female,1,No,10,113.61,1171.48,Two year,Bank transfer,0
14296,971004-1652487,user_4295@example.com,Male,1,Yes,7,108.95,787.98,Month-to-month,Mailed check,0
14297,911114-1195454,user_4296@example.com,Male,0,Yes,3,106.29,285.95,Two year,Bank transfer,0
14298,850710-3294762,user_4297@example.com,Female,0,No,3,98.84,305.22,One year,Credit card,0
14299,750927-4772169,user_4298@example.com,Male,1,Yes,11,113.08,1201.46,Month-to-month,Bank transfer,1
14300,950922-2891496,user_4299@example.com,Female,0,Yes,18,28.37,511.53,Month-to-month,Credit card,0
14301,950903-3264834,user_4300@example.com,Female,0,Yes,1,45.08,61.62,Month-to-month,Electronic check,0
14302,890926-4400831,user_4301@example.com,Male,0,Yes,56,68.13,3899.22,Month-to-month,Bank transfer,1
14303,910813-2606244,user_4302@example.com,Male,0,Yes,28,103.37,,Month-to-month,Mailed check,0
14304,820728-1600050,user_4303@example.com,Female,0,Yes,17,69.14,1199.46,Month-to-month,Bank transfer,0
14305,930314-4106041,user_4304@example.com,Female,0,No,35,93.49,3346.21,One year,Bank transfer,0
14306,790606-2707521,user_4305@example.com,Female,0,Yes,1,32.43,70.37,Month-to-month,Credit card,1
14307,880320-4599459,user_4306@example.com,Male,0,Yes,12,43.8,567.25,One year,Credit card,0
14308,951011-3751391,user_4307@example.com,Male,0,Yes,19,91.86,1774.72,Two year,Mailed check,0
14309,860914-2370850,user_4308@example.com,Female,0,Yes,35,35.01,1290.27,Month-to-month,Electronic check,0
14310,710622-1292928,user_4309@example.com,Female,1,Yes,30,53.72,1557.23,Month-to-month,Electronic check,1
14311,731015-1880965,user_4310@example.com,Female,0,No,6,45.05,201.0,One year,Credit card,0
14312,900303-3583861,user_4311@example.com,Male,0,No,56,53.57,,Two year,Mailed check,1
14313,890419-2949219,user_4312@example.com,Female,0,No,2,89.51,70.96,Month-to-month,Bank transfer,1
14314,770326-3306272,user_4313@example.com,Female,0,Yes,41,55.38,2332.11,Month-to-month,Mailed check,1
14315,950615-3452648,user_4314@example.com,Female,1,No,70,74.17,5252.94,Month-to-month,Mailed check,1
14316,720219-4457199,user_4315@example.com,Male,0,Yes,3,28.52,63.89,Month-to-month,Mailed check,1
14317,970318-4750508,user_4316@example.com,Female,0,Yes,25,99.2,2461.46,Month-to-month,Electronic check,1
14318,960408-3520153,user_4317@example.com,Female,0,Yes,0,55.58,,Month-to-month,Bank transfer,0
14319,940823-2636114,user_4318@example.com,Male,0,No,10,83.52,837.8,One year,Mailed check,0
14320,950424-4523377,user_4319@example.com,Male,0,No,14,91.22,1283.44,Month-to-month,Electronic check,0
14321,841206-4424990,user_4320@example.com,Male,0,Yes,17,39.52,699.75,Month-to-month,Electronic check,1
14322,980123-4522475,user_4321@example.com,Male,0,No,54,107.19,5779.63,Month-to-month,Credit card,0
14323,860505-1895781,user_4322@example.com,Female,0,Yes,22,80.28,1813.32,Two year,Bank transfer,1
14324,841208-3910131,user_4323@example.com,Male,0,No,13,61.48,821.54,Month-to-month,Mailed check,0
14325,851223-3650478,user_4324@example.com,Male,0,Yes,33,36.78,1183.39,Two year,Bank transfer,0
14326,890224-1178457,user_4325@example.com,Female,1,No,60,112.97,6844.96,Month-to-month,Credit card,0
14327,891218-3155572,user_4326@example.com,Male,0,No,0,94.2,,Month-to-month,Credit card,1
14328,780709-1283177,user_4327@example.com,Male,1,No,72,39.35,2828.59,Month-to-month,Mailed check,0
14329,790527-2364551,user_4328@example.com,Female,0,No,1,52.36,100.71,One year,Electronic check,1
14330,790611-4386593,user_4329@example.com,Female,0,Yes,33,99.67,3252.96,Month-to-month,Credit card,1
14331,751214-2977479,user_4330@example.com,Female,0,No,6,88.24,544.92,One year,Electronic check,0
14332,720522-3248965,user_4331@example.com,Female,0,No,2,95.27,217.71,One year,Credit card,0
14333,870807-2211971,user_4332@example.com,Male,1,No,11,62.73,647.0,One year,Bank transfer,0
14334,920916-3778473,user_4333@example.com,Female,0,Yes,20,90.33,1802.98,Month-to-month,Mailed check,1
14335,950816-1715175,user_4334@example.com,Female,0,No,9,57.25,507.42,Two year,Credit card,0
14336,890427-3542931,user_4335@example.com,Female,0,No,1,39.68,12.09,Month-to-month,Bank transfer,0
14337,961010-3399032,user_4336@example.com,Male,0,Yes,18,81.93,1589.82,Month-to-month,Credit card,1
14338,970925-2758379,user_4337@example.com,Female,0,Yes,46,116.35,5313.94,Month-to-month,Mailed check,1
14339,950601-4974891,user_4338@example.com,Male,1,Yes,9,49.64,497.01,One year,Bank transfer,0
14340,930623-2852770,user_4339@example.com,Male,0,Yes,4,64.71,239.2,Month-to-month,Electronic check,0
14341,750321-1158643,user_4340@example.com,Female,0,No,11,86.07,892.44,Month-to-month,Credit card,0
14342,900804-1391698,user_4341@example.com,Male,0,No,0,72.79,,Month-to-month,Credit card,0
14343,970707-1280825,user_4342@example.com,Female,0,Yes,34,103.05,3536.15,Month-to-month,Bank transfer,1
14344,860826-1635374,user_4343@example.com,Male,1,Yes,35,94.86,3366.13,Month-to-month,Mailed check,0
14345,890307-4634252,user_4344@example.com,Female,0,Yes,17,24.34,491.89,Month-to-month,Credit card,0
14346,700705-2670311,user_4345@example.com,Female,0,No,8,118.59,1095.98,Month-to-month,Bank transfer,0
14347,840206-4989700,user_4346@example.com,Female,0,Yes,32,93.93,,Month-to-month,Mailed check,0
14348,911126-4727208,user_4347@example.com,Male,0,No,16,105.11,1648.61,Two year,Credit card,0
14349,820303-3880077,user_4348@example.com,Female,0,Yes,34,83.78,2871.16,Month-to-month,Bank transfer,1
14350,951221-2142782,user_4349@example.com,Male,0,No,19,104.34,1969.15,Month-to-month,Mailed check,1
14351,891109-3772971,user_4350@example.com,Male,1,No,30,29.77,939.4,Month-to-month,Credit card,1
14352,771209-2689585,user_4351@example.com,Female,0,Yes,18,53.36,895.62,One year,Credit card,0
14353,930111-1808993,user_4352@example.com,Male,1,Yes,10,106.36,1182.02,Month-to-month,Mailed check,1
14354,980721-2157037,user_4353@example.com,Male,0,No,63,38.72,2482.16,Month-to-month,Mailed check,0
14355,921203-2208387,user_4354@example.com,Female,0,Yes,15,26.34,310.9,Month-to-month,Bank transfer,1
14356,811002-1438117,user_4355@example.com,Male,0,Yes,18,97.51,1719.73,Two year,Credit card,1
14357,740508-1292631,user_4356@example.com,Male,0,No,4,102.26,,One year,Credit card,0
14358,770120-1556109,user_4357@example.com,Female,0,No,19,34.81,720.21,Month-to-month,Bank transfer,0
14359,711104-4945561,user_4358@example.com,Female,0,Yes,16,104.15,1602.79,Month-to-month,Credit card,1
14360,850712-1997988,user_4359@example.com,Female,1,Yes,4,87.35,385.05,Month-to-month,Credit card,0
14361,770405-3926777,user_4360@example.com,Female,0,No,1,70.64,0.0,Month-to-month,Credit card,1
14362,970321-4761010,user_4361@example.com,Male,0,Yes,18,101.73,1826.67,One year,Electronic check,0
14363,731119-1791329,user_4362@example.com,Male,0,No,28,60.53,1750.44,Month-to-month,Mailed check,1
14364,940326-2670640,user_4363@example.com,Female,0,No,14,37.95,503.72,One year,Electronic check,0
14365,900418-3421487,user_4364@example.com,Male,0,No,5,47.06,159.95,Month-to-month,Electronic check,1
14366,971208-1613413,user_4365@example.com,Female,0,No,21,69.14,1459.25,One year,Mailed check,0
14367,930211-2481840,user_4366@example.com,Female,0,No,1,71.77,41.53,Month-to-month,Electronic check,0
14368,790315-4538326,user_4367@example.com,Male,0,Yes,11,99.26,1123.34,Month-to-month,Bank transfer,1
14369,970122-3220786,user_4368@example.com,Female,0,No,3,97.83,249.22,One year,Electronic check,0
14370,960808-1592842,user_4369@example.com,Male,1,No,4,76.78,,Month-to-month,Bank transfer,1
14371,710221-4315403,user_4370@example.com,Male,0,No,4,96.77,286.03,One year,Mailed check,0
14372,730517-3537718,user_4371@example.com,Male,0,Yes,9,37.73,348.07,Two year,Credit card,0
14373,881014-3762457,user_4372@example.com,Female,0,Yes,1,23.52,15.47,Month-to-month,Mailed check,0
14374,830809-4762858,user_4373@example.com,Male,0,No,10,106.08,1001.38,Two year,Mailed check,0
14375,810223-4236939,user_4374@example.com,Male,0,No,14,26.07,374.67,Month-to-month,Electronic check,1
14376,730527-4511497,user_4375@example.com,Male,0,Yes,13,43.23,613.34,Month-to-month,Mailed check,1
14377,901125-4244625,user_4376@example.com,Female,0,No,9,88.21,783.11,One year,Mailed check,0
14378,710305-4871571,user_4377@example.com,Male,1,No,36,59.55,2157.21,One year,Bank transfer,0
14379,791016-4475170,user_4378@example.com,Female,0,No,3,106.35,332.72,Month-to-month,Credit card,0
14380,700508-1184160,user_4379@example.com,Male,1,Yes,14,48.37,616.96,One year,Electronic check,0
14381,820615-3471927,user_4380@example.com,Male,0,Yes,1,19.69,122.52,Two year,Credit card,0
14382,770315-4915146,user_4381@example.com,Male,1,Yes,1,48.64,25.1,Month-to-month,Credit card,1
14383,901109-4451268,user_4382@example.com,Female,0,Yes,17,76.45,1332.46,Two year,Credit card,1
14384,900906-3347675,user_4383@example.com,Female,0,Yes,16,56.19,937.5,One year,Electronic check,0
14385,740125-2469389,user_4384@example.com,Female,0,No,42,72.12,3022.06,Two year,Mailed check,0
14386,951123-1286687,user_4385@example.com,Male,0,Yes,16,106.38,1732.42,Month-to-month,Credit card,0
14387,961104-2503794,user_4386@example.com,Male,0,No,64,109.98,7051.01,One year,Electronic check,0
14388,731214-2766048,user_4387@example.com,Male,0,Yes,0,45.16,,Month-to-month,Mailed check,0
14389,960425-2824298,user_4388@example.com,Female,0,No,2,64.83,113.05,Two year,Credit card,0
14390,960928-1395762,user_4389@example.com,Female,0,No,0,73.55,,One year,Bank transfer,0
14391,700103-2226503,user_4390@example.com,Female,0,Yes,4,113.65,431.51,Month-to-month,Electronic check,0
14392,840411-4675709,user_4391@example.com,Male,0,Yes,15,118.61,1713.95,Month-to-month,Credit card,0
14393,760802-4660664,user_4392@example.com,Female,0,No,20,42.1,898.32,Two year,Electronic check,0
14394,951122-2241266,user_4393@example.com,Male,0,No,0,91.38,,One year,Bank transfer,0
14395,920916-4285309,user_4394@example.com,Male,0,Yes,58,56.4,3320.1,Month-to-month,Electronic check,1
14396,771107-1112897,user_4395@example.com,Male,0,No,36,19.31,758.69,Month-to-month,Mailed check,0
14397,900518-3328217,user_4396@example.com,Male,0,No,7,19.43,118.78,Two year,Credit card,0
14398,860506-1588646,user_4397@example.com,Male,0,No,1,64.67,32.86,Month-to-month,Electronic check,1
14399,800206-3581919,user_4398@example.com,Female,0,No,3,67.46,163.45,Month-to-month,Electronic check,1
14400,810822-3556338,user_4399@example.com,Female,0,Yes,2,20.76,73.72,Two year,Credit card,0
14401,800702-3200216,user_4400@example.com,Male,0,No,2,87.36,186.07,Month-to-month,Bank transfer,1
14402,860502-4132732,user_4401@example.com,Female,0,Yes,14,47.97,667.72,Month-to-month,Bank transfer,1
14403,820624-3756788,user_4402@example.com,Male,0,No,5,74.63,437.91,Month-to-month,Credit card,1
14404,800518-2234178,user_4403@example.com,Male,0,No,8,48.67,409.61,Two year,Credit card,1
14405,750318-4510083,user_4404@example.com,Female,0,Yes,72,35.26,2496.79,Month-to-month,Mailed check,0
14406,740904-1698560,user_4405@example.com,Male,0,No,23,59.32,1330.31,One year,Electronic check,0
14407,960627-3678116,user_4406@example.com,Female,0,Yes,59,41.79,2499.71,Two year,Electronic check,0
14408,790315-3290074,user_4407@example.com,Male,0,No,3,72.11,268.42,Month-to-month,Bank transfer,0
14409,830508-1292403,user_4408@example.com,Female,0,Yes,9,38.43,373.45,Two year,Mailed check,0
14410,880402-2259838,user_4409@example.com,Male,0,No,16,69.47,1206.36,Month-to-month,Electronic check,0
14411,710328-1566148,user_4410@example.com,Male,0,No,1,34.28,116.03,One year,Mailed check,0
14412,890403-1422874,user_4411@example.com,Female,0,No,0,85.77,,Month-to-month,Credit card,1
14413,790122-4993383,user_4412@example.com,Male,0,No,22,94.08,2027.83,One year,Electronic check,0
14414,920305-3897731,user_4413@example.com,Male,0,No,20,29.57,,Month-to-month,Credit card,0
14415,731015-4987928,user_4414@example.com,Female,1,Yes,10,65.4,634.63,Month-to-month,Bank transfer,0
14416,960412-2245696,user_4415@example.com,Female,0,No,13,25.6,370.46,Two year,Bank transfer,0
14417,831020-3191207,user_4416@example.com,Female,0,No,10,78.47,876.03,Month-to-month,Credit card,1
14418,850502-3479299,user_4417@example.com,Male,1,No,0,45.01,,Two year,Bank transfer,0
14419,731021-2781414,user_4418@example.com,Male,0,Yes,8,71.39,629.56,Month-to-month,Credit card,0
14420,740424-3798289,user_4419@example.com,Female,0,Yes,3,70.38,198.87,Month-to-month,Credit card,1
14421,860626-2726551,user_4420@example.com,Male,0,Yes,2,111.17,253.48,Two year,Credit card,1
14422,920901-3982376,user_4421@example.com,Female,1,No,62,73.55,4601.27,Month-to-month,Bank transfer,1
14423,740627-1185398,user_4422@example.com,Female,1,Yes,18,76.95,,Two year,Bank transfer,0
14424,720703-2335607,user_4423@example.com,Male,0,No,26,58.77,1507.35,Month-to-month,Bank transfer,0
14425,920512-2648095,user_4424@example.com,Male,0,Yes,7,113.65,843.04,Month-to-month,Credit card,0
14426,890207-4288661,user_4425@example.com,Male,0,No,9,96.41,881.41,One year,Mailed check,0
14427,951202-4354431,user_4426@example.com,Female,1,Yes,5,47.11,175.72,Month-to-month,Bank transfer,0
14428,710608-1229453,user_4427@example.com,Male,0,Yes,2,103.13,84.75,Month-to-month,Mailed check,1
14429,790722-4548221,user_4428@example.com,Male,1,No,3,61.85,167.26,One year,Bank transfer,0
14430,901013-4369004,user_4429@example.com,Female,0,No,31,101.57,3145.09,Month-to-month,Electronic check,1
14431,930105-4545679,user_4430@example.com,Male,0,Yes,22,100.99,2177.58,Month-to-month,Electronic check,0
14432,750410-3948123,user_4431@example.com,Female,0,Yes,15,37.43,568.6,Two year,Electronic check,0
14433,950224-1315193,user_4432@example.com,Male,0,No,12,88.79,1090.8,Two year,Mailed check,1
14434,910914-2457860,user_4433@example.com,Female,0,Yes,51,47.64,2463.17,Month-to-month,Bank transfer,1
14435,810119-2521143,user_4434@example.com,Male,0,Yes,1,48.32,,Month-to-month,Credit card,1
14436,810512-4818913,user_4435@example.com,Male,0,Yes,6,48.21,223.55,One year,Mailed check,0
14437,830124-2591790,user_4436@example.com,Female,0,Yes,8,91.24,714.69,Month-to-month,Bank transfer,0
14438,980102-1711463,user_4437@example.com,Male,0,No,30,41.54,1274.81,Month-to-month,Electronic check,0
14439,790311-3504872,user_4438@example.com,Male,0,Yes,72,18.59,1362.94,Two year,Mailed check,0
14440,840611-3207289,user_4439@example.com,Male,0,Yes,5,90.2,474.59,Month-to-month,Bank transfer,0
14441,761223-3499363,user_4440@example.com,Female,1,Yes,41,35.66,1442.89,One year,Credit card,0
14442,750314-4345086,user_4441@example.com,Male,0,No,35,28.97,997.57,Two year,Mailed check,0
14443,880317-1449499,user_4442@example.com,Female,0,No,5,42.31,175.13,One year,Credit card,0
14444,881217-3156666,user_4443@example.com,Male,0,No,10,56.59,604.31,Two year,Mailed check,1
14445,970428-1697199,user_4444@example.com,Female,0,No,10,66.21,,Month-to-month,Electronic check,0
14446,870204-4768948,user_4445@example.com,Female,0,No,72,22.97,1696.34,Month-to-month,Electronic check,0
14447,960105-4950669,user_4446@example.com,Male,0,Yes,3,115.8,357.79,Two year,Electronic check,0
14448,790221-2644345,user_4447@example.com,Female,0,Yes,32,90.29,2887.03,Month-to-month,Credit card,1
14449,850603-4475406,user_4448@example.com,Female,0,Yes,8,50.9,374.36,One year,Electronic check,0
14450,740625-1249813,user_4449@example.com,Female,1,Yes,26,50.45,1243.92,Month-to-month,Credit card,1
14451,810122-2291298,user_4450@example.com,Male,0,Yes,10,63.47,602.32,One year,Credit card,0
14452,900526-3494883,user_4451@example.com,Female,0,Yes,17,81.28,1365.26,Month-to-month,Credit card,0
14453,880123-1138599,user_4452@example.com,Female,1,No,35,33.17,1042.5,Month-to-month,Electronic check,0
14454,740804-4432434,user_4453@example.com,Male,0,No,32,37.44,,Month-to-month,Bank transfer,0
14455,930609-1653108,user_4454@example.com,Female,0,No,40,104.66,4232.62,One year,Credit card,1
14456,860827-3135786,user_4455@example.com,Male,1,Yes,1,44.19,72.55,Month-to-month,Bank transfer,1
14457,900223-1253371,user_4456@example.com,Female,0,No,23,56.61,1277.22,One year,Credit card,0
14458,921216-4805485,user_4457@example.com,Male,0,No,3,105.85,319.9,Month-to-month,Electronic check,0
14459,760521-1663053,user_4458@example.com,Male,1,No,10,84.98,821.99,Month-to-month,Electronic check,0
14460,930114-4172283,user_4459@example.com,Female,0,No,15,52.76,798.84,One year,Electronic check,0
14461,870327-2400675,user_4460@example.com,Female,0,Yes,10,87.04,947.41,Month-to-month,Mailed check,0
14462,700503-1976635,user_4461@example.com,Female,0,Yes,14,20.47,335.0,Month-to-month,Electronic check,0
14463,870420-3415389,user_4462@example.com,Male,0,No,72,92.25,6668.04,Month-to-month,Bank transfer,0
14464,900516-4236153,user_4463@example.com,Male,0,No,2,67.32,110.0,One year,Credit card,0
14465,761109-3789089,user_4464@example.com,Male,0,No,22,100.02,2237.94,Two year,Bank transfer,0
14466,720601-4432054,user_4465@example.com,Male,0,No,10,114.2,1057.66,Month-to-month,Mailed check,1
14467,750515-2564132,user_4466@example.com,Female,1,No,2,111.31,210.0,Month-to-month,Bank transfer,0
14468,820824-3394482,user_4467@example.com,Male,0,Yes,3,109.65,358.14,Month-to-month,Credit card,1
14469,780326-4697431,user_4468@example.com,Male,0,No,59,69.85,4158.17,One year,Credit card,0
14470,760911-1144362,user_4469@example.com,Female,0,No,42,54.6,2326.69,Month-to-month,Electronic check,0
14471,830101-3728726,user_4470@example.com,Male,0,Yes,47,65.12,3075.38,One year,Mailed check,0
14472,720304-4695037,user_4471@example.com,Female,1,No,72,87.66,6301.73,Month-to-month,Mailed check,1
14473,860404-1719063,user_4472@example.com,Female,1,Yes,4,107.12,,Two year,Bank transfer,0
14474,760428-4190794,user_4473@example.com,Female,0,No,8,39.25,266.36,Month-to-month,Electronic check,0
14475,881007-1461749,user_4474@example.com,Female,0,No,22,110.55,2389.87,Two year,Electronic check,1
14476,730401-2179298,user_4475@example.com,Male,0,No,13,100.22,1305.95,Month-to-month,Electronic check,1
14477,720107-1634454,user_4476@example.com,Female,0,Yes,10,116.63,1174.96,Month-to-month,Credit card,1
14478,940325-3883377,user_4477@example.com,Female,0,No,8,106.75,762.72,One year,Mailed check,0
14479,721120-2716230,user_4478@example.com,Male,0,No,18,46.56,860.84,One year,Bank transfer,1
14480,960917-4151304,user_4479@example.com,Male,0,Yes,17,29.12,533.68,Month-to-month,Bank transfer,0
14481,790514-4955565,user_4480@example.com,Male,0,No,3,29.75,85.39,Two year,Bank transfer,0
14482,981128-2197385,user_4481@example.com,Male,0,No,12,47.7,691.12,Month-to-month,Electronic check,0
14483,740512-1894446,user_4482@example.com,Female,0,No,16,80.07,1246.97,Month-to-month,Mailed check,1
14484,931008-2830595,user_4483@example.com,Male,0,No,16,99.13,1568.03,Month-to-month,Mailed check,0
14485,820924-4518696,user_4484@example.com,Male,0,Yes,4,108.65,,Month-to-month,Credit card,0
14486,910806-1906214,user_4485@example.com,Female,0,No,27,81.03,2184.0,One year,Credit card,1
14487,810426-3378911,user_4486@example.com,Female,0,No,0,19.06,,Month-to-month,Credit card,0
14488,721128-3715366,user_4487@example.com,Female,1,Yes,8,37.18,227.1,Month-to-month,Bank transfer,0
14489,711003-1731402,user_4488@example.com,Male,0,No,30,28.5,827.67,Month-to-month,Bank transfer,1
14490,970102-1378733,user_4489@example.com,Male,0,Yes,16,54.92,873.84,Month-to-month,Mailed check,0
14491,860217-3578968,user_4490@example.com,Female,0,No,6,68.76,473.99,Two year,Credit card,0
14492,780825-4726397,user_4491@example.com,Male,0,Yes,23,22.85,635.66,Two year,Bank transfer,1
14493,850424-3879476,user_4492@example.com,Male,0,Yes,16,53.43,921.65,Month-to-month,Credit card,1
14494,890402-2973896,user_4493@example.com,Male,0,Yes,31,36.46,1091.49,Month-to-month,Credit card,0
14495,980917-4107747,user_4494@example.com,Female,0,Yes,26,83.37,2132.83,Two year,Mailed check,0
14496,780402-2415721,user_4495@example.com,Male,1,Yes,18,65.04,1162.75,Month-to-month,Mailed check,0
14497,830911-4388768,user_4496@example.com,Male,0,Yes,13,68.16,975.31,Month-to-month,Bank transfer,0
14498,810117-4505264,user_4497@example.com,Female,0,Yes,2,61.38,,Month-to-month,Mailed check,1
14499,900920-3647288,user_4498@example.com,Male,0,Yes,6,114.34,619.66,Month-to-month,Credit card,1
14500,900913-3720593,user_4499@example.com,Female,0,No,10,40.03,375.24,Two year,Mailed check,0
14501,820807-3317577,user_4500@example.com,Female,0,Yes,18,70.3,1303.25,One year,Credit card,0
14502,810227-2489481,user_4501@example.com,Male,0,Yes,14,92.29,1326.56,Two year,Credit card,1
14503,860123-1969998,user_4502@example.com,Male,0,No,6,74.32,435.91,Month-to-month,Bank transfer,0
14504,701020-3219981,user_4503@example.com,Male,0,No,0,111.63,,Month-to-month,Bank transfer,0
14505,820208-1667858,user_4504@example.com,Male,0,Yes,13,56.39,,Two year,Bank transfer,0
14506,880709-3741947,user_4505@example.com,Male,0,No,6,64.98,395.07,Two year,Credit card,0
14507,980714-2474987,user_4506@example.com,Male,1,Yes,26,27.37,,One year,Mailed check,0
14508,800102-4614101,user_4507@example.com,Female,1,Yes,0,79.55,,Month-to-month,Bank transfer,0
14509,971226-3144604,user_4508@example.com,Male,0,No,17,47.39,763.81,One year,Bank transfer,0
14510,770822-2907448,user_4509@example.com,Male,0,No,56,34.57,1842.6,Month-to-month,Mailed check,1
14511,790416-4348508,user_4510@example.com,Female,0,Yes,3,73.09,298.76,Month-to-month,Mailed check,0
14512,900109-3209626,user_4511@example.com,Male,0,No,12,71.86,826.31,One year,Bank transfer,1
14513,950107-3387800,user_4512@example.com,Female,0,No,1,26.11,38.16,One year,Credit card,1
14514,720214-2263095,user_4513@example.com,Male,0,Yes,19,88.5,1711.7,One year,Credit card,0
14515,890108-3114069,user_4514@example.com,Female,1,Yes,15,81.03,1291.05,One year,Bank transfer,1
14516,750422-2941653,user_4515@example.com,Male,0,No,10,37.45,366.81,Month-to-month,Mailed check,0
14517,840222-2296536,user_4516@example.com,Male,0,No,14,65.56,890.87,Month-to-month,Credit card,0
14518,921228-4978688,user_4517@example.com,Male,0,Yes,45,90.71,,One year,Mailed check,0
14519,780121-2951798,user_4518@example.com,Female,0,Yes,4,71.58,350.52,Month-to-month,Electronic check,0
14520,791022-3891706,user_4519@example.com,Female,1,No,0,58.15,,Month-to-month,Mailed check,0
14521,771107-1946755,user_4520@example.com,Female,0,No,39,50.81,1933.85,Month-to-month,Mailed check,1
14522,760720-4574812,user_4521@example.com,Female,0,Yes,17,79.69,1277.69,Month-to-month,Electronic check,0
14523,970105-4101699,user_4522@example.com,Female,0,No,44,112.65,4895.54,Two year,Credit card,0
14524,880121-4911721,user_4523@example.com,Male,0,Yes,18,85.84,1588.34,Month-to-month,Credit card,0
14525,751217-1707605,user_4524@example.com,Female,0,No,33,25.99,841.64,Month-to-month,Credit card,0
14526,780905-3107898,user_4525@example.com,Male,0,No,11,64.68,681.1,One year,Bank transfer,0
14527,931211-4864683,user_4526@example.com,Female,0,No,27,107.81,2875.07,Month-to-month,Electronic check,1
14528,740817-4219254,user_4527@example.com,Male,0,Yes,48,27.97,1346.81,Two year,Mailed check,0
14529,870321-2492230,user_4528@example.com,Female,0,Yes,16,117.63,1870.11,Month-to-month,Electronic check,0
14530,781212-1681930,user_4529@example.com,Male,0,No,3,113.64,327.26,Two year,Electronic check,0
14531,861115-4175538,user_4530@example.com,Male,0,No,6,26.35,225.57,Month-to-month,Electronic check,1
14532,901203-4611799,user_4531@example.com,Female,0,Yes,4,112.07,525.18,Month-to-month,Electronic check,0
14533,800124-2676035,user_4532@example.com,Male,0,No,5,54.9,194.0,Month-to-month,Electronic check,1
14534,960610-3110727,user_4533@example.com,Female,0,Yes,7,103.18,738.64,Month-to-month,Electronic check,1
14535,830224-3797339,user_4534@example.com,Male,1,Yes,16,60.44,928.2,Two year,Bank transfer,0
14536,900603-2939405,user_4535@example.com,Male,0,No,17,62.7,1053.49,Month-to-month,Electronic check,1
14537,870416-3272651,user_4536@example.com,Female,0,Yes,11,82.08,918.34,One year,Electronic check,0
14538,860120-1200964,user_4537@example.com,Male,0,Yes,19,96.14,1816.02,Month-to-month,Credit card,0
14539,860327-2721852,user_4538@example.com,Male,0,No,1,21.89,33.41,Two year,Electronic check,1
14540,721122-2588628,user_4539@example.com,Female,1,No,1,77.96,111.61,One year,Electronic check,0
14541,950525-3838527,user_4540@example.com,Female,1,No,3,37.22,126.39,Month-to-month,Credit card,0
14542,841126-3460460,user_4541@example.com,Female,0,No,14,53.18,712.18,Month-to-month,Credit card,0
14543,890226-3602098,user_4542@example.com,Female,0,No,4,53.38,182.06,One year,Credit card,0
14544,720326-2785805,user_4543@example.com,Male,0,No,6,65.52,321.13,Month-to-month,Mailed check,0
14545,751109-4271529,user_4544@example.com,Female,0,No,10,52.0,477.3,Month-to-month,Electronic check,1
14546,850715-4154939,user_4545@example.com,Female,0,No,33,29.26,,One year,Electronic check,1
14547,820226-2624461,user_4546@example.com,Female,0,No,0,33.1,,Two year,Electronic check,1
14548,860723-1114389,user_4547@example.com,Male,0,Yes,20,21.85,377.33,Two year,Credit card,0
14549,801223-2316560,user_4548@example.com,Female,0,Yes,22,65.64,1460.08,One year,Bank transfer,0
14550,810626-1872331,user_4549@example.com,Male,0,Yes,32,114.18,3648.24,Month-to-month,Electronic check,0
14551,860218-4351465,user_4550@example.com,Female,0,No,53,30.1,1585.52,Two year,Credit card,0
14552,880407-4728982,user_4551@example.com,Male,0,Yes,0,113.36,,Month-to-month,Credit card,0
14553,740523-3362310,user_4552@example.com,Male,0,No,3,92.02,303.52,Month-to-month,Credit card,0
14554,940101-3824066,user_4553@example.com,Male,0,Yes,43,82.41,3517.13,Two year,Mailed check,0
14555,850602-1751616,user_4554@example.com,Female,0,Yes,12,83.19,977.06,Month-to-month,Credit card,0
14556,900710-3246365,user_4555@example.com,Female,0,Yes,16,101.38,1596.95,Month-to-month,Bank transfer,0
14557,870328-3353902,user_4556@example.com,Female,0,No,21,29.22,657.36,One year,Mailed check,0
14558,700819-1962905,user_4557@example.com,Male,0,No,22,69.1,1504.79,Month-to-month,Credit card,0
14559,960522-3620874,user_4558@example.com,Female,0,Yes,53,88.38,4594.48,Month-to-month,Bank transfer,0
14560,700602-2873993,user_4559@example.com,Male,0,No,72,77.33,,Month-to-month,Bank transfer,0
14561,720517-3530464,user_4560@example.com,Female,0,No,25,101.99,,Month-to-month,Electronic check,0
14562,931128-2617871,user_4561@example.com,Female,0,No,6,25.75,263.71,Two year,Credit card,0
14563,960115-2277670,user_4562@example.com,Female,0,No,42,87.74,3636.8,Month-to-month,Credit card,1
14564,790307-3459418,user_4563@example.com,Female,0,Yes,1,72.04,63.95,Month-to-month,Electronic check,0
14565,931014-3429490,user_4564@example.com,Female,0,Yes,5,56.51,295.46,Month-to-month,Bank transfer,0
14566,901016-2440029,user_4565@example.com,Male,0,No,45,52.61,2353.02,One year,Credit card,0
14567,710116-3153539,user_4566@example.com,Male,0,No,5,80.74,,One year,Electronic check,0
14568,721124-1113636,user_4567@example.com,Female,0,No,4,107.82,452.37,Month-to-month,Electronic check,0
14569,920901-1492314,user_4568@example.com,Male,0,Yes,2,68.24,212.79,Month-to-month,Bank transfer,1
14570,780416-3523753,user_4569@example.com,Female,0,Yes,39,101.18,3984.4,One year,Bank transfer,0
14571,740616-4139669,user_4570@example.com,Female,0,No,13,58.82,,Month-to-month,Credit card,0
14572,900319-1778180,user_4571@example.com,Female,0,Yes,22,28.77,580.61,Month-to-month,Credit card,1
14573,851103-4327927,user_4572@example.com,Female,0,No,5,24.67,139.22,Month-to-month,Mailed check,0
14574,830316-3720264,user_4573@example.com,Male,1,No,28,23.65,669.96,Month-to-month,Bank transfer,0
14575,720828-4521296,user_4574@example.com,Male,0,No,28,56.61,1602.63,Two year,Mailed check,1
14576,970328-4833602,user_4575@example.com,Male,1,No,7,52.31,434.98,Two year,Mailed check,0
14577,820913-1806527,user_4576@example.com,Male,0,No,10,90.47,893.66,One year,Electronic check,0
14578,811021-3733442,user_4577@example.com,Male,1,Yes,4,92.97,351.6,Two year,Electronic check,0
14579,721102-2517669,user_4578@example.com,Female,0,Yes,72,23.6,1725.9,One year,Credit card,0
14580,940718-1525885,user_4579@example.com,Female,1,Yes,20,40.67,724.49,Two year,Bank transfer,0
14581,720726-3917359,user_4580@example.com,Male,1,Yes,54,45.99,2471.62,Month-to-month,Bank transfer,0
14582,730428-2570257,user_4581@example.com,Male,1,Yes,7,73.4,507.09,Month-to-month,Mailed check,0
14583,871227-1500322,user_4582@example.com,Female,0,No,30,32.99,943.68,One year,Mailed check,0
14584,950713-3722645,user_4583@example.com,Female,0,Yes,29,31.93,978.82,One year,Credit card,0
14585,820827-4247535,user_4584@example.com,Female,0,No,23,113.11,2548.42,Month-to-month,Electronic check,1
14586,941228-3253420,user_4585@example.com,Male,1,Yes,67,99.12,6634.25,Month-to-month,Bank transfer,0
14587,791005-4947378,user_4586@example.com,Female,0,Yes,10,36.61,380.76,Month-to-month,Bank transfer,1
14588,840916-4206270,user_4587@example.com,Male,0,Yes,2,59.26,186.19,Month-to-month,Bank transfer,1
14589,730911-1888416,user_4588@example.com,Female,0,Yes,22,54.15,1190.77,Month-to-month,Bank transfer,1
14590,781223-4561097,user_4589@example.com,Female,0,Yes,26,97.8,2589.61,Month-to-month,Electronic check,0
14591,780526-2363352,user_4590@example.com,Male,0,Yes,17,69.65,1219.08,Two year,Credit card,1
14592,890318-4573714,user_4591@example.com,Female,1,No,4,31.32,131.45,One year,Credit card,1
14593,941228-1385067,user_4592@example.com,Female,1,No,14,92.58,1241.64,Two year,Electronic check,0
14594,931201-2505890,user_4593@example.com,Female,0,Yes,7,58.29,336.3,Two year,Credit card,0
14595,910527-1497525,user_4594@example.com,Male,0,Yes,11,44.86,498.79,Month-to-month,Credit card,0
14596,821216-2368055,user_4595@example.com,Male,0,Yes,20,56.14,1095.67,Month-to-month,Mailed check,1
14597,830105-2333018,user_4596@example.com,Female,0,No,27,68.4,1892.76,Month-to-month,Electronic check,0
14598,791122-1492287,user_4597@example.com,Male,1,Yes,5,52.9,301.79,Two year,Credit card,1
14599,950704-3428006,user_4598@example.com,Female,0,Yes,10,42.75,418.27,Month-to-month,Mailed check,1
14600,801106-4555407,user_4599@example.com,Male,0,No,6,58.45,292.81,One year,Electronic check,1
14601,930813-2989195,user_4600@example.com,Male,0,Yes,4,20.42,107.22,Month-to-month,Electronic check,1
14602,980627-2473140,user_4601@example.com,Male,0,No,30,95.94,2827.3,Two year,Bank transfer,0
14603,820110-2626363,user_4602@example.com,Female,0,Yes,47,35.64,1637.16,Month-to-month,Mailed check,1
14604,981028-1781758,user_4603@example.com,Male,0,Yes,9,22.9,157.13,Two year,Mailed check,0
14605,800904-1974322,user_4604@example.com,Male,1,No,27,84.03,2261.88,Month-to-month,Mailed check,0
14606,790209-4947590,user_4605@example.com,Male,0,Yes,45,96.09,4382.56,Month-to-month,Electronic check,1
14607,951012-3200341,user_4606@example.com,Female,0,Yes,37,100.09,3703.08,One year,Bank transfer,1
14608,891104-4932747,user_4607@example.com,Female,0,No,4,67.97,249.72,Two year,Electronic check,0
14609,920820-2380998,user_4608@example.com,Female,1,No,62,39.09,2347.3,Month-to-month,Credit card,1
14610,721228-1705723,user_4609@example.com,Female,0,No,9,92.41,859.3,Two year,Credit card,0
14611,880310-4365116,user_4610@example.com,Male,1,Yes,8,88.65,670.18,One year,Credit card,0
14612,870324-2561740,user_4611@example.com,Female,0,Yes,1,43.19,49.07,One year,Bank transfer,0
14613,860524-2669469,user_4612@example.com,Female,1,Yes,13,109.07,1400.2,Month-to-month,Electronic check,0
14614,850228-1886813,user_4613@example.com,Female,0,No,2,28.96,99.83,Month-to-month,Mailed check,1
14615,820413-3208995,user_4614@example.com,Female,0,No,5,117.01,577.19,Month-to-month,Credit card,1
14616,880801-1777960,user_4615@example.com,Female,0,No,7,104.74,730.23,Two year,Credit card,0
14617,920903-3785085,user_4616@example.com,Female,1,Yes,33,87.46,2910.47,Two year,Electronic check,0
14618,870211-1766433,user_4617@example.com,Male,0,No,41,112.61,,One year,Mailed check,0
14619,891104-1379149,user_4618@example.com,Female,0,No,7,90.91,680.79,Month-to-month,Bank transfer,0
14620,881014-3406843,user_4619@example.com,Male,0,Yes,39,37.59,1461.58,Month-to-month,Credit card,1
14621,840309-1904756,user_4620@example.com,Male,0,No,38,62.83,2387.7,Two year,Credit card,0
14622,850717-2837444,user_4621@example.com,Female,0,No,28,25.67,692.52,Month-to-month,Credit card,1
14623,780628-4388201,user_4622@example.com,Male,0,No,3,57.56,125.18,Two year,Mailed check,1
14624,930124-2593939,user_4623@example.com,Male,0,Yes,23,92.85,,Month-to-month,Credit card,0
14625,720513-1972566,user_4624@example.com,Male,0,No,58,57.24,3281.31,Month-to-month,Mailed check,1
14626,941117-2613176,user_4625@example.com,Male,0,Yes,22,51.61,,Two year,Credit card,0
14627,720606-4389711,user_4626@example.com,Female,0,No,8,78.18,571.88,Month-to-month,Credit card,1
14628,890205-4844402,user_4627@example.com,Male,0,No,13,105.94,1443.88,Month-to-month,Mailed check,0
14629,890611-3418801,user_4628@example.com,Female,0,Yes,20,23.27,503.0,Two year,Mailed check,0
14630,960312-3968652,user_4629@example.com,Female,0,No,14,57.14,800.99,One year,Bank transfer,1
14631,900420-1873214,user_4630@example.com,Male,0,No,2,34.36,68.74,One year,Electronic check,0
14632,781007-1241568,user_4631@example.com,Male,0,Yes,7,88.21,589.61,One year,Credit card,1
14633,880307-4203311,user_4632@example.com,Male,0,No,32,29.1,944.7,Month-to-month,Credit card,0
14634,820224-1640186,user_4633@example.com,Male,0,Yes,39,85.15,3375.25,Month-to-month,Electronic check,0
14635,980809-2713444,user_4634@example.com,Female,0,Yes,2,47.19,59.22,Month-to-month,Electronic check,0
14636,800406-2105783,user_4635@example.com,Male,0,No,60,38.44,,Month-to-month,Electronic check,0
14637,770109-2841040,user_4636@example.com,Male,0,Yes,7,112.37,821.75,Month-to-month,Credit card,0
14638,720721-2153228,user_4637@example.com,Female,0,Yes,21,20.36,443.78,One year,Credit card,0
14639,770414-2387347,user_4638@example.com,Female,0,No,27,62.39,1628.52,Month-to-month,Credit card,0
14640,770313-2508803,user_4639@example.com,Female,0,No,33,20.67,,One year,Mailed check,0
14641,750402-2774186,user_4640@example.com,Female,1,Yes,58,66.98,,Month-to-month,Bank transfer,0
14642,800311-4568220,user_4641@example.com,Male,0,Yes,7,68.73,444.88,Month-to-month,Bank transfer,1
14643,861126-2815448,user_4642@example.com,Male,0,No,39,50.75,1963.07,Month-to-month,Electronic check,1
14644,700407-2483413,user_4643@example.com,Female,1,No,2,31.75,50.17,Two year,Electronic check,1
14645,940813-1628159,user_4644@example.com,Male,0,Yes,24,56.23,1316.98,Month-to-month,Credit card,0
14646,961227-2789771,user_4645@example.com,Female,0,No,27,85.89,,One year,Bank transfer,0
14647,850312-2324498,user_4646@example.com,Male,1,Yes,22,96.94,2121.24,One year,Bank transfer,1
14648,890208-3546615,user_4647@example.com,Female,0,No,5,71.71,366.93,Month-to-month,Mailed check,0
14649,821208-2595949,user_4648@example.com,Female,0,No,41,77.63,3167.02,Month-to-month,Credit card,0
14650,840515-2291653,user_4649@example.com,Female,0,No,3,38.61,173.76,Two year,Credit card,0
14651,830623-1758898,user_4650@example.com,Male,0,No,1,47.3,72.7,Month-to-month,Bank transfer,1
14652,800327-3950749,user_4651@example.com,Male,1,No,25,34.73,788.71,Month-to-month,Bank transfer,0
14653,750925-1650748,user_4652@example.com,Male,0,Yes,12,43.49,548.07,One year,Mailed check,0
14654,730320-3268118,user_4653@example.com,Male,0,Yes,37,41.04,1548.76,One year,Mailed check,0
14655,800317-4216805,user_4654@example.com,Male,0,No,9,70.57,613.39,Month-to-month,Credit card,1
14656,740827-4955266,user_4655@example.com,Female,0,Yes,3,74.91,149.97,Month-to-month,Mailed check,0
14657,881023-3570984,user_4656@example.com,Female,0,No,36,113.23,4076.68,Month-to-month,Bank transfer,0
14658,770825-4258419,user_4657@example.com,Female,1,Yes,15,38.11,571.26,Month-to-month,Credit card,0
14659,760617-4928164,user_4658@example.com,Female,1,No,4,82.83,275.24,Month-to-month,Bank transfer,0
14660,710915-3973102,user_4659@example.com,Female,0,Yes,25,100.43,2438.19,Month-to-month,Credit card,0
14661,820312-3680270,user_4660@example.com,Female,1,No,14,74.66,1040.86,Month-to-month,Credit card,1
14662,810718-3146716,user_4661@example.com,Female,0,Yes,18,44.06,781.43,Two year,Bank transfer,0
14663,731122-3354456,user_4662@example.com,Female,0,No,12,44.82,516.98,One year,Credit card,0
14664,930905-1510067,user_4663@example.com,Male,0,Yes,35,22.44,781.23,Two year,Credit card,0
14665,941024-2906045,user_4664@example.com,Male,0,No,35,49.12,1664.06,Month-to-month,Mailed check,0
14666,910606-3902981,user_4665@example.com,Male,0,No,24,93.15,,Month-to-month,Bank transfer,1
14667,930718-2721389,user_4666@example.com,Male,0,Yes,2,23.26,73.19,Month-to-month,Bank transfer,1
14668,800718-4401601,user_4667@example.com,Male,0,Yes,36,40.48,1439.78,Two year,Mailed check,0
14669,710711-3464305,user_4668@example.com,Female,1,Yes,22,89.3,1881.0,Month-to-month,Credit card,1
14670,890722-4347588,user_4669@example.com,Female,0,No,23,96.96,2206.45,Month-to-month,Electronic check,1
14671,710710-4260497,user_4670@example.com,Female,0,Yes,9,64.15,523.84,Month-to-month,Electronic check,0
14672,770716-2790152,user_4671@example.com,Female,0,Yes,42,88.48,3729.52,Month-to-month,Bank transfer,0
14673,750726-2585117,user_4672@example.com,Male,0,Yes,25,57.39,1450.69,Month-to-month,Mailed check,0
14674,780709-4450903,user_4673@example.com,Male,0,Yes,2,34.53,0.0,Month-to-month,Credit card,1
14675,900712-3252499,user_4674@example.com,Male,0,No,10,58.41,622.05,Month-to-month,Mailed check,1
14676,901222-3414948,user_4675@example.com,Male,1,Yes,43,76.64,3239.91,One year,Credit card,0
14677,870505-3138972,user_4676@example.com,Female,0,No,0,113.54,,Month-to-month,Bank transfer,0
14678,720128-2986598,user_4677@example.com,Female,0,No,65,25.39,1647.91,One year,Bank transfer,0
14679,961008-2147502,user_4678@example.com,Female,0,No,22,69.37,1463.82,Month-to-month,Electronic check,0
14680,760701-1233048,user_4679@example.com,Female,1,Yes,19,51.47,920.83,Month-to-month,Mailed check,0
14681,760927-4122854,user_4680@example.com,Female,0,No,6,69.46,434.16,Month-to-month,Bank transfer,1
14682,870615-2614441,user_4681@example.com,Female,0,No,5,20.9,,Month-to-month,Mailed check,0
14683,721111-1829499,user_4682@example.com,Male,0,Yes,56,49.88,2788.45,Month-to-month,Bank transfer,1
14684,710328-1579362,user_4683@example.com,Female,0,No,7,100.69,785.47,Month-to-month,Credit card,1
14685,800407-2838303,user_4684@example.com,Male,0,Yes,29,74.03,2111.91,One year,Credit card,0
14686,850111-4101055,user_4685@example.com,Female,0,Yes,9,63.67,576.03,Month-to-month,Electronic check,1
14687,940322-3609551,user_4686@example.com,Male,0,No,2,47.12,165.23,Month-to-month,Bank transfer,1
14688,710525-4501041,user_4687@example.com,Male,0,Yes,0,48.38,,Month-to-month,Electronic check,1
14689,721202-2329717,user_4688@example.com,Male,0,No,15,56.91,773.32,Month-to-month,Electronic check,0
14690,910502-4772320,user_4689@example.com,Male,1,No,72,102.27,7388.71,Month-to-month,Bank transfer,0
14691,980319-1289619,user_4690@example.com,Female,0,No,9,115.46,980.99,Two year,Bank transfer,0
14692,781101-3749296,user_4691@example.com,Male,0,Yes,8,62.48,570.18,Month-to-month,Credit card,1
14693,750118-1719642,user_4692@example.com,Female,0,Yes,8,57.93,422.3,Month-to-month,Electronic check,0
14694,700422-2723185,user_4693@example.com,Female,0,Yes,14,103.37,1595.66,One year,Credit card,0
14695,860419-3393590,user_4694@example.com,Male,0,Yes,11,61.3,747.67,One year,Mailed check,0
14696,971027-3608008,user_4695@example.com,Male,0,No,42,73.84,3061.45,Two year,Mailed check,0
14697,940409-3883814,user_4696@example.com,Female,0,No,14,41.65,584.1,Two year,Electronic check,0
14698,751109-4863888,user_4697@example.com,Female,0,No,14,93.04,1340.24,One year,Electronic check,0
14699,750126-1785837,user_4698@example.com,Female,0,Yes,2,71.83,182.84,Two year,Bank transfer,0
14700,740228-4148297,user_4699@example.com,Male,0,No,72,99.61,7194.04,Month-to-month,Bank transfer,1
14701,800603-3720318,user_4700@example.com,Female,0,No,5,96.77,546.46,One year,Electronic check,0
14702,711027-2303491,user_4701@example.com,Male,1,No,1,40.05,33.9,Two year,Electronic check,0
14703,860121-2771208,user_4702@example.com,Male,1,Yes,21,90.24,1876.7,One year,Mailed check,0
14704,970522-2638280,user_4703@example.com,Male,0,Yes,18,98.71,1759.44,Two year,Credit card,1
14705,721204-2815053,user_4704@example.com,Male,0,Yes,10,53.2,,Month-to-month,Mailed check,0
14706,890818-4637223,user_4705@example.com,Male,0,Yes,10,35.8,,Month-to-month,Mailed check,1
14707,760915-2255950,user_4706@example.com,Male,0,Yes,30,18.76,577.36,Two year,Credit card,0
14708,710425-2949048,user_4707@example.com,Female,0,Yes,4,63.7,,Month-to-month,Electronic check,1
14709,780707-4236439,user_4708@example.com,Female,0,No,34,53.83,1727.67,One year,Electronic check,0
14710,871012-2651046,user_4709@example.com,Female,0,No,20,74.13,1498.1,Month-to-month,Mailed check,0
14711,750722-3151794,user_4710@example.com,Male,1,No,10,37.35,,One year,Mailed check,1
14712,900322-3875442,user_4711@example.com,Female,0,No,12,104.68,1339.6,Two year,Credit card,0
14713,810211-1569411,user_4712@example.com,Male,0,Yes,5,44.34,145.27,Month-to-month,Bank transfer,1
14714,940124-1266177,user_4713@example.com,Female,0,No,27,41.2,1190.26,Month-to-month,Bank transfer,0
14715,830918-3822706,user_4714@example.com,Female,0,Yes,14,66.69,937.43,Month-to-month,Electronic check,0
14716,860102-2335805,user_4715@example.com,Female,0,Yes,7,68.51,504.02,Two year,Bank transfer,1
14717,820615-3690551,user_4716@example.com,Female,0,No,18,40.06,804.88,One year,Electronic check,0
14718,970419-1399789,user_4717@example.com,Male,0,Yes,72,45.75,,Month-to-month,Electronic check,0
14719,870108-1468342,user_4718@example.com,Female,0,Yes,11,35.51,410.63,Month-to-month,Electronic check,1
14720,981116-2360843,user_4719@example.com,Male,0,No,50,90.53,4538.61,Two year,Credit card,0
14721,921206-4721539,user_4720@example.com,Male,0,No,8,95.7,741.43,Two year,Mailed check,0
14722,980801-2338435,user_4721@example.com,Male,0,No,1,64.85,63.43,Month-to-month,Bank transfer,1
14723,860527-1298365,user_4722@example.com,Male,0,No,4,90.09,324.58,Month-to-month,Credit card,1
14724,780906-4878955,user_4723@example.com,Female,1,No,10,92.28,920.57,One year,Bank transfer,0
14725,861021-2880257,user_4724@example.com,Female,0,No,4,32.36,12.64,Month-to-month,Credit card,1
14726,970113-1119220,user_4725@example.com,Male,0,No,0,115.36,,Two year,Bank transfer,1
14727,700703-3601749,user_4726@example.com,Female,0,Yes,49,100.81,4933.6,Month-to-month,Bank transfer,1
14728,850225-2538289,user_4727@example.com,Female,0,Yes,37,39.0,,One year,Mailed check,0
14729,860128-4918038,user_4728@example.com,Male,0,No,27,37.16,1014.31,Month-to-month,Bank transfer,0
14730,890506-1819844,user_4729@example.com,Male,0,Yes,3,31.1,,Two year,Credit card,1
14731,890921-1917791,user_4730@example.com,Female,1,Yes,2,32.37,161.2,Month-to-month,Bank transfer,0
14732,730905-4491952,user_4731@example.com,Female,0,Yes,1,93.5,88.36,Month-to-month,Mailed check,0
14733,840413-3667516,user_4732@example.com,Female,0,No,25,65.58,1632.21,Month-to-month,Bank transfer,0
14734,730219-4281723,user_4733@example.com,Female,0,Yes,52,96.99,,Two year,Credit card,0
14735,770102-4806682,user_4734@example.com,Male,1,Yes,11,93.31,1027.61,Month-to-month,Bank transfer,0
14736,980603-4605558,user_4735@example.com,Female,0,No,2,79.11,227.57,Month-to-month,Mailed check,1
14737,720806-4339062,user_4736@example.com,Female,0,Yes,14,87.31,,Month-to-month,Mailed check,1
14738,810505-3987555,user_4737@example.com,Male,0,No,8,20.34,205.44,Month-to-month,Mailed check,1
14739,930525-3755017,user_4738@example.com,Female,0,Yes,9,49.76,475.16,Month-to-month,Mailed check,0
14740,880808-4951766,user_4739@example.com,Male,1,Yes,19,82.44,1548.43,Month-to-month,Electronic check,0
14741,750707-2941932,user_4740@example.com,Male,0,Yes,25,19.44,413.49,One year,Mailed check,0
14742,820921-1819237,user_4741@example.com,Female,0,Yes,2,21.81,33.57,One year,Bank transfer,0
14743,791120-2850185,user_4742@example.com,Female,0,Yes,0,103.9,,Two year,Bank transfer,0
14744,941216-2897242,user_4743@example.com,Male,1,No,72,87.07,,Two year,Bank transfer,0
14745,970325-1654100,user_4744@example.com,Female,0,Yes,5,45.1,240.97,Month-to-month,Bank transfer,1
14746,720301-4287837,user_4745@example.com,Female,0,No,1,87.47,,One year,Electronic check,0
14747,880416-1683969,user_4746@example.com,Female,1,No,4,97.94,,Month-to-month,Electronic check,0
14748,920627-3672654,user_4747@example.com,Female,0,No,0,49.26,,Month-to-month,Electronic check,1
14749,791019-4952143,user_4748@example.com,Male,0,No,9,22.11,109.23,Month-to-month,Bank transfer,0
14750,910709-4987207,user_4749@example.com,Male,0,Yes,32,112.01,3653.6,Month-to-month,Credit card,1
14751,880128-1393465,user_4750@example.com,Female,0,No,8,53.1,492.77,Month-to-month,Credit card,0
14752,870826-3556037,user_4751@example.com,Female,0,No,11,29.17,252.56,Month-to-month,Bank transfer,1
14753,910118-1904562,user_4752@example.com,Male,0,Yes,22,67.81,1567.28,One year,Mailed check,0
14754,710926-3305840,user_4753@example.com,Female,0,Yes,14,95.54,1356.67,Month-to-month,Mailed check,1
14755,841117-3673737,user_4754@example.com,Female,0,No,39,40.72,1596.11,One year,Bank transfer,1
14756,750211-4586669,user_4755@example.com,Female,0,No,40,45.52,1901.54,Month-to-month,Mailed check,0
14757,810424-4234630,user_4756@example.com,Male,1,Yes,0,42.83,,Month-to-month,Mailed check,1
14758,870905-2945085,user_4757@example.com,Female,0,No,30,117.92,3570.17,Month-to-month,Credit card,0
14759,710326-4105063,user_4758@example.com,Male,0,No,12,38.29,483.14,Month-to-month,Bank transfer,1
14760,800516-2343136,user_4759@example.com,Male,1,No,72,76.2,5517.22,Month-to-month,Electronic check,1
14761,941116-4271824,user_4760@example.com,Female,1,No,13,111.26,1426.38,One year,Credit card,0
14762,781006-3218540,user_4761@example.com,Male,0,Yes,72,33.23,2389.8,One year,Bank transfer,0
14763,861011-2932944,user_4762@example.com,Male,0,Yes,28,115.83,3198.12,Month-to-month,Bank transfer,1
14764,850518-3186793,user_4763@example.com,Female,0,Yes,5,113.48,,Month-to-month,Credit card,1
14765,970521-2197944,user_4764@example.com,Male,0,No,15,107.18,1589.37,Two year,Mailed check,0
14766,751011-4911808,user_4765@example.com,Male,0,Yes,72,40.01,2848.95,Month-to-month,Mailed check,0
14767,740211-2784375,user_4766@example.com,Female,0,Yes,38,82.06,3125.12,Month-to-month,Credit card,1
14768,820711-2589697,user_4767@example.com,Male,0,No,2,94.78,173.36,Month-to-month,Bank transfer,0
14769,880909-3159057,user_4768@example.com,Female,0,No,24,117.35,2841.51,One year,Electronic check,0
14770,831212-4366380,user_4769@example.com,Male,1,No,8,36.59,211.6,One year,Bank transfer,0
14771,760109-2595773,user_4770@example.com,Female,0,No,0,95.29,,One year,Electronic check,1
14772,780626-2415680,user_4771@example.com,Female,0,Yes,10,52.46,,Month-to-month,Electronic check,0
14773,930625-1211646,user_4772@example.com,Male,0,No,5,36.11,165.02,Month-to-month,Bank transfer,1
14774,920427-1101906,user_4773@example.com,Male,1,No,34,60.74,,Month-to-month,Bank transfer,1
14775,910120-4855803,user_4774@example.com,Female,0,Yes,8,98.08,705.38,One year,Bank transfer,0
14776,770622-3371990,user_4775@example.com,Female,0,Yes,35,65.1,2296.32,Two year,Electronic check,0
14777,810815-2225164,user_4776@example.com,Female,1,Yes,0,72.39,,Month-to-month,Mailed check,0
14778,740617-4121108,user_4777@example.com,Female,0,Yes,7,118.26,852.5,Month-to-month,Electronic check,0
14779,720306-3613488,user_4778@example.com,Male,0,No,5,58.51,344.49,Month-to-month,Electronic check,0
14780,740505-3863957,user_4779@example.com,Male,0,Yes,5,80.19,411.03,Month-to-month,Electronic check,0
14781,800126-1501834,user_4780@example.com,Male,0,Yes,1,55.12,79.05,Month-to-month,Credit card,0
14782,870426-3338008,user_4781@example.com,Male,0,Yes,4,57.88,239.32,Month-to-month,Mailed check,1
14783,790827-2859786,user_4782@example.com,Female,1,Yes,16,88.24,1446.22,Two year,Electronic check,0
14784,870104-1733441,user_4783@example.com,Male,0,Yes,6,112.52,596.26,Month-to-month,Electronic check,1
14785,971022-4796715,user_4784@example.com,Female,0,Yes,10,72.87,684.02,Month-to-month,Credit card,1
14786,801221-4111782,user_4785@example.com,Male,0,No,9,95.53,939.11,Month-to-month,Electronic check,0
14787,980528-4215190,user_4786@example.com,Male,0,No,41,27.44,1002.02,Month-to-month,Mailed check,0
14788,901108-1269319,user_4787@example.com,Male,0,Yes,47,39.67,1857.48,Month-to-month,Electronic check,0
14789,880109-3343980,user_4788@example.com,Female,0,Yes,13,68.84,953.53,One year,Mailed check,0
14790,911113-3374983,user_4789@example.com,Male,0,Yes,8,20.51,159.42,Month-to-month,Mailed check,0
14791,961012-3430956,user_4790@example.com,Male,1,No,2,43.85,67.45,Two year,Bank transfer,0
14792,850206-4344625,user_4791@example.com,Male,0,Yes,61,70.37,,Month-to-month,Credit card,0
14793,860714-3694891,user_4792@example.com,Male,0,Yes,1,20.0,,Month-to-month,Credit card,1
14794,710501-2427708,user_4793@example.com,Female,0,Yes,7,45.02,,Month-to-month,Credit card,0
14795,970521-3857247,user_4794@example.com,Female,0,Yes,7,70.03,456.04,One year,Bank transfer,0
14796,901106-2579956,user_4795@example.com,Male,0,Yes,7,75.96,587.15,Month-to-month,Bank transfer,0
14797,930127-1361037,user_4796@example.com,Female,0,No,3,111.31,405.09,Month-to-month,Mailed check,1
14798,950708-3301034,user_4797@example.com,Female,0,Yes,30,83.2,2489.33,Month-to-month,Credit card,1
14799,820520-1474584,user_4798@example.com,Female,1,No,2,60.08,50.84,Two year,Bank transfer,0
14800,711114-2368695,user_4799@example.com,Male,0,Yes,20,111.77,2209.21,Month-to-month,Bank transfer,1
14801,851126-3359107,user_4800@example.com,Male,1,Yes,2,97.18,185.16,Month-to-month,Bank transfer,0
14802,790107-4525020,user_4801@example.com,Female,0,No,1,38.55,63.83,Month-to-month,Mailed check,0
14803,951111-1835728,user_4802@example.com,Female,0,No,48,31.62,1467.36,Month-to-month,Electronic check,1
14804,700725-1890291,user_4803@example.com,Male,0,Yes,4,86.25,306.54,Month-to-month,Bank transfer,0
14805,910918-1838979,user_4804@example.com,Male,0,Yes,34,74.63,2562.95,Month-to-month,Bank transfer,0
14806,980305-2816406,user_4805@example.com,Female,0,No,15,97.66,1511.85,One year,Bank transfer,1
14807,821119-3339101,user_4806@example.com,Female,0,No,1,92.57,61.49,Month-to-month,Credit card,1
14808,910519-1634761,user_4807@example.com,Female,0,No,62,81.18,4966.5,One year,Credit card,0
14809,710304-3414036,user_4808@example.com,Male,0,No,5,117.38,,One year,Bank transfer,0
14810,950904-4786328,user_4809@example.com,Male,0,Yes,39,71.99,2846.78,Month-to-month,Mailed check,0
14811,900323-4892328,user_4810@example.com,Female,0,Yes,3,29.84,76.17,One year,Electronic check,1
14812,940616-3741320,user_4811@example.com,Female,0,No,38,101.53,3901.59,One year,Credit card,0
14813,880221-3910010,user_4812@example.com,Female,0,Yes,0,43.75,,One year,Electronic check,0
14814,850711-2935234,user_4813@example.com,Male,1,No,14,96.42,1393.24,One year,Bank transfer,1
14815,830617-3317617,user_4814@example.com,Male,0,Yes,29,114.45,,One year,Credit card,0
14816,890803-3829317,user_4815@example.com,Female,0,No,54,88.35,4775.46,Month-to-month,Electronic check,0
14817,950120-1245103,user_4816@example.com,Male,0,Yes,47,78.25,3672.07,One year,Bank transfer,0
14818,860921-1245702,user_4817@example.com,Male,0,No,34,64.65,2125.73,Month-to-month,Credit card,0
14819,740921-2626111,user_4818@example.com,Male,0,No,43,55.03,2463.19,One year,Bank transfer,0
14820,940501-3567956,user_4819@example.com,Male,0,No,4,53.89,,Month-to-month,Credit card,1
14821,740606-3430574,user_4820@example.com,Female,0,No,6,82.3,425.8,Two year,Electronic check,0
14822,770110-3367554,user_4821@example.com,Male,0,Yes,6,93.82,552.28,Month-to-month,Electronic check,0
14823,910116-2285860,user_4822@example.com,Female,0,No,9,86.52,730.61,One year,Credit card,0
14824,850526-1986922,user_4823@example.com,Female,0,Yes,9,38.39,342.92,One year,Mailed check,0
14825,870725-4991344,user_4824@example.com,Female,0,Yes,15,68.02,1054.69,Two year,Bank transfer,0
14826,830112-2128832,user_4825@example.com,Male,0,No,3,97.86,343.35,One year,Electronic check,0
14827,930706-3289489,user_4826@example.com,Male,0,No,23,66.19,1563.11,Month-to-month,Mailed check,1
14828,800917-1412486,user_4827@example.com,Female,0,Yes,3,72.3,201.62,Two year,Credit card,0
14829,791217-2526418,user_4828@example.com,Female,0,Yes,7,95.81,673.15,One year,Electronic check,0
14830,790812-3699847,user_4829@example.com,Female,0,Yes,13,84.79,1122.66,One year,Electronic check,0
14831,981206-4538814,user_4830@example.com,Female,0,Yes,31,59.54,1757.85,Two year,Bank transfer,0
14832,740926-3955148,user_4831@example.com,Male,0,No,26,108.27,,Month-to-month,Mailed check,1
14833,700706-4735169,user_4832@example.com,Male,0,Yes,20,34.8,,Month-to-month,Bank transfer,0
14834,860118-1549510,user_4833@example.com,Male,1,No,3,118.3,456.92,Month-to-month,Credit card,1
14835,840920-1341176,user_4834@example.com,Male,0,Yes,15,30.41,435.92,One year,Electronic check,0
14836,831115-3541883,user_4835@example.com,Female,0,Yes,1,20.0,10.76,Month-to-month,Mailed check,0
14837,750927-3982509,user_4836@example.com,Male,0,Yes,9,107.72,930.99,One year,Bank transfer,1
14838,980112-4127396,user_4837@example.com,Female,0,No,10,43.06,,Month-to-month,Mailed check,0
14839,800611-4735355,user_4838@example.com,Male,0,No,0,91.65,,One year,Credit card,1
14840,870607-2845069,user_4839@example.com,Male,1,Yes,6,99.8,645.82,Two year,Electronic check,0
14841,890604-1208619,user_4840@example.com,Female,0,Yes,62,104.61,6408.36,Month-to-month,Mailed check,0
14842,781120-3670335,user_4841@example.com,Female,0,Yes,61,117.91,,One year,Credit card,0
14843,800503-1939319,user_4842@example.com,Female,0,No,8,47.98,443.5,One year,Credit card,0
14844,780618-1526213,user_4843@example.com,Male,0,Yes,0,89.7,,Month-to-month,Electronic check,0
14845,750610-3319021,user_4844@example.com,Female,0,No,3,30.07,105.54,Month-to-month,Bank transfer,1
14846,810920-2200759,user_4845@example.com,Female,0,No,9,59.28,532.77,Month-to-month,Electronic check,1
14847,911001-3229717,user_4846@example.com,Male,1,Yes,59,103.51,6205.72,One year,Electronic check,0
14848,710402-4595766,user_4847@example.com,Female,0,Yes,3,55.36,126.27,Month-to-month,Mailed check,0
14849,930314-1361984,user_4848@example.com,Female,0,No,28,77.76,2184.58,Month-to-month,Mailed check,0
14850,790126-4721471,user_4849@example.com,Male,1,No,2,69.0,116.59,Month-to-month,Bank transfer,1
14851,841123-3637355,user_4850@example.com,Female,1,Yes,72,83.26,5923.07,Month-to-month,Credit card,1
14852,700311-1375498,user_4851@example.com,Female,0,No,9,116.03,1153.85,One year,Mailed check,0
14853,741120-4403311,user_4852@example.com,Female,0,Yes,29,24.09,639.53,One year,Bank transfer,0
14854,720816-4948341,user_4853@example.com,Female,0,Yes,8,76.04,619.33,Month-to-month,Electronic check,0
14855,731027-3171705,user_4854@example.com,Male,0,No,19,105.02,1908.34,One year,Credit card,0
14856,841210-2950533,user_4855@example.com,Female,0,Yes,4,66.76,247.09,One year,Electronic check,0
14857,861008-4622460,user_4856@example.com,Female,1,No,3,26.37,100.21,Month-to-month,Credit card,1
14858,900728-4433487,user_4857@example.com,Male,0,No,55,74.69,4066.71,Month-to-month,Mailed check,0
14859,761110-2172740,user_4858@example.com,Male,0,Yes,49,51.79,2567.05,Two year,Electronic check,1
14860,870303-1405249,user_4859@example.com,Male,0,Yes,43,34.03,1449.84,One year,Electronic check,0
14861,960104-2798092,user_4860@example.com,Female,0,No,19,103.62,2026.78,One year,Credit card,0
14862,721103-4934921,user_4861@example.com,Male,1,No,33,70.79,2404.16,Month-to-month,Bank transfer,1
14863,960628-1192828,user_4862@example.com,Female,0,Yes,1,112.06,82.72,Two year,Credit card,1
14864,791113-2815359,user_4863@example.com,Male,0,No,8,99.3,,One year,Mailed check,1
14865,870518-2861488,user_4864@example.com,Female,0,No,7,87.97,624.96,Two year,Bank transfer,0
14866,860926-1976872,user_4865@example.com,Female,1,Yes,20,19.0,410.97,Two year,Electronic check,0
14867,811224-1226072,user_4866@example.com,Male,0,No,8,61.39,491.84,Two year,Electronic check,0
14868,930307-4516107,user_4867@example.com,Male,1,Yes,3,38.3,124.41,Two year,Electronic check,0
14869,780819-1558210,user_4868@example.com,Male,0,Yes,18,109.81,1964.41,Month-to-month,Mailed check,1
14870,801225-1181958,user_4869@example.com,Male,0,No,33,36.0,,Two year,Electronic check,1
14871,940307-3608090,user_4870@example.com,Female,0,Yes,9,47.18,489.52,Month-to-month,Electronic check,1
14872,830216-1831497,user_4871@example.com,Male,0,Yes,2,70.31,172.92,Two year,Bank transfer,0
14873,830702-2978593,user_4872@example.com,Female,0,No,4,44.9,214.66,Month-to-month,Mailed check,1
14874,960602-2506797,user_4873@example.com,Female,0,Yes,5,39.54,233.85,One year,Electronic check,0
14875,860312-1838725,user_4874@example.com,Male,1,No,7,78.56,,Month-to-month,Bank transfer,1
14876,730215-4314847,user_4875@example.com,Female,0,No,20,27.42,564.34,One year,Electronic check,0
14877,920724-4829643,user_4876@example.com,Male,0,Yes,18,24.33,383.68,Month-to-month,Bank transfer,0
14878,970713-1255308,user_4877@example.com,Male,0,No,23,55.82,1347.3,Month-to-month,Electronic check,1
14879,700201-4584760,user_4878@example.com,Male,0,No,9,90.75,677.6,Two year,Mailed check,0
14880,920924-2626785,user_4879@example.com,Male,0,No,34,74.12,2515.72,One year,Credit card,0
14881,700523-2505123,user_4880@example.com,Female,0,Yes,4,60.89,300.6,Month-to-month,Mailed check,1
14882,920906-3474071,user_4881@example.com,Male,0,Yes,12,75.22,834.45,Month-to-month,Bank transfer,1
14883,811224-1584379,user_4882@example.com,Female,1,Yes,32,55.14,1784.47,Month-to-month,Electronic check,0
14884,841002-1492254,user_4883@example.com,Female,1,No,3,112.35,,One year,Mailed check,0
14885,920207-3339496,user_4884@example.com,Male,1,No,2,24.0,29.56,Two year,Electronic check,0
14886,891221-1338939,user_4885@example.com,Male,1,No,43,86.01,3745.73,One year,Mailed check,0
14887,870313-2766512,user_4886@example.com,Female,0,Yes,8,107.85,872.7,Month-to-month,Bank transfer,1
14888,720509-1922431,user_4887@example.com,Female,0,Yes,23,99.09,,Month-to-month,Credit card,1
14889,850628-2247131,user_4888@example.com,Male,0,No,0,36.95,,Two year,Mailed check,0
14890,751006-1769108,user_4889@example.com,Female,1,No,23,48.17,1156.68,Month-to-month,Electronic check,1
14891,790201-3601144,user_4890@example.com,Male,0,No,7,90.38,655.11,One year,Electronic check,0
14892,750116-2543624,user_4891@example.com,Female,0,Yes,1,26.95,114.36,Month-to-month,Electronic check,0
14893,810913-3137888,user_4892@example.com,Female,0,Yes,18,99.89,1882.15,One year,Bank transfer,0
14894,980324-3914391,user_4893@example.com,Female,0,Yes,5,90.57,435.74,Two year,Bank transfer,0
14895,880428-4569533,user_4894@example.com,Male,0,No,9,91.64,949.92,Month-to-month,Credit card,1
14896,730510-2381530,user_4895@example.com,Female,0,Yes,1,28.55,29.77,One year,Electronic check,0
14897,730711-4899984,user_4896@example.com,Male,0,No,3,90.46,223.25,Month-to-month,Credit card,1
14898,901224-2849299,user_4897@example.com,Female,0,Yes,7,86.65,574.87,Month-to-month,Electronic check,1
14899,890126-1528240,user_4898@example.com,Female,0,Yes,1,101.8,,Month-to-month,Mailed check,1
14900,880415-4756209,user_4899@example.com,Female,0,Yes,48,22.67,1168.51,Month-to-month,Mailed check,1
14901,800916-4106210,user_4900@example.com,Male,1,Yes,0,20.82,,Month-to-month,Mailed check,0
14902,960217-2417112,user_4901@example.com,Male,0,No,13,55.89,675.79,Two year,Electronic check,0
14903,740815-4397073,user_4902@example.com,Male,0,No,2,33.42,55.45,Month-to-month,Mailed check,0
14904,740815-2146015,user_4903@example.com,Male,1,No,7,74.48,526.14,Month-to-month,Electronic check,0
14905,771103-1968913,user_4904@example.com,Female,0,Yes,52,110.46,5695.9,Month-to-month,Credit card,1
14906,971112-3322822,user_4905@example.com,Female,0,No,3,57.75,85.49,Month-to-month,Bank transfer,1
14907,700821-2342386,user_4906@example.com,Female,0,Yes,67,103.21,6904.55,Month-to-month,Mailed check,1
14908,820418-2297284,user_4907@example.com,Female,0,No,4,18.52,,Month-to-month,Electronic check,1
14909,920901-2654495,user_4908@example.com,Female,0,No,27,35.39,936.11,One year,Electronic check,0
14910,980606-1478897,user_4909@example.com,Male,0,Yes,15,21.55,334.39,Two year,Credit card,0
14911,960806-1173744,user_4910@example.com,Male,0,No,43,51.4,2281.68,One year,Credit card,0
14912,951027-2101497,user_4911@example.com,Male,0,Yes,16,109.55,1737.65,Month-to-month,Bank transfer,0
14913,920227-4327478,user_4912@example.com,Female,0,No,15,28.22,431.82,Two year,Credit card,0
14914,821115-2335658,user_4913@example.com,Female,1,Yes,4,79.29,353.5,Month-to-month,Bank transfer,1
14915,770602-1802308,user_4914@example.com,Male,0,Yes,3,63.76,218.99,Month-to-month,Bank transfer,1
14916,801012-2425352,user_4915@example.com,Female,0,No,49,112.58,5485.7,Month-to-month,Credit card,0
14917,710725-4204451,user_4916@example.com,Male,0,No,7,30.78,220.28,Month-to-month,Bank transfer,1
14918,950506-4500472,user_4917@example.com,Female,1,Yes,9,39.76,385.22,Two year,Mailed check,0
14919,910302-2958717,user_4918@example.com,Male,0,Yes,28,21.46,544.46,Month-to-month,Bank transfer,0
14920,940304-3117686,user_4919@example.com,Male,0,Yes,8,62.0,559.18,One year,Electronic check,1
14921,731214-2901093,user_4920@example.com,Male,0,No,60,46.35,,Month-to-month,Electronic check,0
14922,780507-1297632,user_4921@example.com,Female,0,No,26,105.71,2712.32,One year,Electronic check,0
14923,930220-2684054,user_4922@example.com,Male,0,No,18,79.15,1434.38,One year,Credit card,1
14924,970604-4916237,user_4923@example.com,Male,0,Yes,42,80.06,3394.63,Month-to-month,Electronic check,0
14925,981207-3393780,user_4924@example.com,Male,0,Yes,1,71.82,44.54,One year,Credit card,1
14926,831115-3657898,user_4925@example.com,Female,0,Yes,5,27.71,162.63,One year,Electronic check,0
14927,910423-1681398,user_4926@example.com,Male,0,No,12,63.11,765.48,One year,Bank transfer,1
14928,921102-4511027,user_4927@example.com,Female,1,No,5,118.7,520.1,One year,Credit card,0
14929,841004-1782678,user_4928@example.com,Male,0,Yes,27,102.23,2783.17,One year,Electronic check,0
14930,771117-3328170,user_4929@example.com,Female,0,Yes,50,108.07,5348.49,Month-to-month,Bank transfer,0
14931,911001-2408221,user_4930@example.com,Female,0,Yes,11,101.03,1158.29,One year,Credit card,0
14932,770513-3821175,user_4931@example.com,Male,0,No,8,28.83,197.08,Month-to-month,Bank transfer,1
14933,921112-2379211,user_4932@example.com,Male,0,No,65,41.3,2676.44,Month-to-month,Bank transfer,1
14934,951201-2723098,user_4933@example.com,Female,0,No,11,18.81,275.52,Two year,Bank transfer,0
14935,801112-1692627,user_4934@example.com,Female,0,No,13,48.93,660.91,Month-to-month,Credit card,1
14936,890806-1858813,user_4935@example.com,Female,0,No,8,29.39,181.15,Month-to-month,Credit card,0
14937,921210-3920169,user_4936@example.com,Male,0,Yes,48,65.9,3112.45,Month-to-month,Mailed check,1
14938,870624-4557683,user_4937@example.com,Male,0,Yes,16,86.38,1352.11,Month-to-month,Mailed check,0
14939,920916-4575521,user_4938@example.com,Female,0,Yes,28,106.17,2992.49,Month-to-month,Mailed check,0
14940,981124-3216227,user_4939@example.com,Male,0,No,33,93.61,3107.04,Two year,Mailed check,0
14941,720804-3376304,user_4940@example.com,Male,1,No,8,112.59,858.56,Month-to-month,Credit card,0
14942,780901-4164577,user_4941@example.com,Male,0,No,11,23.9,204.54,One year,Mailed check,0
14943,920122-2111467,user_4942@example.com,Female,0,No,37,19.72,743.72,Month-to-month,Electronic check,0
14944,961110-2153325,user_4943@example.com,Male,0,Yes,9,84.8,754.11,One year,Mailed check,0
14945,771122-1743790,user_4944@example.com,Male,0,No,31,47.51,1580.67,Two year,Electronic check,0
14946,960125-3763326,user_4945@example.com,Female,0,Yes,56,43.91,2460.79,Month-to-month,Electronic check,0
14947,871208-2366672,user_4946@example.com,Female,0,No,19,51.67,1072.44,Two year,Bank transfer,0
14948,700207-2613912,user_4947@example.com,Female,0,Yes,27,45.55,1171.33,Two year,Bank transfer,0
14949,910428-1429901,user_4948@example.com,Male,0,No,32,69.77,2153.98,One year,Bank transfer,1
14950,890309-2808024,user_4949@example.com,Male,1,Yes,37,62.62,2260.94,Month-to-month,Mailed check,0
14951,850320-1463090,user_4950@example.com,Male,0,No,10,69.87,758.16,One year,Credit card,0
14952,751215-1409125,user_4951@example.com,Female,0,Yes,1,85.94,173.75,Two year,Electronic check,0
14953,741119-2478617,user_4952@example.com,Female,1,Yes,10,57.31,533.99,Month-to-month,Credit card,0
14954,820920-2594619,user_4953@example.com,Male,0,Yes,22,43.69,938.15,Month-to-month,Credit card,0
14955,910921-3697755,user_4954@example.com,Male,1,No,11,35.16,328.31,Month-to-month,Mailed check,0
14956,901209-2610274,user_4955@example.com,Male,0,Yes,27,53.53,1354.73,Month-to-month,Credit card,0
14957,740228-2323897,user_4956@example.com,Female,0,Yes,8,92.87,778.88,Two year,Credit card,1
14958,880505-2417263,user_4957@example.com,Female,0,Yes,20,94.36,1898.35,Month-to-month,Bank transfer,1
14959,930920-2601888,user_4958@example.com,Male,0,No,4,85.36,341.96,Month-to-month,Bank transfer,0
14960,900405-3954989,user_4959@example.com,Female,0,No,27,41.96,1062.92,One year,Electronic check,0
14961,940827-3328134,user_4960@example.com,Female,0,No,15,77.46,1243.9,Month-to-month,Electronic check,0
14962,820406-4418539,user_4961@example.com,Male,0,No,4,75.71,277.67,Month-to-month,Bank transfer,1
14963,740517-2328111,user_4962@example.com,Male,1,No,6,67.05,428.98,Month-to-month,Mailed check,1
14964,930514-2471484,user_4963@example.com,Male,0,No,27,73.64,1915.55,Month-to-month,Mailed check,0
14965,970621-1192868,user_4964@example.com,Male,0,Yes,13,67.8,871.87,Month-to-month,Electronic check,0
14966,710418-4433997,user_4965@example.com,Male,1,No,4,75.19,315.33,Month-to-month,Bank transfer,1
14967,820709-4871076,user_4966@example.com,Male,0,No,68,90.23,6151.99,Month-to-month,Mailed check,0
14968,840925-2882362,user_4967@example.com,Male,0,No,25,29.49,744.98,Two year,Credit card,1
14969,830119-2382720,user_4968@example.com,Male,0,No,62,93.65,5831.03,Two year,Electronic check,1
14970,750804-4787082,user_4969@example.com,Female,0,No,11,32.12,,Month-to-month,Electronic check,1
14971,731110-1514376,user_4970@example.com,Male,1,Yes,12,25.18,,One year,Credit card,0
14972,790814-1130434,user_4971@example.com,Female,0,No,45,116.35,5241.44,Two year,Credit card,0
14973,830316-2773091,user_4972@example.com,Male,0,Yes,14,114.44,1613.74,Month-to-month,Electronic check,1
14974,890204-2801258,user_4973@example.com,Female,1,No,24,24.56,593.06,Two year,Credit card,1
14975,841123-1920950,user_4974@example.com,Male,0,Yes,5,62.94,251.04,Two year,Mailed check,0
14976,750228-2909088,user_4975@example.com,Female,0,No,11,37.17,342.98,Month-to-month,Electronic check,0
14977,820113-1850756,user_4976@example.com,Male,0,No,2,67.16,23.61,Month-to-month,Mailed check,1
14978,920116-1163185,user_4977@example.com,Male,0,No,4,101.73,447.8,Month-to-month,Electronic check,1
14979,790107-3617682,user_4978@example.com,Female,0,No,0,113.8,,Month-to-month,Mailed check,1
14980,960921-1834436,user_4979@example.com,Female,0,Yes,0,82.08,,Two year,Bank transfer,1
14981,941013-1616724,user_4980@example.com,Female,0,Yes,72,53.98,3901.9,Two year,Mailed check,0
14982,950625-3869296,user_4981@example.com,Male,0,Yes,5,78.98,288.24,Month-to-month,Credit card,0
14983,811111-4705528,user_4982@example.com,Female,0,No,21,49.78,994.04,One year,Bank transfer,0
14984,811122-1840091,user_4983@example.com,Female,0,No,36,109.71,3958.08,One year,Electronic check,0
14985,771222-2728136,user_4984@example.com,Male,0,No,15,105.76,1593.18,Month-to-month,Mailed check,1
14986,940128-2506080,user_4985@example.com,Male,0,Yes,3,74.46,212.24,One year,Electronic check,0
14987,870314-1629057,user_4986@example.com,Male,0,No,26,51.06,1346.01,Two year,Bank transfer,0
14988,910415-1366377,user_4987@example.com,Male,0,Yes,18,47.91,862.96,Month-to-month,Credit card,1
14989,780203-2315657,user_4988@example.com,Female,0,No,26,21.85,574.14,Month-to-month,Credit card,0
14990,860217-2528440,user_4989@example.com,Male,0,No,29,100.29,2876.46,Month-to-month,Credit card,1
14991,720313-3589712,user_4990@example.com,Male,0,No,72,63.65,,Month-to-month,Electronic check,0
14992,940716-3654472,user_4991@example.com,Female,1,Yes,17,51.09,846.99,Month-to-month,Credit card,0
14993,930512-3942298,user_4992@example.com,Male,0,No,8,65.73,459.31,Month-to-month,Credit card,1
14994,780525-3854197,user_4993@example.com,Female,0,Yes,20,100.58,1973.05,Month-to-month,Electronic check,0
14995,820219-2181931,user_4994@example.com,Female,0,Yes,1,30.99,13.57,One year,Electronic check,0
14996,870526-4522234,user_4995@example.com,Female,0,No,45,104.48,4751.3,Month-to-month,Bank transfer,0
14997,890822-4279769,user_4996@example.com,Female,0,No,2,108.48,214.85,Month-to-month,Credit card,1
14998,710105-3110006,user_4997@example.com,Male,0,Yes,7,113.41,784.56,Two year,Bank transfer,0
14999,901204-1216298,user_4998@example.com,Male,0,Yes,33,58.35,1863.12,Two year,Mailed check,1
15000,790821-1864646,user_4999@example.com,Female,0,No,18,40.27,764.13,Month-to-month,Mailed check,0
